solid 
 facet normal -1.000000e+00  0.000000e+00  0.000000e+00
   outer loop
     vertex -6.000000e+01 -4.000000e+01  3.500000e+01
     vertex -6.000000e+01  4.000000e+01  0.000000e+00
     vertex -6.000000e+01 -4.000000e+01  0.000000e+00
   endloop
 endfacet
 facet normal -1.000000e+00  0.000000e+00  0.000000e+00
   outer loop
     vertex -6.000000e+01 -4.000000e+01  3.500000e+01
     vertex -6.000000e+01  4.000000e+01  3.500000e+01
     vertex -6.000000e+01  4.000000e+01  0.000000e+00
   endloop
 endfacet
 facet normal  0.000000e+00 -1.000000e+00 -0.000000e+00
   outer loop
     vertex  6.000000e+01 -4.000000e+01  3.500000e+01
     vertex -6.000000e+01 -4.000000e+01  0.000000e+00
     vertex  6.000000e+01 -4.000000e+01  0.000000e+00
   endloop
 endfacet
 facet normal -0.000000e+00 -1.000000e+00  0.000000e+00
   outer loop
     vertex  6.000000e+01 -4.000000e+01  3.500000e+01
     vertex -6.000000e+01 -4.000000e+01  3.500000e+01
     vertex -6.000000e+01 -4.000000e+01  0.000000e+00
   endloop
 endfacet
 facet normal  0.000000e+00  0.000000e+00  1.000000e+00
   outer loop
     vertex -5.800000e+01  3.800000e+01  3.500000e+01
     vertex -6.000000e+01  4.000000e+01  3.500000e+01
     vertex -6.000000e+01 -4.000000e+01  3.500000e+01
   endloop
 endfacet
 facet normal  0.000000e+00  0.000000e+00  1.000000e+00
   outer loop
     vertex -5.800000e+01  3.800000e+01  3.500000e+01
     vertex -6.000000e+01 -4.000000e+01  3.500000e+01
     vertex -5.800000e+01 -3.800000e+01  3.500000e+01
   endloop
 endfacet
 facet normal  0.000000e+00  0.000000e+00  1.000000e+00
   outer loop
     vertex  6.000000e+01 -4.000000e+01  3.500000e+01
     vertex  5.800000e+01 -3.800000e+01  3.500000e+01
     vertex -5.800000e+01 -3.800000e+01  3.500000e+01
   endloop
 endfacet
 facet normal  0.000000e+00  0.000000e+00  1.000000e+00
   outer loop
     vertex  6.000000e+01 -4.000000e+01  3.500000e+01
     vertex -5.800000e+01 -3.800000e+01  3.500000e+01
     vertex -6.000000e+01 -4.000000e+01  3.500000e+01
   endloop
 endfacet
 facet normal  0.000000e+00  0.000000e+00  1.000000e+00
   outer loop
     vertex  6.000000e+01  4.000000e+01  3.500000e+01
     vertex  5.800000e+01  3.800000e+01  3.500000e+01
     vertex  5.800000e+01 -3.800000e+01  3.500000e+01
   endloop
 endfacet
 facet normal  0.000000e+00  0.000000e+00  1.000000e+00
   outer loop
     vertex  6.000000e+01  4.000000e+01  3.500000e+01
     vertex  5.800000e+01 -3.800000e+01  3.500000e+01
     vertex  6.000000e+01 -4.000000e+01  3.500000e+01
   endloop
 endfacet
 facet normal  0.000000e+00  0.000000e+00  1.000000e+00
   outer loop
     vertex  6.000000e+01  4.000000e+01  3.500000e+01
     vertex -6.000000e+01  4.000000e+01  3.500000e+01
     vertex -5.800000e+01  3.800000e+01  3.500000e+01
   endloop
 endfacet
 facet normal  0.000000e+00  0.000000e+00  1.000000e+00
   outer loop
     vertex  6.000000e+01  4.000000e+01  3.500000e+01
     vertex -5.800000e+01  3.800000e+01  3.500000e+01
     vertex  5.800000e+01  3.800000e+01  3.500000e+01
   endloop
 endfacet
 facet normal  0.000000e+00  1.000000e+00  0.000000e+00
   outer loop
     vertex  6.000000e+01  4.000000e+01  3.500000e+01
     vertex  6.000000e+01  4.000000e+01  0.000000e+00
     vertex -6.000000e+01  4.000000e+01  0.000000e+00
   endloop
 endfacet
 facet normal  0.000000e+00  1.000000e+00  0.000000e+00
   outer loop
     vertex  6.000000e+01  4.000000e+01  3.500000e+01
     vertex -6.000000e+01  4.000000e+01  0.000000e+00
     vertex -6.000000e+01  4.000000e+01  3.500000e+01
   endloop
 endfacet
 facet normal  0.000000e+00 -0.000000e+00 -1.000000e+00
   outer loop
     vertex -5.124619e+01 -3.115629e+01  0.000000e+00
     vertex -5.118700e+01 -3.121697e+01  0.000000e+00
     vertex -6.000000e+01 -4.000000e+01  0.000000e+00
   endloop
 endfacet
 facet normal -0.000000e+00  0.000000e+00 -1.000000e+00
   outer loop
     vertex -5.112487e+01 -3.127463e+01  0.000000e+00
     vertex -6.000000e+01 -4.000000e+01  0.000000e+00
     vertex -5.118700e+01 -3.121697e+01  0.000000e+00
   endloop
 endfacet
 facet normal  0.000000e+00 -0.000000e+00 -1.000000e+00
   outer loop
     vertex -5.130228e+01 -3.109274e+01  0.000000e+00
     vertex -5.124619e+01 -3.115629e+01  0.000000e+00
     vertex -6.000000e+01 -4.000000e+01  0.000000e+00
   endloop
 endfacet
 facet normal -0.000000e+00  0.000000e+00 -1.000000e+00
   outer loop
     vertex -5.105993e+01 -3.132911e+01  0.000000e+00
     vertex -6.000000e+01 -4.000000e+01  0.000000e+00
     vertex -5.112487e+01 -3.127463e+01  0.000000e+00
   endloop
 endfacet
 facet normal  0.000000e+00 -0.000000e+00 -1.000000e+00
   outer loop
     vertex -5.135513e+01 -3.102647e+01  0.000000e+00
     vertex -5.130228e+01 -3.109274e+01  0.000000e+00
     vertex -6.000000e+01 -4.000000e+01  0.000000e+00
   endloop
 endfacet
 facet normal -0.000000e+00  0.000000e+00 -1.000000e+00
   outer loop
     vertex -5.099236e+01 -3.138029e+01  0.000000e+00
     vertex -6.000000e+01 -4.000000e+01  0.000000e+00
     vertex -5.105993e+01 -3.132911e+01  0.000000e+00
   endloop
 endfacet
 facet normal  0.000000e+00 -0.000000e+00 -1.000000e+00
   outer loop
     vertex -5.140461e+01 -3.095764e+01  0.000000e+00
     vertex -5.135513e+01 -3.102647e+01  0.000000e+00
     vertex -6.000000e+01 -4.000000e+01  0.000000e+00
   endloop
 endfacet
 facet normal -0.000000e+00  0.000000e+00 -1.000000e+00
   outer loop
     vertex -5.092233e+01 -3.142804e+01  0.000000e+00
     vertex -6.000000e+01 -4.000000e+01  0.000000e+00
     vertex -5.099236e+01 -3.138029e+01  0.000000e+00
   endloop
 endfacet
 facet normal  0.000000e+00 -0.000000e+00 -1.000000e+00
   outer loop
     vertex -5.145059e+01 -3.088644e+01  0.000000e+00
     vertex -5.140461e+01 -3.095764e+01  0.000000e+00
     vertex -6.000000e+01 -4.000000e+01  0.000000e+00
   endloop
 endfacet
 facet normal -0.000000e+00  0.000000e+00 -1.000000e+00
   outer loop
     vertex -5.085000e+01 -3.147224e+01  0.000000e+00
     vertex -6.000000e+01 -4.000000e+01  0.000000e+00
     vertex -5.092233e+01 -3.142804e+01  0.000000e+00
   endloop
 endfacet
 facet normal  0.000000e+00 -0.000000e+00 -1.000000e+00
   outer loop
     vertex -5.149298e+01 -3.081303e+01  0.000000e+00
     vertex -5.145059e+01 -3.088644e+01  0.000000e+00
     vertex -6.000000e+01 -4.000000e+01  0.000000e+00
   endloop
 endfacet
 facet normal -0.000000e+00  0.000000e+00 -1.000000e+00
   outer loop
     vertex -5.077556e+01 -3.151278e+01  0.000000e+00
     vertex -6.000000e+01 -4.000000e+01  0.000000e+00
     vertex -5.085000e+01 -3.147224e+01  0.000000e+00
   endloop
 endfacet
 facet normal  0.000000e+00 -0.000000e+00 -1.000000e+00
   outer loop
     vertex -5.153165e+01 -3.073760e+01  0.000000e+00
     vertex -5.149298e+01 -3.081303e+01  0.000000e+00
     vertex -6.000000e+01 -4.000000e+01  0.000000e+00
   endloop
 endfacet
 facet normal -0.000000e+00  0.000000e+00 -1.000000e+00
   outer loop
     vertex -5.069919e+01 -3.154956e+01  0.000000e+00
     vertex -6.000000e+01 -4.000000e+01  0.000000e+00
     vertex -5.077556e+01 -3.151278e+01  0.000000e+00
   endloop
 endfacet
 facet normal  0.000000e+00 -0.000000e+00 -1.000000e+00
   outer loop
     vertex -5.156651e+01 -3.066034e+01  0.000000e+00
     vertex -5.153165e+01 -3.073760e+01  0.000000e+00
     vertex -6.000000e+01 -4.000000e+01  0.000000e+00
   endloop
 endfacet
 facet normal -0.000000e+00  0.000000e+00 -1.000000e+00
   outer loop
     vertex -5.062108e+01 -3.158249e+01  0.000000e+00
     vertex -6.000000e+01 -4.000000e+01  0.000000e+00
     vertex -5.069919e+01 -3.154956e+01  0.000000e+00
   endloop
 endfacet
 facet normal  0.000000e+00 -0.000000e+00 -1.000000e+00
   outer loop
     vertex -5.159748e+01 -3.058143e+01  0.000000e+00
     vertex -5.156651e+01 -3.066034e+01  0.000000e+00
     vertex -6.000000e+01 -4.000000e+01  0.000000e+00
   endloop
 endfacet
 facet normal -0.000000e+00  0.000000e+00 -1.000000e+00
   outer loop
     vertex -5.054143e+01 -3.161148e+01  0.000000e+00
     vertex -6.000000e+01 -4.000000e+01  0.000000e+00
     vertex -5.062108e+01 -3.158249e+01  0.000000e+00
   endloop
 endfacet
 facet normal  0.000000e+00 -0.000000e+00 -1.000000e+00
   outer loop
     vertex -5.162447e+01 -3.050108e+01  0.000000e+00
     vertex -5.159748e+01 -3.058143e+01  0.000000e+00
     vertex -6.000000e+01 -4.000000e+01  0.000000e+00
   endloop
 endfacet
 facet normal -0.000000e+00  0.000000e+00 -1.000000e+00
   outer loop
     vertex -5.046043e+01 -3.163646e+01  0.000000e+00
     vertex -6.000000e+01 -4.000000e+01  0.000000e+00
     vertex -5.054143e+01 -3.161148e+01  0.000000e+00
   endloop
 endfacet
 facet normal  0.000000e+00 -0.000000e+00 -1.000000e+00
   outer loop
     vertex -5.164743e+01 -3.041949e+01  0.000000e+00
     vertex -5.162447e+01 -3.050108e+01  0.000000e+00
     vertex -6.000000e+01 -4.000000e+01  0.000000e+00
   endloop
 endfacet
 facet normal -0.000000e+00  0.000000e+00 -1.000000e+00
   outer loop
     vertex -5.037829e+01 -3.165738e+01  0.000000e+00
     vertex -6.000000e+01 -4.000000e+01  0.000000e+00
     vertex -5.046043e+01 -3.163646e+01  0.000000e+00
   endloop
 endfacet
 facet normal  0.000000e+00 -0.000000e+00 -1.000000e+00
   outer loop
     vertex -5.166629e+01 -3.033685e+01  0.000000e+00
     vertex -5.164743e+01 -3.041949e+01  0.000000e+00
     vertex -6.000000e+01 -4.000000e+01  0.000000e+00
   endloop
 endfacet
 facet normal -0.000000e+00  0.000000e+00 -1.000000e+00
   outer loop
     vertex -5.029520e+01 -3.167417e+01  0.000000e+00
     vertex -6.000000e+01 -4.000000e+01  0.000000e+00
     vertex -5.037829e+01 -3.165738e+01  0.000000e+00
   endloop
 endfacet
 facet normal  0.000000e+00 -0.000000e+00 -1.000000e+00
   outer loop
     vertex -5.168101e+01 -3.025337e+01  0.000000e+00
     vertex -5.166629e+01 -3.033685e+01  0.000000e+00
     vertex -6.000000e+01 -4.000000e+01  0.000000e+00
   endloop
 endfacet
 facet normal -0.000000e+00  0.000000e+00 -1.000000e+00
   outer loop
     vertex -5.021138e+01 -3.168681e+01  0.000000e+00
     vertex -6.000000e+01 -4.000000e+01  0.000000e+00
     vertex -5.029520e+01 -3.167417e+01  0.000000e+00
   endloop
 endfacet
 facet normal  0.000000e+00 -0.000000e+00 -1.000000e+00
   outer loop
     vertex -5.169155e+01 -3.016927e+01  0.000000e+00
     vertex -5.168101e+01 -3.025337e+01  0.000000e+00
     vertex -6.000000e+01 -4.000000e+01  0.000000e+00
   endloop
 endfacet
 facet normal -0.000000e+00  0.000000e+00 -1.000000e+00
   outer loop
     vertex -5.012704e+01 -3.169525e+01  0.000000e+00
     vertex -6.000000e+01 -4.000000e+01  0.000000e+00
     vertex -5.021138e+01 -3.168681e+01  0.000000e+00
   endloop
 endfacet
 facet normal  0.000000e+00 -0.000000e+00 -1.000000e+00
   outer loop
     vertex -5.169789e+01 -3.008474e+01  0.000000e+00
     vertex -5.169155e+01 -3.016927e+01  0.000000e+00
     vertex -6.000000e+01 -4.000000e+01  0.000000e+00
   endloop
 endfacet
 facet normal -0.000000e+00  0.000000e+00 -1.000000e+00
   outer loop
     vertex -5.004238e+01 -3.169947e+01  0.000000e+00
     vertex -6.000000e+01 -4.000000e+01  0.000000e+00
     vertex -5.012704e+01 -3.169525e+01  0.000000e+00
   endloop
 endfacet
 facet normal  0.000000e+00 -0.000000e+00 -1.000000e+00
   outer loop
     vertex -5.170000e+01 -3.000000e+01  0.000000e+00
     vertex -5.169789e+01 -3.008474e+01  0.000000e+00
     vertex -6.000000e+01 -4.000000e+01  0.000000e+00
   endloop
 endfacet
 facet normal -0.000000e+00  0.000000e+00 -1.000000e+00
   outer loop
     vertex -4.995762e+01 -3.169947e+01  0.000000e+00
     vertex -6.000000e+01 -4.000000e+01  0.000000e+00
     vertex -5.004238e+01 -3.169947e+01  0.000000e+00
   endloop
 endfacet
 facet normal  0.000000e+00  0.000000e+00 -1.000000e+00
   outer loop
     vertex -5.169789e+01 -2.991526e+01  0.000000e+00
     vertex -5.170000e+01 -3.000000e+01  0.000000e+00
     vertex -6.000000e+01 -4.000000e+01  0.000000e+00
   endloop
 endfacet
 facet normal  0.000000e+00  0.000000e+00 -1.000000e+00
   outer loop
     vertex -4.987296e+01 -3.169525e+01  0.000000e+00
     vertex -6.000000e+01 -4.000000e+01  0.000000e+00
     vertex -4.995762e+01 -3.169947e+01  0.000000e+00
   endloop
 endfacet
 facet normal  0.000000e+00  0.000000e+00 -1.000000e+00
   outer loop
     vertex -5.169155e+01 -2.983073e+01  0.000000e+00
     vertex -5.169789e+01 -2.991526e+01  0.000000e+00
     vertex -6.000000e+01 -4.000000e+01  0.000000e+00
   endloop
 endfacet
 facet normal  0.000000e+00  0.000000e+00 -1.000000e+00
   outer loop
     vertex -4.978862e+01 -3.168681e+01  0.000000e+00
     vertex -6.000000e+01 -4.000000e+01  0.000000e+00
     vertex -4.987296e+01 -3.169525e+01  0.000000e+00
   endloop
 endfacet
 facet normal  0.000000e+00  0.000000e+00 -1.000000e+00
   outer loop
     vertex -5.168101e+01 -2.974663e+01  0.000000e+00
     vertex -5.169155e+01 -2.983073e+01  0.000000e+00
     vertex -6.000000e+01 -4.000000e+01  0.000000e+00
   endloop
 endfacet
 facet normal  0.000000e+00  0.000000e+00 -1.000000e+00
   outer loop
     vertex -4.970480e+01 -3.167417e+01  0.000000e+00
     vertex -6.000000e+01 -4.000000e+01  0.000000e+00
     vertex -4.978862e+01 -3.168681e+01  0.000000e+00
   endloop
 endfacet
 facet normal  0.000000e+00  0.000000e+00 -1.000000e+00
   outer loop
     vertex -5.166629e+01 -2.966315e+01  0.000000e+00
     vertex -5.168101e+01 -2.974663e+01  0.000000e+00
     vertex -6.000000e+01 -4.000000e+01  0.000000e+00
   endloop
 endfacet
 facet normal  0.000000e+00  0.000000e+00 -1.000000e+00
   outer loop
     vertex -4.962171e+01 -3.165738e+01  0.000000e+00
     vertex -6.000000e+01 -4.000000e+01  0.000000e+00
     vertex -4.970480e+01 -3.167417e+01  0.000000e+00
   endloop
 endfacet
 facet normal  0.000000e+00  0.000000e+00 -1.000000e+00
   outer loop
     vertex -5.164743e+01 -2.958051e+01  0.000000e+00
     vertex -5.166629e+01 -2.966315e+01  0.000000e+00
     vertex -6.000000e+01 -4.000000e+01  0.000000e+00
   endloop
 endfacet
 facet normal  0.000000e+00  0.000000e+00 -1.000000e+00
   outer loop
     vertex -4.953957e+01 -3.163646e+01  0.000000e+00
     vertex -6.000000e+01 -4.000000e+01  0.000000e+00
     vertex -4.962171e+01 -3.165738e+01  0.000000e+00
   endloop
 endfacet
 facet normal  0.000000e+00  0.000000e+00 -1.000000e+00
   outer loop
     vertex -5.162447e+01 -2.949892e+01  0.000000e+00
     vertex -5.164743e+01 -2.958051e+01  0.000000e+00
     vertex -6.000000e+01 -4.000000e+01  0.000000e+00
   endloop
 endfacet
 facet normal  0.000000e+00  0.000000e+00 -1.000000e+00
   outer loop
     vertex -4.945857e+01 -3.161148e+01  0.000000e+00
     vertex -6.000000e+01 -4.000000e+01  0.000000e+00
     vertex -4.953957e+01 -3.163646e+01  0.000000e+00
   endloop
 endfacet
 facet normal  0.000000e+00  0.000000e+00 -1.000000e+00
   outer loop
     vertex -5.159748e+01 -2.941857e+01  0.000000e+00
     vertex -5.162447e+01 -2.949892e+01  0.000000e+00
     vertex -6.000000e+01 -4.000000e+01  0.000000e+00
   endloop
 endfacet
 facet normal  0.000000e+00  0.000000e+00 -1.000000e+00
   outer loop
     vertex -4.937892e+01 -3.158249e+01  0.000000e+00
     vertex -6.000000e+01 -4.000000e+01  0.000000e+00
     vertex -4.945857e+01 -3.161148e+01  0.000000e+00
   endloop
 endfacet
 facet normal  0.000000e+00  0.000000e+00 -1.000000e+00
   outer loop
     vertex -5.156651e+01 -2.933966e+01  0.000000e+00
     vertex -5.159748e+01 -2.941857e+01  0.000000e+00
     vertex -6.000000e+01 -4.000000e+01  0.000000e+00
   endloop
 endfacet
 facet normal  0.000000e+00  0.000000e+00 -1.000000e+00
   outer loop
     vertex -4.930081e+01 -3.154956e+01  0.000000e+00
     vertex -6.000000e+01 -4.000000e+01  0.000000e+00
     vertex -4.937892e+01 -3.158249e+01  0.000000e+00
   endloop
 endfacet
 facet normal  0.000000e+00  0.000000e+00 -1.000000e+00
   outer loop
     vertex -5.153165e+01 -2.926240e+01  0.000000e+00
     vertex -5.156651e+01 -2.933966e+01  0.000000e+00
     vertex -6.000000e+01 -4.000000e+01  0.000000e+00
   endloop
 endfacet
 facet normal  0.000000e+00  0.000000e+00 -1.000000e+00
   outer loop
     vertex -4.922444e+01 -3.151278e+01  0.000000e+00
     vertex -6.000000e+01 -4.000000e+01  0.000000e+00
     vertex -4.930081e+01 -3.154956e+01  0.000000e+00
   endloop
 endfacet
 facet normal  0.000000e+00  0.000000e+00 -1.000000e+00
   outer loop
     vertex -5.149298e+01 -2.918697e+01  0.000000e+00
     vertex -5.153165e+01 -2.926240e+01  0.000000e+00
     vertex -6.000000e+01 -4.000000e+01  0.000000e+00
   endloop
 endfacet
 facet normal  0.000000e+00  0.000000e+00 -1.000000e+00
   outer loop
     vertex -4.915000e+01 -3.147224e+01  0.000000e+00
     vertex -6.000000e+01 -4.000000e+01  0.000000e+00
     vertex -4.922444e+01 -3.151278e+01  0.000000e+00
   endloop
 endfacet
 facet normal  0.000000e+00  0.000000e+00 -1.000000e+00
   outer loop
     vertex -5.145059e+01 -2.911356e+01  0.000000e+00
     vertex -5.149298e+01 -2.918697e+01  0.000000e+00
     vertex -6.000000e+01 -4.000000e+01  0.000000e+00
   endloop
 endfacet
 facet normal  0.000000e+00  0.000000e+00 -1.000000e+00
   outer loop
     vertex -4.907767e+01 -3.142804e+01  0.000000e+00
     vertex -6.000000e+01 -4.000000e+01  0.000000e+00
     vertex -4.915000e+01 -3.147224e+01  0.000000e+00
   endloop
 endfacet
 facet normal  0.000000e+00  0.000000e+00 -1.000000e+00
   outer loop
     vertex -5.124619e+01  2.884371e+01  0.000000e+00
     vertex -5.118700e+01  2.878303e+01  0.000000e+00
     vertex -5.118700e+01 -2.878303e+01  0.000000e+00
   endloop
 endfacet
 facet normal  0.000000e+00  0.000000e+00 -1.000000e+00
   outer loop
     vertex -5.124619e+01  2.884371e+01  0.000000e+00
     vertex -5.118700e+01 -2.878303e+01  0.000000e+00
     vertex -5.124619e+01 -2.884371e+01  0.000000e+00
   endloop
 endfacet
 facet normal -0.000000e+00  0.000000e+00 -1.000000e+00
   outer loop
     vertex -5.112487e+01  2.872537e+01  0.000000e+00
     vertex -5.118700e+01 -2.878303e+01  0.000000e+00
     vertex -5.118700e+01  2.878303e+01  0.000000e+00
   endloop
 endfacet
 facet normal  0.000000e+00 -0.000000e+00 -1.000000e+00
   outer loop
     vertex -5.112487e+01  2.872537e+01  0.000000e+00
     vertex -5.112487e+01 -2.872537e+01  0.000000e+00
     vertex -5.118700e+01 -2.878303e+01  0.000000e+00
   endloop
 endfacet
 facet normal  0.000000e+00  0.000000e+00 -1.000000e+00
   outer loop
     vertex -5.130228e+01  2.890726e+01  0.000000e+00
     vertex -5.124619e+01  2.884371e+01  0.000000e+00
     vertex -5.124619e+01 -2.884371e+01  0.000000e+00
   endloop
 endfacet
 facet normal  0.000000e+00  0.000000e+00 -1.000000e+00
   outer loop
     vertex -5.130228e+01  2.890726e+01  0.000000e+00
     vertex -5.124619e+01 -2.884371e+01  0.000000e+00
     vertex -5.130228e+01 -2.890726e+01  0.000000e+00
   endloop
 endfacet
 facet normal -0.000000e+00  0.000000e+00 -1.000000e+00
   outer loop
     vertex -5.105993e+01  2.867089e+01  0.000000e+00
     vertex -5.112487e+01 -2.872537e+01  0.000000e+00
     vertex -5.112487e+01  2.872537e+01  0.000000e+00
   endloop
 endfacet
 facet normal  0.000000e+00 -0.000000e+00 -1.000000e+00
   outer loop
     vertex -5.105993e+01  2.867089e+01  0.000000e+00
     vertex -5.105993e+01 -2.867089e+01  0.000000e+00
     vertex -5.112487e+01 -2.872537e+01  0.000000e+00
   endloop
 endfacet
 facet normal  0.000000e+00  0.000000e+00 -1.000000e+00
   outer loop
     vertex -5.135513e+01  2.897353e+01  0.000000e+00
     vertex -5.130228e+01  2.890726e+01  0.000000e+00
     vertex -5.130228e+01 -2.890726e+01  0.000000e+00
   endloop
 endfacet
 facet normal  0.000000e+00  0.000000e+00 -1.000000e+00
   outer loop
     vertex -5.135513e+01  2.897353e+01  0.000000e+00
     vertex -5.130228e+01 -2.890726e+01  0.000000e+00
     vertex -5.135513e+01 -2.897353e+01  0.000000e+00
   endloop
 endfacet
 facet normal -0.000000e+00  0.000000e+00 -1.000000e+00
   outer loop
     vertex -5.099236e+01  2.861971e+01  0.000000e+00
     vertex -5.105993e+01 -2.867089e+01  0.000000e+00
     vertex -5.105993e+01  2.867089e+01  0.000000e+00
   endloop
 endfacet
 facet normal  0.000000e+00 -0.000000e+00 -1.000000e+00
   outer loop
     vertex -5.099236e+01  2.861971e+01  0.000000e+00
     vertex -5.099236e+01 -2.861971e+01  0.000000e+00
     vertex -5.105993e+01 -2.867089e+01  0.000000e+00
   endloop
 endfacet
 facet normal  0.000000e+00  0.000000e+00 -1.000000e+00
   outer loop
     vertex -5.140461e+01  2.904236e+01  0.000000e+00
     vertex -5.135513e+01  2.897353e+01  0.000000e+00
     vertex -5.135513e+01 -2.897353e+01  0.000000e+00
   endloop
 endfacet
 facet normal  0.000000e+00  0.000000e+00 -1.000000e+00
   outer loop
     vertex -5.140461e+01  2.904236e+01  0.000000e+00
     vertex -5.135513e+01 -2.897353e+01  0.000000e+00
     vertex -5.140461e+01 -2.904236e+01  0.000000e+00
   endloop
 endfacet
 facet normal -0.000000e+00  0.000000e+00 -1.000000e+00
   outer loop
     vertex -5.092233e+01  2.857196e+01  0.000000e+00
     vertex -5.099236e+01 -2.861971e+01  0.000000e+00
     vertex -5.099236e+01  2.861971e+01  0.000000e+00
   endloop
 endfacet
 facet normal  0.000000e+00 -0.000000e+00 -1.000000e+00
   outer loop
     vertex -5.092233e+01  2.857196e+01  0.000000e+00
     vertex -5.092233e+01 -2.857196e+01  0.000000e+00
     vertex -5.099236e+01 -2.861971e+01  0.000000e+00
   endloop
 endfacet
 facet normal  0.000000e+00  0.000000e+00 -1.000000e+00
   outer loop
     vertex -5.092233e+01  2.857196e+01  0.000000e+00
     vertex -5.085000e+01 -2.852776e+01  0.000000e+00
     vertex -5.092233e+01 -2.857196e+01  0.000000e+00
   endloop
 endfacet
 facet normal  0.000000e+00 -0.000000e+00 -1.000000e+00
   outer loop
     vertex -5.145059e+01  2.911356e+01  0.000000e+00
     vertex -5.145059e+01 -2.911356e+01  0.000000e+00
     vertex -6.000000e+01 -4.000000e+01  0.000000e+00
   endloop
 endfacet
 facet normal  0.000000e+00  0.000000e+00 -1.000000e+00
   outer loop
     vertex -5.145059e+01  2.911356e+01  0.000000e+00
     vertex -5.140461e+01  2.904236e+01  0.000000e+00
     vertex -5.140461e+01 -2.904236e+01  0.000000e+00
   endloop
 endfacet
 facet normal  0.000000e+00  0.000000e+00 -1.000000e+00
   outer loop
     vertex -5.145059e+01  2.911356e+01  0.000000e+00
     vertex -5.140461e+01 -2.904236e+01  0.000000e+00
     vertex -5.145059e+01 -2.911356e+01  0.000000e+00
   endloop
 endfacet
 facet normal -0.000000e+00 -0.000000e+00 -1.000000e+00
   outer loop
     vertex -5.085000e+01  2.852776e+01  0.000000e+00
     vertex -5.085000e+01 -2.852776e+01  0.000000e+00
     vertex -5.092233e+01  2.857196e+01  0.000000e+00
   endloop
 endfacet
 facet normal -0.000000e+00  0.000000e+00 -1.000000e+00
   outer loop
     vertex -5.077556e+01  2.848722e+01  0.000000e+00
     vertex -5.085000e+01 -2.852776e+01  0.000000e+00
     vertex -5.085000e+01  2.852776e+01  0.000000e+00
   endloop
 endfacet
 facet normal  0.000000e+00 -0.000000e+00 -1.000000e+00
   outer loop
     vertex -5.077556e+01  2.848722e+01  0.000000e+00
     vertex -5.077556e+01 -2.848722e+01  0.000000e+00
     vertex -5.085000e+01 -2.852776e+01  0.000000e+00
   endloop
 endfacet
 facet normal  0.000000e+00  0.000000e+00 -1.000000e+00
   outer loop
     vertex -5.077556e+01  2.848722e+01  0.000000e+00
     vertex -5.069919e+01 -2.845044e+01  0.000000e+00
     vertex -5.077556e+01 -2.848722e+01  0.000000e+00
   endloop
 endfacet
 facet normal -0.000000e+00 -0.000000e+00 -1.000000e+00
   outer loop
     vertex -5.069919e+01  2.845044e+01  0.000000e+00
     vertex -5.069919e+01 -2.845044e+01  0.000000e+00
     vertex -5.077556e+01  2.848722e+01  0.000000e+00
   endloop
 endfacet
 facet normal -0.000000e+00  0.000000e+00 -1.000000e+00
   outer loop
     vertex -5.062108e+01  2.841751e+01  0.000000e+00
     vertex -5.069919e+01 -2.845044e+01  0.000000e+00
     vertex -5.069919e+01  2.845044e+01  0.000000e+00
   endloop
 endfacet
 facet normal  0.000000e+00 -0.000000e+00 -1.000000e+00
   outer loop
     vertex -5.062108e+01  2.841751e+01  0.000000e+00
     vertex -5.062108e+01 -2.841751e+01  0.000000e+00
     vertex -5.069919e+01 -2.845044e+01  0.000000e+00
   endloop
 endfacet
 facet normal -0.000000e+00  0.000000e+00 -1.000000e+00
   outer loop
     vertex -5.054143e+01  2.838852e+01  0.000000e+00
     vertex -5.062108e+01 -2.841751e+01  0.000000e+00
     vertex -5.062108e+01  2.841751e+01  0.000000e+00
   endloop
 endfacet
 facet normal  0.000000e+00 -0.000000e+00 -1.000000e+00
   outer loop
     vertex -5.054143e+01  2.838852e+01  0.000000e+00
     vertex -5.054143e+01 -2.838852e+01  0.000000e+00
     vertex -5.062108e+01 -2.841751e+01  0.000000e+00
   endloop
 endfacet
 facet normal  0.000000e+00 -0.000000e+00 -1.000000e+00
   outer loop
     vertex -5.046043e+01  2.836354e+01  0.000000e+00
     vertex -5.046043e+01 -2.836354e+01  0.000000e+00
     vertex -5.054143e+01 -2.838852e+01  0.000000e+00
   endloop
 endfacet
 facet normal -0.000000e+00  0.000000e+00 -1.000000e+00
   outer loop
     vertex -5.046043e+01  2.836354e+01  0.000000e+00
     vertex -5.054143e+01 -2.838852e+01  0.000000e+00
     vertex -5.054143e+01  2.838852e+01  0.000000e+00
   endloop
 endfacet
 facet normal  0.000000e+00 -0.000000e+00 -1.000000e+00
   outer loop
     vertex -5.037829e+01  2.834262e+01  0.000000e+00
     vertex -5.037829e+01 -2.834262e+01  0.000000e+00
     vertex -5.046043e+01 -2.836354e+01  0.000000e+00
   endloop
 endfacet
 facet normal -0.000000e+00  0.000000e+00 -1.000000e+00
   outer loop
     vertex -5.037829e+01  2.834262e+01  0.000000e+00
     vertex -5.046043e+01 -2.836354e+01  0.000000e+00
     vertex -5.046043e+01  2.836354e+01  0.000000e+00
   endloop
 endfacet
 facet normal -0.000000e+00  0.000000e+00 -1.000000e+00
   outer loop
     vertex -5.029520e+01  2.832583e+01  0.000000e+00
     vertex -5.037829e+01 -2.834262e+01  0.000000e+00
     vertex -5.037829e+01  2.834262e+01  0.000000e+00
   endloop
 endfacet
 facet normal  0.000000e+00 -0.000000e+00 -1.000000e+00
   outer loop
     vertex -5.029520e+01  2.832583e+01  0.000000e+00
     vertex -5.029520e+01 -2.832583e+01  0.000000e+00
     vertex -5.037829e+01 -2.834262e+01  0.000000e+00
   endloop
 endfacet
 facet normal  0.000000e+00  0.000000e+00 -1.000000e+00
   outer loop
     vertex -5.029520e+01  2.832583e+01  0.000000e+00
     vertex -5.021138e+01 -2.831319e+01  0.000000e+00
     vertex -5.029520e+01 -2.832583e+01  0.000000e+00
   endloop
 endfacet
 facet normal -0.000000e+00 -0.000000e+00 -1.000000e+00
   outer loop
     vertex -5.021138e+01  2.831319e+01  0.000000e+00
     vertex -5.021138e+01 -2.831319e+01  0.000000e+00
     vertex -5.029520e+01  2.832583e+01  0.000000e+00
   endloop
 endfacet
 facet normal -0.000000e+00  0.000000e+00 -1.000000e+00
   outer loop
     vertex -5.012704e+01  2.830475e+01  0.000000e+00
     vertex -5.021138e+01 -2.831319e+01  0.000000e+00
     vertex -5.021138e+01  2.831319e+01  0.000000e+00
   endloop
 endfacet
 facet normal  0.000000e+00 -0.000000e+00 -1.000000e+00
   outer loop
     vertex -5.012704e+01  2.830475e+01  0.000000e+00
     vertex -5.012704e+01 -2.830475e+01  0.000000e+00
     vertex -5.021138e+01 -2.831319e+01  0.000000e+00
   endloop
 endfacet
 facet normal -0.000000e+00  0.000000e+00 -1.000000e+00
   outer loop
     vertex -5.004238e+01  2.830053e+01  0.000000e+00
     vertex -5.012704e+01 -2.830475e+01  0.000000e+00
     vertex -5.012704e+01  2.830475e+01  0.000000e+00
   endloop
 endfacet
 facet normal  0.000000e+00 -0.000000e+00 -1.000000e+00
   outer loop
     vertex -5.004238e+01  2.830053e+01  0.000000e+00
     vertex -5.004238e+01 -2.830053e+01  0.000000e+00
     vertex -5.012704e+01 -2.830475e+01  0.000000e+00
   endloop
 endfacet
 facet normal -0.000000e+00  0.000000e+00 -1.000000e+00
   outer loop
     vertex -4.995762e+01  2.830053e+01  0.000000e+00
     vertex -5.004238e+01 -2.830053e+01  0.000000e+00
     vertex -5.004238e+01  2.830053e+01  0.000000e+00
   endloop
 endfacet
 facet normal  0.000000e+00 -0.000000e+00 -1.000000e+00
   outer loop
     vertex -4.995762e+01  2.830053e+01  0.000000e+00
     vertex -4.995762e+01 -2.830053e+01  0.000000e+00
     vertex -5.004238e+01 -2.830053e+01  0.000000e+00
   endloop
 endfacet
 facet normal  0.000000e+00  0.000000e+00 -1.000000e+00
   outer loop
     vertex -4.987296e+01  2.830475e+01  0.000000e+00
     vertex -4.995762e+01 -2.830053e+01  0.000000e+00
     vertex -4.995762e+01  2.830053e+01  0.000000e+00
   endloop
 endfacet
 facet normal  0.000000e+00 -0.000000e+00 -1.000000e+00
   outer loop
     vertex -4.987296e+01  2.830475e+01  0.000000e+00
     vertex -4.987296e+01 -2.830475e+01  0.000000e+00
     vertex -4.995762e+01 -2.830053e+01  0.000000e+00
   endloop
 endfacet
 facet normal  0.000000e+00 -0.000000e+00 -1.000000e+00
   outer loop
     vertex -4.978862e+01  2.831319e+01  0.000000e+00
     vertex -4.978862e+01 -2.831319e+01  0.000000e+00
     vertex -4.987296e+01 -2.830475e+01  0.000000e+00
   endloop
 endfacet
 facet normal  0.000000e+00  0.000000e+00 -1.000000e+00
   outer loop
     vertex -4.978862e+01  2.831319e+01  0.000000e+00
     vertex -4.987296e+01 -2.830475e+01  0.000000e+00
     vertex -4.987296e+01  2.830475e+01  0.000000e+00
   endloop
 endfacet
 facet normal  0.000000e+00 -0.000000e+00 -1.000000e+00
   outer loop
     vertex -4.970480e+01  2.832583e+01  0.000000e+00
     vertex -4.970480e+01 -2.832583e+01  0.000000e+00
     vertex -4.978862e+01 -2.831319e+01  0.000000e+00
   endloop
 endfacet
 facet normal  0.000000e+00  0.000000e+00 -1.000000e+00
   outer loop
     vertex -4.970480e+01  2.832583e+01  0.000000e+00
     vertex -4.978862e+01 -2.831319e+01  0.000000e+00
     vertex -4.978862e+01  2.831319e+01  0.000000e+00
   endloop
 endfacet
 facet normal  0.000000e+00 -0.000000e+00 -1.000000e+00
   outer loop
     vertex -4.962171e+01  2.834262e+01  0.000000e+00
     vertex -4.962171e+01 -2.834262e+01  0.000000e+00
     vertex -4.970480e+01 -2.832583e+01  0.000000e+00
   endloop
 endfacet
 facet normal  0.000000e+00  0.000000e+00 -1.000000e+00
   outer loop
     vertex -4.962171e+01  2.834262e+01  0.000000e+00
     vertex -4.953957e+01 -2.836354e+01  0.000000e+00
     vertex -4.962171e+01 -2.834262e+01  0.000000e+00
   endloop
 endfacet
 facet normal  0.000000e+00  0.000000e+00 -1.000000e+00
   outer loop
     vertex -4.962171e+01  2.834262e+01  0.000000e+00
     vertex -4.970480e+01 -2.832583e+01  0.000000e+00
     vertex -4.970480e+01  2.832583e+01  0.000000e+00
   endloop
 endfacet
 facet normal  0.000000e+00 -0.000000e+00 -1.000000e+00
   outer loop
     vertex -4.953957e+01  2.836354e+01  0.000000e+00
     vertex -4.953957e+01 -2.836354e+01  0.000000e+00
     vertex -4.962171e+01  2.834262e+01  0.000000e+00
   endloop
 endfacet
 facet normal  0.000000e+00 -0.000000e+00 -1.000000e+00
   outer loop
     vertex -4.945857e+01  2.838852e+01  0.000000e+00
     vertex -4.945857e+01 -2.838852e+01  0.000000e+00
     vertex -4.953957e+01 -2.836354e+01  0.000000e+00
   endloop
 endfacet
 facet normal  0.000000e+00  0.000000e+00 -1.000000e+00
   outer loop
     vertex -4.945857e+01  2.838852e+01  0.000000e+00
     vertex -4.937892e+01 -2.841751e+01  0.000000e+00
     vertex -4.945857e+01 -2.838852e+01  0.000000e+00
   endloop
 endfacet
 facet normal  0.000000e+00  0.000000e+00 -1.000000e+00
   outer loop
     vertex -4.945857e+01  2.838852e+01  0.000000e+00
     vertex -4.953957e+01 -2.836354e+01  0.000000e+00
     vertex -4.953957e+01  2.836354e+01  0.000000e+00
   endloop
 endfacet
 facet normal  0.000000e+00 -0.000000e+00 -1.000000e+00
   outer loop
     vertex -4.937892e+01  2.841751e+01  0.000000e+00
     vertex -4.937892e+01 -2.841751e+01  0.000000e+00
     vertex -4.945857e+01  2.838852e+01  0.000000e+00
   endloop
 endfacet
 facet normal  0.000000e+00 -0.000000e+00 -1.000000e+00
   outer loop
     vertex -4.930081e+01  2.845044e+01  0.000000e+00
     vertex -4.930081e+01 -2.845044e+01  0.000000e+00
     vertex -4.937892e+01 -2.841751e+01  0.000000e+00
   endloop
 endfacet
 facet normal  0.000000e+00  0.000000e+00 -1.000000e+00
   outer loop
     vertex -4.930081e+01  2.845044e+01  0.000000e+00
     vertex -4.937892e+01 -2.841751e+01  0.000000e+00
     vertex -4.937892e+01  2.841751e+01  0.000000e+00
   endloop
 endfacet
 facet normal  0.000000e+00 -0.000000e+00 -1.000000e+00
   outer loop
     vertex -4.922444e+01  2.848722e+01  0.000000e+00
     vertex -4.922444e+01 -2.848722e+01  0.000000e+00
     vertex -4.930081e+01 -2.845044e+01  0.000000e+00
   endloop
 endfacet
 facet normal  0.000000e+00  0.000000e+00 -1.000000e+00
   outer loop
     vertex -4.922444e+01  2.848722e+01  0.000000e+00
     vertex -4.915000e+01 -2.852776e+01  0.000000e+00
     vertex -4.922444e+01 -2.848722e+01  0.000000e+00
   endloop
 endfacet
 facet normal  0.000000e+00  0.000000e+00 -1.000000e+00
   outer loop
     vertex -4.922444e+01  2.848722e+01  0.000000e+00
     vertex -4.930081e+01 -2.845044e+01  0.000000e+00
     vertex -4.930081e+01  2.845044e+01  0.000000e+00
   endloop
 endfacet
 facet normal  0.000000e+00 -0.000000e+00 -1.000000e+00
   outer loop
     vertex -4.915000e+01  2.852776e+01  0.000000e+00
     vertex -4.915000e+01 -2.852776e+01  0.000000e+00
     vertex -4.922444e+01  2.848722e+01  0.000000e+00
   endloop
 endfacet
 facet normal  0.000000e+00 -0.000000e+00 -1.000000e+00
   outer loop
     vertex -4.907767e+01  2.857196e+01  0.000000e+00
     vertex -4.907767e+01 -2.857196e+01  0.000000e+00
     vertex -4.915000e+01 -2.852776e+01  0.000000e+00
   endloop
 endfacet
 facet normal  0.000000e+00  0.000000e+00 -1.000000e+00
   outer loop
     vertex -4.907767e+01  2.857196e+01  0.000000e+00
     vertex -4.915000e+01 -2.852776e+01  0.000000e+00
     vertex -4.915000e+01  2.852776e+01  0.000000e+00
   endloop
 endfacet
 facet normal  0.000000e+00  0.000000e+00 -1.000000e+00
   outer loop
     vertex -4.900764e+01  2.861971e+01  0.000000e+00
     vertex -4.907767e+01 -2.857196e+01  0.000000e+00
     vertex -4.907767e+01  2.857196e+01  0.000000e+00
   endloop
 endfacet
 facet normal  0.000000e+00 -0.000000e+00 -1.000000e+00
   outer loop
     vertex -4.900764e+01  2.861971e+01  0.000000e+00
     vertex -4.900764e+01 -2.861971e+01  0.000000e+00
     vertex -4.907767e+01 -2.857196e+01  0.000000e+00
   endloop
 endfacet
 facet normal  0.000000e+00  0.000000e+00 -1.000000e+00
   outer loop
     vertex -4.900764e+01  2.861971e+01  0.000000e+00
     vertex -4.894007e+01 -2.867089e+01  0.000000e+00
     vertex -4.900764e+01 -2.861971e+01  0.000000e+00
   endloop
 endfacet
 facet normal  0.000000e+00 -0.000000e+00 -1.000000e+00
   outer loop
     vertex -4.894007e+01  2.867089e+01  0.000000e+00
     vertex -4.894007e+01 -2.867089e+01  0.000000e+00
     vertex -4.900764e+01  2.861971e+01  0.000000e+00
   endloop
 endfacet
 facet normal  0.000000e+00 -0.000000e+00 -1.000000e+00
   outer loop
     vertex -4.887513e+01  2.872537e+01  0.000000e+00
     vertex -4.887513e+01 -2.872537e+01  0.000000e+00
     vertex -4.894007e+01 -2.867089e+01  0.000000e+00
   endloop
 endfacet
 facet normal  0.000000e+00  0.000000e+00 -1.000000e+00
   outer loop
     vertex -4.887513e+01  2.872537e+01  0.000000e+00
     vertex -4.894007e+01 -2.867089e+01  0.000000e+00
     vertex -4.894007e+01  2.867089e+01  0.000000e+00
   endloop
 endfacet
 facet normal  0.000000e+00 -0.000000e+00 -1.000000e+00
   outer loop
     vertex -4.881300e+01  2.878303e+01  0.000000e+00
     vertex -4.881300e+01 -2.878303e+01  0.000000e+00
     vertex -4.887513e+01 -2.872537e+01  0.000000e+00
   endloop
 endfacet
 facet normal  0.000000e+00  0.000000e+00 -1.000000e+00
   outer loop
     vertex -4.881300e+01  2.878303e+01  0.000000e+00
     vertex -4.887513e+01 -2.872537e+01  0.000000e+00
     vertex -4.887513e+01  2.872537e+01  0.000000e+00
   endloop
 endfacet
 facet normal  0.000000e+00  0.000000e+00 -1.000000e+00
   outer loop
     vertex -6.000000e+01  4.000000e+01  0.000000e+00
     vertex -5.149298e+01  2.918697e+01  0.000000e+00
     vertex -5.145059e+01  2.911356e+01  0.000000e+00
   endloop
 endfacet
 facet normal  0.000000e+00  0.000000e+00 -1.000000e+00
   outer loop
     vertex -6.000000e+01  4.000000e+01  0.000000e+00
     vertex -5.153165e+01  2.926240e+01  0.000000e+00
     vertex -5.149298e+01  2.918697e+01  0.000000e+00
   endloop
 endfacet
 facet normal  0.000000e+00  0.000000e+00 -1.000000e+00
   outer loop
     vertex -6.000000e+01  4.000000e+01  0.000000e+00
     vertex -5.156651e+01  2.933966e+01  0.000000e+00
     vertex -5.153165e+01  2.926240e+01  0.000000e+00
   endloop
 endfacet
 facet normal  0.000000e+00  0.000000e+00 -1.000000e+00
   outer loop
     vertex -6.000000e+01  4.000000e+01  0.000000e+00
     vertex -5.159748e+01  2.941857e+01  0.000000e+00
     vertex -5.156651e+01  2.933966e+01  0.000000e+00
   endloop
 endfacet
 facet normal  0.000000e+00  0.000000e+00 -1.000000e+00
   outer loop
     vertex -6.000000e+01  4.000000e+01  0.000000e+00
     vertex -5.162447e+01  2.949892e+01  0.000000e+00
     vertex -5.159748e+01  2.941857e+01  0.000000e+00
   endloop
 endfacet
 facet normal  0.000000e+00  0.000000e+00 -1.000000e+00
   outer loop
     vertex -6.000000e+01  4.000000e+01  0.000000e+00
     vertex -5.164743e+01  2.958051e+01  0.000000e+00
     vertex -5.162447e+01  2.949892e+01  0.000000e+00
   endloop
 endfacet
 facet normal  0.000000e+00  0.000000e+00 -1.000000e+00
   outer loop
     vertex -6.000000e+01  4.000000e+01  0.000000e+00
     vertex -5.166629e+01  2.966315e+01  0.000000e+00
     vertex -5.164743e+01  2.958051e+01  0.000000e+00
   endloop
 endfacet
 facet normal  0.000000e+00  0.000000e+00 -1.000000e+00
   outer loop
     vertex -6.000000e+01  4.000000e+01  0.000000e+00
     vertex -5.168101e+01  2.974663e+01  0.000000e+00
     vertex -5.166629e+01  2.966315e+01  0.000000e+00
   endloop
 endfacet
 facet normal  0.000000e+00  0.000000e+00 -1.000000e+00
   outer loop
     vertex -6.000000e+01  4.000000e+01  0.000000e+00
     vertex -5.169155e+01  2.983073e+01  0.000000e+00
     vertex -5.168101e+01  2.974663e+01  0.000000e+00
   endloop
 endfacet
 facet normal  0.000000e+00  0.000000e+00 -1.000000e+00
   outer loop
     vertex -6.000000e+01  4.000000e+01  0.000000e+00
     vertex -5.169789e+01  2.991526e+01  0.000000e+00
     vertex -5.169155e+01  2.983073e+01  0.000000e+00
   endloop
 endfacet
 facet normal  0.000000e+00  0.000000e+00 -1.000000e+00
   outer loop
     vertex -6.000000e+01  4.000000e+01  0.000000e+00
     vertex -5.170000e+01  3.000000e+01  0.000000e+00
     vertex -5.169789e+01  2.991526e+01  0.000000e+00
   endloop
 endfacet
 facet normal  0.000000e+00  0.000000e+00 -1.000000e+00
   outer loop
     vertex -6.000000e+01  4.000000e+01  0.000000e+00
     vertex -5.169789e+01  3.008474e+01  0.000000e+00
     vertex -5.170000e+01  3.000000e+01  0.000000e+00
   endloop
 endfacet
 facet normal  0.000000e+00  0.000000e+00 -1.000000e+00
   outer loop
     vertex -6.000000e+01  4.000000e+01  0.000000e+00
     vertex -5.169155e+01  3.016927e+01  0.000000e+00
     vertex -5.169789e+01  3.008474e+01  0.000000e+00
   endloop
 endfacet
 facet normal  0.000000e+00  0.000000e+00 -1.000000e+00
   outer loop
     vertex -6.000000e+01  4.000000e+01  0.000000e+00
     vertex -5.168101e+01  3.025337e+01  0.000000e+00
     vertex -5.169155e+01  3.016927e+01  0.000000e+00
   endloop
 endfacet
 facet normal  0.000000e+00  0.000000e+00 -1.000000e+00
   outer loop
     vertex -6.000000e+01  4.000000e+01  0.000000e+00
     vertex -5.166629e+01  3.033685e+01  0.000000e+00
     vertex -5.168101e+01  3.025337e+01  0.000000e+00
   endloop
 endfacet
 facet normal  0.000000e+00  0.000000e+00 -1.000000e+00
   outer loop
     vertex -6.000000e+01  4.000000e+01  0.000000e+00
     vertex -5.164743e+01  3.041949e+01  0.000000e+00
     vertex -5.166629e+01  3.033685e+01  0.000000e+00
   endloop
 endfacet
 facet normal  0.000000e+00  0.000000e+00 -1.000000e+00
   outer loop
     vertex -6.000000e+01  4.000000e+01  0.000000e+00
     vertex -5.162447e+01  3.050108e+01  0.000000e+00
     vertex -5.164743e+01  3.041949e+01  0.000000e+00
   endloop
 endfacet
 facet normal  0.000000e+00  0.000000e+00 -1.000000e+00
   outer loop
     vertex -6.000000e+01  4.000000e+01  0.000000e+00
     vertex -5.159748e+01  3.058143e+01  0.000000e+00
     vertex -5.162447e+01  3.050108e+01  0.000000e+00
   endloop
 endfacet
 facet normal  0.000000e+00  0.000000e+00 -1.000000e+00
   outer loop
     vertex -6.000000e+01  4.000000e+01  0.000000e+00
     vertex -5.156651e+01  3.066034e+01  0.000000e+00
     vertex -5.159748e+01  3.058143e+01  0.000000e+00
   endloop
 endfacet
 facet normal  0.000000e+00  0.000000e+00 -1.000000e+00
   outer loop
     vertex -6.000000e+01  4.000000e+01  0.000000e+00
     vertex -5.153165e+01  3.073760e+01  0.000000e+00
     vertex -5.156651e+01  3.066034e+01  0.000000e+00
   endloop
 endfacet
 facet normal  0.000000e+00  0.000000e+00 -1.000000e+00
   outer loop
     vertex -6.000000e+01  4.000000e+01  0.000000e+00
     vertex -5.149298e+01  3.081303e+01  0.000000e+00
     vertex -5.153165e+01  3.073760e+01  0.000000e+00
   endloop
 endfacet
 facet normal  0.000000e+00  0.000000e+00 -1.000000e+00
   outer loop
     vertex -6.000000e+01  4.000000e+01  0.000000e+00
     vertex -5.145059e+01  3.088644e+01  0.000000e+00
     vertex -5.149298e+01  3.081303e+01  0.000000e+00
   endloop
 endfacet
 facet normal  0.000000e+00  0.000000e+00 -1.000000e+00
   outer loop
     vertex -6.000000e+01  4.000000e+01  0.000000e+00
     vertex -5.140461e+01  3.095764e+01  0.000000e+00
     vertex -5.145059e+01  3.088644e+01  0.000000e+00
   endloop
 endfacet
 facet normal  0.000000e+00  0.000000e+00 -1.000000e+00
   outer loop
     vertex -6.000000e+01  4.000000e+01  0.000000e+00
     vertex -5.135513e+01  3.102647e+01  0.000000e+00
     vertex -5.140461e+01  3.095764e+01  0.000000e+00
   endloop
 endfacet
 facet normal  0.000000e+00  0.000000e+00 -1.000000e+00
   outer loop
     vertex -6.000000e+01  4.000000e+01  0.000000e+00
     vertex -5.130228e+01  3.109274e+01  0.000000e+00
     vertex -5.135513e+01  3.102647e+01  0.000000e+00
   endloop
 endfacet
 facet normal  0.000000e+00  0.000000e+00 -1.000000e+00
   outer loop
     vertex -6.000000e+01  4.000000e+01  0.000000e+00
     vertex -5.124619e+01  3.115629e+01  0.000000e+00
     vertex -5.130228e+01  3.109274e+01  0.000000e+00
   endloop
 endfacet
 facet normal  0.000000e+00  0.000000e+00 -1.000000e+00
   outer loop
     vertex -6.000000e+01  4.000000e+01  0.000000e+00
     vertex -5.145059e+01  2.911356e+01  0.000000e+00
     vertex -6.000000e+01 -4.000000e+01  0.000000e+00
   endloop
 endfacet
 facet normal -0.000000e+00  0.000000e+00 -1.000000e+00
   outer loop
     vertex -5.118700e+01  3.121697e+01  0.000000e+00
     vertex -5.124619e+01  3.115629e+01  0.000000e+00
     vertex -6.000000e+01  4.000000e+01  0.000000e+00
   endloop
 endfacet
 facet normal  0.000000e+00 -0.000000e+00 -1.000000e+00
   outer loop
     vertex -4.875381e+01  2.884371e+01  0.000000e+00
     vertex -4.875381e+01 -2.884371e+01  0.000000e+00
     vertex -4.881300e+01 -2.878303e+01  0.000000e+00
   endloop
 endfacet
 facet normal  0.000000e+00  0.000000e+00 -1.000000e+00
   outer loop
     vertex -4.875381e+01  2.884371e+01  0.000000e+00
     vertex -4.869772e+01 -2.890726e+01  0.000000e+00
     vertex -4.875381e+01 -2.884371e+01  0.000000e+00
   endloop
 endfacet
 facet normal  0.000000e+00  0.000000e+00 -1.000000e+00
   outer loop
     vertex -4.875381e+01  2.884371e+01  0.000000e+00
     vertex -4.881300e+01 -2.878303e+01  0.000000e+00
     vertex -4.881300e+01  2.878303e+01  0.000000e+00
   endloop
 endfacet
 facet normal -0.000000e+00  0.000000e+00 -1.000000e+00
   outer loop
     vertex -5.112487e+01  3.127463e+01  0.000000e+00
     vertex -5.118700e+01  3.121697e+01  0.000000e+00
     vertex -6.000000e+01  4.000000e+01  0.000000e+00
   endloop
 endfacet
 facet normal  0.000000e+00 -0.000000e+00 -1.000000e+00
   outer loop
     vertex -4.869772e+01  2.890726e+01  0.000000e+00
     vertex -4.869772e+01 -2.890726e+01  0.000000e+00
     vertex -4.875381e+01  2.884371e+01  0.000000e+00
   endloop
 endfacet
 facet normal -0.000000e+00  0.000000e+00 -1.000000e+00
   outer loop
     vertex -5.105993e+01  3.132911e+01  0.000000e+00
     vertex -5.112487e+01  3.127463e+01  0.000000e+00
     vertex -6.000000e+01  4.000000e+01  0.000000e+00
   endloop
 endfacet
 facet normal  0.000000e+00 -0.000000e+00 -1.000000e+00
   outer loop
     vertex -4.864487e+01  2.897353e+01  0.000000e+00
     vertex -4.864487e+01 -2.897353e+01  0.000000e+00
     vertex -4.869772e+01 -2.890726e+01  0.000000e+00
   endloop
 endfacet
 facet normal  0.000000e+00  0.000000e+00 -1.000000e+00
   outer loop
     vertex -4.864487e+01  2.897353e+01  0.000000e+00
     vertex -4.869772e+01 -2.890726e+01  0.000000e+00
     vertex -4.869772e+01  2.890726e+01  0.000000e+00
   endloop
 endfacet
 facet normal -0.000000e+00  0.000000e+00 -1.000000e+00
   outer loop
     vertex -5.099236e+01  3.138029e+01  0.000000e+00
     vertex -5.105993e+01  3.132911e+01  0.000000e+00
     vertex -6.000000e+01  4.000000e+01  0.000000e+00
   endloop
 endfacet
 facet normal  0.000000e+00 -0.000000e+00 -1.000000e+00
   outer loop
     vertex -4.859539e+01  2.904236e+01  0.000000e+00
     vertex -4.859539e+01 -2.904236e+01  0.000000e+00
     vertex -4.864487e+01 -2.897353e+01  0.000000e+00
   endloop
 endfacet
 facet normal  0.000000e+00  0.000000e+00 -1.000000e+00
   outer loop
     vertex -4.859539e+01  2.904236e+01  0.000000e+00
     vertex -4.854941e+01 -2.911356e+01  0.000000e+00
     vertex -4.859539e+01 -2.904236e+01  0.000000e+00
   endloop
 endfacet
 facet normal  0.000000e+00  0.000000e+00 -1.000000e+00
   outer loop
     vertex -4.859539e+01  2.904236e+01  0.000000e+00
     vertex -4.864487e+01 -2.897353e+01  0.000000e+00
     vertex -4.864487e+01  2.897353e+01  0.000000e+00
   endloop
 endfacet
 facet normal -0.000000e+00  0.000000e+00 -1.000000e+00
   outer loop
     vertex -5.092233e+01  3.142804e+01  0.000000e+00
     vertex -5.099236e+01  3.138029e+01  0.000000e+00
     vertex -6.000000e+01  4.000000e+01  0.000000e+00
   endloop
 endfacet
 facet normal  0.000000e+00 -0.000000e+00 -1.000000e+00
   outer loop
     vertex -4.854941e+01  2.911356e+01  0.000000e+00
     vertex -4.854941e+01 -2.911356e+01  0.000000e+00
     vertex -4.859539e+01  2.904236e+01  0.000000e+00
   endloop
 endfacet
 facet normal -0.000000e+00  0.000000e+00 -1.000000e+00
   outer loop
     vertex -5.085000e+01  3.147224e+01  0.000000e+00
     vertex -5.092233e+01  3.142804e+01  0.000000e+00
     vertex -6.000000e+01  4.000000e+01  0.000000e+00
   endloop
 endfacet
 facet normal -0.000000e+00  0.000000e+00 -1.000000e+00
   outer loop
     vertex -5.077556e+01  3.151278e+01  0.000000e+00
     vertex -5.085000e+01  3.147224e+01  0.000000e+00
     vertex -6.000000e+01  4.000000e+01  0.000000e+00
   endloop
 endfacet
 facet normal -0.000000e+00  0.000000e+00 -1.000000e+00
   outer loop
     vertex -5.069919e+01  3.154956e+01  0.000000e+00
     vertex -5.077556e+01  3.151278e+01  0.000000e+00
     vertex -6.000000e+01  4.000000e+01  0.000000e+00
   endloop
 endfacet
 facet normal -0.000000e+00  0.000000e+00 -1.000000e+00
   outer loop
     vertex -5.062108e+01  3.158249e+01  0.000000e+00
     vertex -5.069919e+01  3.154956e+01  0.000000e+00
     vertex -6.000000e+01  4.000000e+01  0.000000e+00
   endloop
 endfacet
 facet normal -0.000000e+00  0.000000e+00 -1.000000e+00
   outer loop
     vertex -5.054143e+01  3.161148e+01  0.000000e+00
     vertex -5.062108e+01  3.158249e+01  0.000000e+00
     vertex -6.000000e+01  4.000000e+01  0.000000e+00
   endloop
 endfacet
 facet normal -0.000000e+00  0.000000e+00 -1.000000e+00
   outer loop
     vertex -5.046043e+01  3.163646e+01  0.000000e+00
     vertex -5.054143e+01  3.161148e+01  0.000000e+00
     vertex -6.000000e+01  4.000000e+01  0.000000e+00
   endloop
 endfacet
 facet normal -0.000000e+00  0.000000e+00 -1.000000e+00
   outer loop
     vertex -5.037829e+01  3.165738e+01  0.000000e+00
     vertex -5.046043e+01  3.163646e+01  0.000000e+00
     vertex -6.000000e+01  4.000000e+01  0.000000e+00
   endloop
 endfacet
 facet normal -0.000000e+00  0.000000e+00 -1.000000e+00
   outer loop
     vertex -5.029520e+01  3.167417e+01  0.000000e+00
     vertex -5.037829e+01  3.165738e+01  0.000000e+00
     vertex -6.000000e+01  4.000000e+01  0.000000e+00
   endloop
 endfacet
 facet normal -0.000000e+00  0.000000e+00 -1.000000e+00
   outer loop
     vertex -5.021138e+01  3.168681e+01  0.000000e+00
     vertex -5.029520e+01  3.167417e+01  0.000000e+00
     vertex -6.000000e+01  4.000000e+01  0.000000e+00
   endloop
 endfacet
 facet normal -0.000000e+00  0.000000e+00 -1.000000e+00
   outer loop
     vertex -5.012704e+01  3.169525e+01  0.000000e+00
     vertex -5.021138e+01  3.168681e+01  0.000000e+00
     vertex -6.000000e+01  4.000000e+01  0.000000e+00
   endloop
 endfacet
 facet normal -0.000000e+00  0.000000e+00 -1.000000e+00
   outer loop
     vertex -5.004238e+01  3.169947e+01  0.000000e+00
     vertex -5.012704e+01  3.169525e+01  0.000000e+00
     vertex -6.000000e+01  4.000000e+01  0.000000e+00
   endloop
 endfacet
 facet normal  0.000000e+00  0.000000e+00 -1.000000e+00
   outer loop
     vertex -4.995762e+01  3.169947e+01  0.000000e+00
     vertex -5.004238e+01  3.169947e+01  0.000000e+00
     vertex -6.000000e+01  4.000000e+01  0.000000e+00
   endloop
 endfacet
 facet normal  0.000000e+00  0.000000e+00 -1.000000e+00
   outer loop
     vertex -4.987296e+01  3.169525e+01  0.000000e+00
     vertex -4.995762e+01  3.169947e+01  0.000000e+00
     vertex -6.000000e+01  4.000000e+01  0.000000e+00
   endloop
 endfacet
 facet normal  0.000000e+00  0.000000e+00 -1.000000e+00
   outer loop
     vertex -4.978862e+01  3.168681e+01  0.000000e+00
     vertex -4.987296e+01  3.169525e+01  0.000000e+00
     vertex -6.000000e+01  4.000000e+01  0.000000e+00
   endloop
 endfacet
 facet normal  0.000000e+00  0.000000e+00 -1.000000e+00
   outer loop
     vertex -4.970480e+01  3.167417e+01  0.000000e+00
     vertex -4.978862e+01  3.168681e+01  0.000000e+00
     vertex -6.000000e+01  4.000000e+01  0.000000e+00
   endloop
 endfacet
 facet normal  0.000000e+00  0.000000e+00 -1.000000e+00
   outer loop
     vertex -4.962171e+01  3.165738e+01  0.000000e+00
     vertex -4.970480e+01  3.167417e+01  0.000000e+00
     vertex -6.000000e+01  4.000000e+01  0.000000e+00
   endloop
 endfacet
 facet normal  0.000000e+00  0.000000e+00 -1.000000e+00
   outer loop
     vertex -4.953957e+01  3.163646e+01  0.000000e+00
     vertex -4.962171e+01  3.165738e+01  0.000000e+00
     vertex -6.000000e+01  4.000000e+01  0.000000e+00
   endloop
 endfacet
 facet normal  0.000000e+00  0.000000e+00 -1.000000e+00
   outer loop
     vertex -4.945857e+01  3.161148e+01  0.000000e+00
     vertex -4.953957e+01  3.163646e+01  0.000000e+00
     vertex -6.000000e+01  4.000000e+01  0.000000e+00
   endloop
 endfacet
 facet normal  0.000000e+00  0.000000e+00 -1.000000e+00
   outer loop
     vertex -4.937892e+01  3.158249e+01  0.000000e+00
     vertex -4.945857e+01  3.161148e+01  0.000000e+00
     vertex -6.000000e+01  4.000000e+01  0.000000e+00
   endloop
 endfacet
 facet normal  0.000000e+00  0.000000e+00 -1.000000e+00
   outer loop
     vertex -4.930081e+01  3.154956e+01  0.000000e+00
     vertex -4.937892e+01  3.158249e+01  0.000000e+00
     vertex -6.000000e+01  4.000000e+01  0.000000e+00
   endloop
 endfacet
 facet normal  0.000000e+00  0.000000e+00 -1.000000e+00
   outer loop
     vertex -4.922444e+01  3.151278e+01  0.000000e+00
     vertex -4.930081e+01  3.154956e+01  0.000000e+00
     vertex -6.000000e+01  4.000000e+01  0.000000e+00
   endloop
 endfacet
 facet normal  0.000000e+00  0.000000e+00 -1.000000e+00
   outer loop
     vertex -4.915000e+01  3.147224e+01  0.000000e+00
     vertex -4.922444e+01  3.151278e+01  0.000000e+00
     vertex -6.000000e+01  4.000000e+01  0.000000e+00
   endloop
 endfacet
 facet normal  0.000000e+00  0.000000e+00 -1.000000e+00
   outer loop
     vertex -4.907767e+01  3.142804e+01  0.000000e+00
     vertex -4.915000e+01  3.147224e+01  0.000000e+00
     vertex -6.000000e+01  4.000000e+01  0.000000e+00
   endloop
 endfacet
 facet normal  0.000000e+00 -0.000000e+00 -1.000000e+00
   outer loop
     vertex  4.875381e+01 -3.115629e+01  0.000000e+00
     vertex  4.881300e+01 -3.121697e+01  0.000000e+00
     vertex -4.881300e+01 -3.121697e+01  0.000000e+00
   endloop
 endfacet
 facet normal -0.000000e+00  0.000000e+00 -1.000000e+00
   outer loop
     vertex  4.875381e+01 -3.115629e+01  0.000000e+00
     vertex -4.881300e+01 -3.121697e+01  0.000000e+00
     vertex -4.875381e+01 -3.115629e+01  0.000000e+00
   endloop
 endfacet
 facet normal  0.000000e+00  0.000000e+00 -1.000000e+00
   outer loop
     vertex  4.887513e+01 -3.127463e+01  0.000000e+00
     vertex -4.881300e+01 -3.121697e+01  0.000000e+00
     vertex  4.881300e+01 -3.121697e+01  0.000000e+00
   endloop
 endfacet
 facet normal  0.000000e+00  0.000000e+00 -1.000000e+00
   outer loop
     vertex  4.887513e+01 -3.127463e+01  0.000000e+00
     vertex -4.887513e+01 -3.127463e+01  0.000000e+00
     vertex -4.881300e+01 -3.121697e+01  0.000000e+00
   endloop
 endfacet
 facet normal  0.000000e+00  0.000000e+00 -1.000000e+00
   outer loop
     vertex  4.869772e+01 -3.109274e+01  0.000000e+00
     vertex -4.875381e+01 -3.115629e+01  0.000000e+00
     vertex -4.869772e+01 -3.109274e+01  0.000000e+00
   endloop
 endfacet
 facet normal  0.000000e+00 -0.000000e+00 -1.000000e+00
   outer loop
     vertex  4.869772e+01 -3.109274e+01  0.000000e+00
     vertex  4.875381e+01 -3.115629e+01  0.000000e+00
     vertex -4.875381e+01 -3.115629e+01  0.000000e+00
   endloop
 endfacet
 facet normal  0.000000e+00  0.000000e+00 -1.000000e+00
   outer loop
     vertex  4.894007e+01 -3.132911e+01  0.000000e+00
     vertex -4.887513e+01 -3.127463e+01  0.000000e+00
     vertex  4.887513e+01 -3.127463e+01  0.000000e+00
   endloop
 endfacet
 facet normal  0.000000e+00  0.000000e+00 -1.000000e+00
   outer loop
     vertex  4.894007e+01 -3.132911e+01  0.000000e+00
     vertex -4.894007e+01 -3.132911e+01  0.000000e+00
     vertex -4.887513e+01 -3.127463e+01  0.000000e+00
   endloop
 endfacet
 facet normal -0.000000e+00  0.000000e+00 -1.000000e+00
   outer loop
     vertex  4.864487e+01 -3.102647e+01  0.000000e+00
     vertex -4.864487e+01 -3.102647e+01  0.000000e+00
     vertex -4.859539e+01 -3.095764e+01  0.000000e+00
   endloop
 endfacet
 facet normal  0.000000e+00  0.000000e+00 -1.000000e+00
   outer loop
     vertex  4.864487e+01 -3.102647e+01  0.000000e+00
     vertex -4.869772e+01 -3.109274e+01  0.000000e+00
     vertex -4.864487e+01 -3.102647e+01  0.000000e+00
   endloop
 endfacet
 facet normal  0.000000e+00 -0.000000e+00 -1.000000e+00
   outer loop
     vertex  4.864487e+01 -3.102647e+01  0.000000e+00
     vertex  4.869772e+01 -3.109274e+01  0.000000e+00
     vertex -4.869772e+01 -3.109274e+01  0.000000e+00
   endloop
 endfacet
 facet normal  0.000000e+00  0.000000e+00 -1.000000e+00
   outer loop
     vertex  4.900764e+01 -3.138029e+01  0.000000e+00
     vertex -4.894007e+01 -3.132911e+01  0.000000e+00
     vertex  4.894007e+01 -3.132911e+01  0.000000e+00
   endloop
 endfacet
 facet normal  0.000000e+00  0.000000e+00 -1.000000e+00
   outer loop
     vertex  4.900764e+01 -3.138029e+01  0.000000e+00
     vertex -4.900764e+01 -3.138029e+01  0.000000e+00
     vertex -4.894007e+01 -3.132911e+01  0.000000e+00
   endloop
 endfacet
 facet normal -0.000000e+00  0.000000e+00 -1.000000e+00
   outer loop
     vertex  4.859539e+01 -3.095764e+01  0.000000e+00
     vertex -4.859539e+01 -3.095764e+01  0.000000e+00
     vertex -4.854941e+01 -3.088644e+01  0.000000e+00
   endloop
 endfacet
 facet normal  0.000000e+00 -0.000000e+00 -1.000000e+00
   outer loop
     vertex  4.859539e+01 -3.095764e+01  0.000000e+00
     vertex  4.864487e+01 -3.102647e+01  0.000000e+00
     vertex -4.859539e+01 -3.095764e+01  0.000000e+00
   endloop
 endfacet
 facet normal -0.000000e+00  0.000000e+00 -1.000000e+00
   outer loop
     vertex  4.907767e+01 -3.142804e+01  0.000000e+00
     vertex -6.000000e+01 -4.000000e+01  0.000000e+00
     vertex -4.907767e+01 -3.142804e+01  0.000000e+00
   endloop
 endfacet
 facet normal  0.000000e+00  0.000000e+00 -1.000000e+00
   outer loop
     vertex  4.907767e+01 -3.142804e+01  0.000000e+00
     vertex -4.907767e+01 -3.142804e+01  0.000000e+00
     vertex -4.900764e+01 -3.138029e+01  0.000000e+00
   endloop
 endfacet
 facet normal  0.000000e+00  0.000000e+00 -1.000000e+00
   outer loop
     vertex  4.907767e+01 -3.142804e+01  0.000000e+00
     vertex -4.900764e+01 -3.138029e+01  0.000000e+00
     vertex  4.900764e+01 -3.138029e+01  0.000000e+00
   endloop
 endfacet
 facet normal  0.000000e+00 -0.000000e+00 -1.000000e+00
   outer loop
     vertex  4.854941e+01 -3.088644e+01  0.000000e+00
     vertex  4.859539e+01 -3.095764e+01  0.000000e+00
     vertex -4.854941e+01 -3.088644e+01  0.000000e+00
   endloop
 endfacet
 facet normal  0.000000e+00  0.000000e+00 -1.000000e+00
   outer loop
     vertex  4.850702e+01 -3.081303e+01  0.000000e+00
     vertex -4.854941e+01 -3.088644e+01  0.000000e+00
     vertex -4.850702e+01 -3.081303e+01  0.000000e+00
   endloop
 endfacet
 facet normal  0.000000e+00 -0.000000e+00 -1.000000e+00
   outer loop
     vertex  4.850702e+01 -3.081303e+01  0.000000e+00
     vertex  4.854941e+01 -3.088644e+01  0.000000e+00
     vertex -4.854941e+01 -3.088644e+01  0.000000e+00
   endloop
 endfacet
 facet normal  0.000000e+00  0.000000e+00 -1.000000e+00
   outer loop
     vertex  4.846835e+01 -3.073760e+01  0.000000e+00
     vertex -4.850702e+01 -3.081303e+01  0.000000e+00
     vertex -4.846835e+01 -3.073760e+01  0.000000e+00
   endloop
 endfacet
 facet normal  0.000000e+00 -0.000000e+00 -1.000000e+00
   outer loop
     vertex  4.846835e+01 -3.073760e+01  0.000000e+00
     vertex  4.850702e+01 -3.081303e+01  0.000000e+00
     vertex -4.850702e+01 -3.081303e+01  0.000000e+00
   endloop
 endfacet
 facet normal  0.000000e+00  0.000000e+00 -1.000000e+00
   outer loop
     vertex  4.843349e+01 -3.066034e+01  0.000000e+00
     vertex -4.846835e+01 -3.073760e+01  0.000000e+00
     vertex -4.843349e+01 -3.066034e+01  0.000000e+00
   endloop
 endfacet
 facet normal  0.000000e+00 -0.000000e+00 -1.000000e+00
   outer loop
     vertex  4.843349e+01 -3.066034e+01  0.000000e+00
     vertex  4.846835e+01 -3.073760e+01  0.000000e+00
     vertex -4.846835e+01 -3.073760e+01  0.000000e+00
   endloop
 endfacet
 facet normal  0.000000e+00  0.000000e+00 -1.000000e+00
   outer loop
     vertex  4.840252e+01 -3.058143e+01  0.000000e+00
     vertex -4.843349e+01 -3.066034e+01  0.000000e+00
     vertex -4.840252e+01 -3.058143e+01  0.000000e+00
   endloop
 endfacet
 facet normal  0.000000e+00 -0.000000e+00 -1.000000e+00
   outer loop
     vertex  4.840252e+01 -3.058143e+01  0.000000e+00
     vertex  4.843349e+01 -3.066034e+01  0.000000e+00
     vertex -4.843349e+01 -3.066034e+01  0.000000e+00
   endloop
 endfacet
 facet normal  0.000000e+00  0.000000e+00 -1.000000e+00
   outer loop
     vertex  4.837553e+01 -3.050108e+01  0.000000e+00
     vertex -4.840252e+01 -3.058143e+01  0.000000e+00
     vertex -4.837553e+01 -3.050108e+01  0.000000e+00
   endloop
 endfacet
 facet normal  0.000000e+00 -0.000000e+00 -1.000000e+00
   outer loop
     vertex  4.837553e+01 -3.050108e+01  0.000000e+00
     vertex  4.840252e+01 -3.058143e+01  0.000000e+00
     vertex -4.840252e+01 -3.058143e+01  0.000000e+00
   endloop
 endfacet
 facet normal  0.000000e+00 -0.000000e+00 -1.000000e+00
   outer loop
     vertex  4.835257e+01 -3.041949e+01  0.000000e+00
     vertex  4.837553e+01 -3.050108e+01  0.000000e+00
     vertex -4.837553e+01 -3.050108e+01  0.000000e+00
   endloop
 endfacet
 facet normal  0.000000e+00  0.000000e+00 -1.000000e+00
   outer loop
     vertex  4.835257e+01 -3.041949e+01  0.000000e+00
     vertex -4.837553e+01 -3.050108e+01  0.000000e+00
     vertex -4.835257e+01 -3.041949e+01  0.000000e+00
   endloop
 endfacet
 facet normal -0.000000e+00  0.000000e+00 -1.000000e+00
   outer loop
     vertex  4.833371e+01 -3.033685e+01  0.000000e+00
     vertex -4.833371e+01 -3.033685e+01  0.000000e+00
     vertex -4.831899e+01 -3.025337e+01  0.000000e+00
   endloop
 endfacet
 facet normal  0.000000e+00  0.000000e+00 -1.000000e+00
   outer loop
     vertex  4.833371e+01 -3.033685e+01  0.000000e+00
     vertex -4.835257e+01 -3.041949e+01  0.000000e+00
     vertex -4.833371e+01 -3.033685e+01  0.000000e+00
   endloop
 endfacet
 facet normal  0.000000e+00 -0.000000e+00 -1.000000e+00
   outer loop
     vertex  4.833371e+01 -3.033685e+01  0.000000e+00
     vertex  4.835257e+01 -3.041949e+01  0.000000e+00
     vertex -4.835257e+01 -3.041949e+01  0.000000e+00
   endloop
 endfacet
 facet normal -0.000000e+00  0.000000e+00 -1.000000e+00
   outer loop
     vertex  4.831899e+01 -3.025337e+01  0.000000e+00
     vertex -4.831899e+01 -3.025337e+01  0.000000e+00
     vertex -4.830845e+01 -3.016927e+01  0.000000e+00
   endloop
 endfacet
 facet normal  0.000000e+00 -0.000000e+00 -1.000000e+00
   outer loop
     vertex  4.831899e+01 -3.025337e+01  0.000000e+00
     vertex  4.833371e+01 -3.033685e+01  0.000000e+00
     vertex -4.831899e+01 -3.025337e+01  0.000000e+00
   endloop
 endfacet
 facet normal  0.000000e+00 -0.000000e+00 -1.000000e+00
   outer loop
     vertex  4.830845e+01 -3.016927e+01  0.000000e+00
     vertex  4.831899e+01 -3.025337e+01  0.000000e+00
     vertex -4.830845e+01 -3.016927e+01  0.000000e+00
   endloop
 endfacet
 facet normal  0.000000e+00  0.000000e+00 -1.000000e+00
   outer loop
     vertex  4.830211e+01 -3.008474e+01  0.000000e+00
     vertex -4.830845e+01 -3.016927e+01  0.000000e+00
     vertex -4.830211e+01 -3.008474e+01  0.000000e+00
   endloop
 endfacet
 facet normal  0.000000e+00 -0.000000e+00 -1.000000e+00
   outer loop
     vertex  4.830211e+01 -3.008474e+01  0.000000e+00
     vertex  4.830845e+01 -3.016927e+01  0.000000e+00
     vertex -4.830845e+01 -3.016927e+01  0.000000e+00
   endloop
 endfacet
 facet normal  0.000000e+00  0.000000e+00 -1.000000e+00
   outer loop
     vertex  4.830000e+01 -3.000000e+01  0.000000e+00
     vertex -4.830211e+01 -3.008474e+01  0.000000e+00
     vertex -4.830000e+01 -3.000000e+01  0.000000e+00
   endloop
 endfacet
 facet normal  0.000000e+00 -0.000000e+00 -1.000000e+00
   outer loop
     vertex  4.830000e+01 -3.000000e+01  0.000000e+00
     vertex  4.830211e+01 -3.008474e+01  0.000000e+00
     vertex -4.830211e+01 -3.008474e+01  0.000000e+00
   endloop
 endfacet
 facet normal -0.000000e+00  0.000000e+00 -1.000000e+00
   outer loop
     vertex  4.830000e+01 -3.000000e+01  0.000000e+00
     vertex -4.830000e+01 -3.000000e+01  0.000000e+00
     vertex -4.830211e+01 -2.991526e+01  0.000000e+00
   endloop
 endfacet
 facet normal  0.000000e+00  0.000000e+00 -1.000000e+00
   outer loop
     vertex  4.830211e+01 -2.991526e+01  0.000000e+00
     vertex  4.830000e+01 -3.000000e+01  0.000000e+00
     vertex -4.830211e+01 -2.991526e+01  0.000000e+00
   endloop
 endfacet
 facet normal -0.000000e+00  0.000000e+00 -1.000000e+00
   outer loop
     vertex  4.830211e+01 -2.991526e+01  0.000000e+00
     vertex -4.830211e+01 -2.991526e+01  0.000000e+00
     vertex -4.830845e+01 -2.983073e+01  0.000000e+00
   endloop
 endfacet
 facet normal  0.000000e+00  0.000000e+00 -1.000000e+00
   outer loop
     vertex  4.830845e+01 -2.983073e+01  0.000000e+00
     vertex  4.830211e+01 -2.991526e+01  0.000000e+00
     vertex -4.830845e+01 -2.983073e+01  0.000000e+00
   endloop
 endfacet
 facet normal  0.000000e+00  0.000000e+00 -1.000000e+00
   outer loop
     vertex  4.831899e+01 -2.974663e+01  0.000000e+00
     vertex -4.830845e+01 -2.983073e+01  0.000000e+00
     vertex -4.831899e+01 -2.974663e+01  0.000000e+00
   endloop
 endfacet
 facet normal  0.000000e+00  0.000000e+00 -1.000000e+00
   outer loop
     vertex  4.831899e+01 -2.974663e+01  0.000000e+00
     vertex  4.830845e+01 -2.983073e+01  0.000000e+00
     vertex -4.830845e+01 -2.983073e+01  0.000000e+00
   endloop
 endfacet
 facet normal  0.000000e+00  0.000000e+00 -1.000000e+00
   outer loop
     vertex  4.833371e+01 -2.966315e+01  0.000000e+00
     vertex -4.831899e+01 -2.974663e+01  0.000000e+00
     vertex -4.833371e+01 -2.966315e+01  0.000000e+00
   endloop
 endfacet
 facet normal  0.000000e+00  0.000000e+00 -1.000000e+00
   outer loop
     vertex  4.833371e+01 -2.966315e+01  0.000000e+00
     vertex  4.831899e+01 -2.974663e+01  0.000000e+00
     vertex -4.831899e+01 -2.974663e+01  0.000000e+00
   endloop
 endfacet
 facet normal  0.000000e+00  0.000000e+00 -1.000000e+00
   outer loop
     vertex  4.835257e+01 -2.958051e+01  0.000000e+00
     vertex -4.833371e+01 -2.966315e+01  0.000000e+00
     vertex -4.835257e+01 -2.958051e+01  0.000000e+00
   endloop
 endfacet
 facet normal  0.000000e+00  0.000000e+00 -1.000000e+00
   outer loop
     vertex  4.835257e+01 -2.958051e+01  0.000000e+00
     vertex  4.833371e+01 -2.966315e+01  0.000000e+00
     vertex -4.833371e+01 -2.966315e+01  0.000000e+00
   endloop
 endfacet
 facet normal  0.000000e+00  0.000000e+00 -1.000000e+00
   outer loop
     vertex  4.837553e+01 -2.949892e+01  0.000000e+00
     vertex -4.835257e+01 -2.958051e+01  0.000000e+00
     vertex -4.837553e+01 -2.949892e+01  0.000000e+00
   endloop
 endfacet
 facet normal  0.000000e+00  0.000000e+00 -1.000000e+00
   outer loop
     vertex  4.837553e+01 -2.949892e+01  0.000000e+00
     vertex  4.835257e+01 -2.958051e+01  0.000000e+00
     vertex -4.835257e+01 -2.958051e+01  0.000000e+00
   endloop
 endfacet
 facet normal  0.000000e+00  0.000000e+00 -1.000000e+00
   outer loop
     vertex  4.840252e+01 -2.941857e+01  0.000000e+00
     vertex -4.837553e+01 -2.949892e+01  0.000000e+00
     vertex -4.840252e+01 -2.941857e+01  0.000000e+00
   endloop
 endfacet
 facet normal  0.000000e+00  0.000000e+00 -1.000000e+00
   outer loop
     vertex  4.840252e+01 -2.941857e+01  0.000000e+00
     vertex  4.837553e+01 -2.949892e+01  0.000000e+00
     vertex -4.837553e+01 -2.949892e+01  0.000000e+00
   endloop
 endfacet
 facet normal  0.000000e+00  0.000000e+00 -1.000000e+00
   outer loop
     vertex  4.843349e+01 -2.933966e+01  0.000000e+00
     vertex -4.840252e+01 -2.941857e+01  0.000000e+00
     vertex -4.843349e+01 -2.933966e+01  0.000000e+00
   endloop
 endfacet
 facet normal  0.000000e+00  0.000000e+00 -1.000000e+00
   outer loop
     vertex  4.843349e+01 -2.933966e+01  0.000000e+00
     vertex  4.840252e+01 -2.941857e+01  0.000000e+00
     vertex -4.840252e+01 -2.941857e+01  0.000000e+00
   endloop
 endfacet
 facet normal  0.000000e+00  0.000000e+00 -1.000000e+00
   outer loop
     vertex  4.846835e+01 -2.926240e+01  0.000000e+00
     vertex -4.843349e+01 -2.933966e+01  0.000000e+00
     vertex -4.846835e+01 -2.926240e+01  0.000000e+00
   endloop
 endfacet
 facet normal  0.000000e+00  0.000000e+00 -1.000000e+00
   outer loop
     vertex  4.846835e+01 -2.926240e+01  0.000000e+00
     vertex  4.843349e+01 -2.933966e+01  0.000000e+00
     vertex -4.843349e+01 -2.933966e+01  0.000000e+00
   endloop
 endfacet
 facet normal  0.000000e+00  0.000000e+00 -1.000000e+00
   outer loop
     vertex  4.850702e+01 -2.918697e+01  0.000000e+00
     vertex -4.846835e+01 -2.926240e+01  0.000000e+00
     vertex -4.850702e+01 -2.918697e+01  0.000000e+00
   endloop
 endfacet
 facet normal  0.000000e+00  0.000000e+00 -1.000000e+00
   outer loop
     vertex  4.850702e+01 -2.918697e+01  0.000000e+00
     vertex  4.846835e+01 -2.926240e+01  0.000000e+00
     vertex -4.846835e+01 -2.926240e+01  0.000000e+00
   endloop
 endfacet
 facet normal -0.000000e+00  0.000000e+00 -1.000000e+00
   outer loop
     vertex  4.854941e+01 -2.911356e+01  0.000000e+00
     vertex -4.854941e+01 -2.911356e+01  0.000000e+00
     vertex -4.854941e+01  2.911356e+01  0.000000e+00
   endloop
 endfacet
 facet normal  0.000000e+00  0.000000e+00 -1.000000e+00
   outer loop
     vertex  4.854941e+01 -2.911356e+01  0.000000e+00
     vertex -4.850702e+01 -2.918697e+01  0.000000e+00
     vertex -4.854941e+01 -2.911356e+01  0.000000e+00
   endloop
 endfacet
 facet normal  0.000000e+00  0.000000e+00 -1.000000e+00
   outer loop
     vertex  4.854941e+01 -2.911356e+01  0.000000e+00
     vertex  4.850702e+01 -2.918697e+01  0.000000e+00
     vertex -4.850702e+01 -2.918697e+01  0.000000e+00
   endloop
 endfacet
 facet normal  0.000000e+00  0.000000e+00 -1.000000e+00
   outer loop
     vertex  6.000000e+01 -4.000000e+01  0.000000e+00
     vertex  5.112487e+01 -3.127463e+01  0.000000e+00
     vertex  5.118700e+01 -3.121697e+01  0.000000e+00
   endloop
 endfacet
 facet normal  0.000000e+00  0.000000e+00 -1.000000e+00
   outer loop
     vertex  6.000000e+01 -4.000000e+01  0.000000e+00
     vertex  5.105993e+01 -3.132911e+01  0.000000e+00
     vertex  5.112487e+01 -3.127463e+01  0.000000e+00
   endloop
 endfacet
 facet normal  0.000000e+00  0.000000e+00 -1.000000e+00
   outer loop
     vertex  6.000000e+01 -4.000000e+01  0.000000e+00
     vertex  5.099236e+01 -3.138029e+01  0.000000e+00
     vertex  5.105993e+01 -3.132911e+01  0.000000e+00
   endloop
 endfacet
 facet normal  0.000000e+00  0.000000e+00 -1.000000e+00
   outer loop
     vertex  6.000000e+01 -4.000000e+01  0.000000e+00
     vertex  5.092233e+01 -3.142804e+01  0.000000e+00
     vertex  5.099236e+01 -3.138029e+01  0.000000e+00
   endloop
 endfacet
 facet normal  0.000000e+00  0.000000e+00 -1.000000e+00
   outer loop
     vertex  6.000000e+01 -4.000000e+01  0.000000e+00
     vertex  5.085000e+01 -3.147224e+01  0.000000e+00
     vertex  5.092233e+01 -3.142804e+01  0.000000e+00
   endloop
 endfacet
 facet normal  0.000000e+00  0.000000e+00 -1.000000e+00
   outer loop
     vertex  6.000000e+01 -4.000000e+01  0.000000e+00
     vertex  5.077556e+01 -3.151278e+01  0.000000e+00
     vertex  5.085000e+01 -3.147224e+01  0.000000e+00
   endloop
 endfacet
 facet normal  0.000000e+00  0.000000e+00 -1.000000e+00
   outer loop
     vertex  6.000000e+01 -4.000000e+01  0.000000e+00
     vertex  5.069919e+01 -3.154956e+01  0.000000e+00
     vertex  5.077556e+01 -3.151278e+01  0.000000e+00
   endloop
 endfacet
 facet normal  0.000000e+00  0.000000e+00 -1.000000e+00
   outer loop
     vertex  6.000000e+01 -4.000000e+01  0.000000e+00
     vertex  5.062108e+01 -3.158249e+01  0.000000e+00
     vertex  5.069919e+01 -3.154956e+01  0.000000e+00
   endloop
 endfacet
 facet normal  0.000000e+00  0.000000e+00 -1.000000e+00
   outer loop
     vertex  6.000000e+01 -4.000000e+01  0.000000e+00
     vertex  5.054143e+01 -3.161148e+01  0.000000e+00
     vertex  5.062108e+01 -3.158249e+01  0.000000e+00
   endloop
 endfacet
 facet normal  0.000000e+00  0.000000e+00 -1.000000e+00
   outer loop
     vertex  6.000000e+01 -4.000000e+01  0.000000e+00
     vertex  5.046043e+01 -3.163646e+01  0.000000e+00
     vertex  5.054143e+01 -3.161148e+01  0.000000e+00
   endloop
 endfacet
 facet normal  0.000000e+00  0.000000e+00 -1.000000e+00
   outer loop
     vertex  6.000000e+01 -4.000000e+01  0.000000e+00
     vertex  5.037829e+01 -3.165738e+01  0.000000e+00
     vertex  5.046043e+01 -3.163646e+01  0.000000e+00
   endloop
 endfacet
 facet normal  0.000000e+00  0.000000e+00 -1.000000e+00
   outer loop
     vertex  6.000000e+01 -4.000000e+01  0.000000e+00
     vertex  5.029520e+01 -3.167417e+01  0.000000e+00
     vertex  5.037829e+01 -3.165738e+01  0.000000e+00
   endloop
 endfacet
 facet normal  0.000000e+00  0.000000e+00 -1.000000e+00
   outer loop
     vertex  6.000000e+01 -4.000000e+01  0.000000e+00
     vertex  5.021138e+01 -3.168681e+01  0.000000e+00
     vertex  5.029520e+01 -3.167417e+01  0.000000e+00
   endloop
 endfacet
 facet normal  0.000000e+00  0.000000e+00 -1.000000e+00
   outer loop
     vertex  6.000000e+01 -4.000000e+01  0.000000e+00
     vertex  5.012704e+01 -3.169525e+01  0.000000e+00
     vertex  5.021138e+01 -3.168681e+01  0.000000e+00
   endloop
 endfacet
 facet normal  0.000000e+00  0.000000e+00 -1.000000e+00
   outer loop
     vertex  6.000000e+01 -4.000000e+01  0.000000e+00
     vertex  5.004238e+01 -3.169947e+01  0.000000e+00
     vertex  5.012704e+01 -3.169525e+01  0.000000e+00
   endloop
 endfacet
 facet normal  0.000000e+00  0.000000e+00 -1.000000e+00
   outer loop
     vertex  6.000000e+01 -4.000000e+01  0.000000e+00
     vertex  4.995762e+01 -3.169947e+01  0.000000e+00
     vertex  5.004238e+01 -3.169947e+01  0.000000e+00
   endloop
 endfacet
 facet normal  0.000000e+00  0.000000e+00 -1.000000e+00
   outer loop
     vertex  6.000000e+01 -4.000000e+01  0.000000e+00
     vertex  4.987296e+01 -3.169525e+01  0.000000e+00
     vertex  4.995762e+01 -3.169947e+01  0.000000e+00
   endloop
 endfacet
 facet normal  0.000000e+00  0.000000e+00 -1.000000e+00
   outer loop
     vertex  6.000000e+01 -4.000000e+01  0.000000e+00
     vertex  4.978862e+01 -3.168681e+01  0.000000e+00
     vertex  4.987296e+01 -3.169525e+01  0.000000e+00
   endloop
 endfacet
 facet normal  0.000000e+00  0.000000e+00 -1.000000e+00
   outer loop
     vertex  6.000000e+01 -4.000000e+01  0.000000e+00
     vertex  4.970480e+01 -3.167417e+01  0.000000e+00
     vertex  4.978862e+01 -3.168681e+01  0.000000e+00
   endloop
 endfacet
 facet normal  0.000000e+00  0.000000e+00 -1.000000e+00
   outer loop
     vertex  6.000000e+01 -4.000000e+01  0.000000e+00
     vertex  4.962171e+01 -3.165738e+01  0.000000e+00
     vertex  4.970480e+01 -3.167417e+01  0.000000e+00
   endloop
 endfacet
 facet normal  0.000000e+00  0.000000e+00 -1.000000e+00
   outer loop
     vertex  6.000000e+01 -4.000000e+01  0.000000e+00
     vertex  4.953957e+01 -3.163646e+01  0.000000e+00
     vertex  4.962171e+01 -3.165738e+01  0.000000e+00
   endloop
 endfacet
 facet normal  0.000000e+00  0.000000e+00 -1.000000e+00
   outer loop
     vertex  6.000000e+01 -4.000000e+01  0.000000e+00
     vertex  4.945857e+01 -3.161148e+01  0.000000e+00
     vertex  4.953957e+01 -3.163646e+01  0.000000e+00
   endloop
 endfacet
 facet normal  0.000000e+00  0.000000e+00 -1.000000e+00
   outer loop
     vertex  6.000000e+01 -4.000000e+01  0.000000e+00
     vertex  4.937892e+01 -3.158249e+01  0.000000e+00
     vertex  4.945857e+01 -3.161148e+01  0.000000e+00
   endloop
 endfacet
 facet normal  0.000000e+00  0.000000e+00 -1.000000e+00
   outer loop
     vertex  6.000000e+01 -4.000000e+01  0.000000e+00
     vertex  4.930081e+01 -3.154956e+01  0.000000e+00
     vertex  4.937892e+01 -3.158249e+01  0.000000e+00
   endloop
 endfacet
 facet normal  0.000000e+00  0.000000e+00 -1.000000e+00
   outer loop
     vertex  6.000000e+01 -4.000000e+01  0.000000e+00
     vertex  4.922444e+01 -3.151278e+01  0.000000e+00
     vertex  4.930081e+01 -3.154956e+01  0.000000e+00
   endloop
 endfacet
 facet normal  0.000000e+00  0.000000e+00 -1.000000e+00
   outer loop
     vertex  6.000000e+01 -4.000000e+01  0.000000e+00
     vertex  4.915000e+01 -3.147224e+01  0.000000e+00
     vertex  4.922444e+01 -3.151278e+01  0.000000e+00
   endloop
 endfacet
 facet normal  0.000000e+00  0.000000e+00 -1.000000e+00
   outer loop
     vertex  6.000000e+01 -4.000000e+01  0.000000e+00
     vertex  4.907767e+01 -3.142804e+01  0.000000e+00
     vertex  4.915000e+01 -3.147224e+01  0.000000e+00
   endloop
 endfacet
 facet normal  0.000000e+00  0.000000e+00 -1.000000e+00
   outer loop
     vertex  6.000000e+01 -4.000000e+01  0.000000e+00
     vertex -6.000000e+01 -4.000000e+01  0.000000e+00
     vertex  4.907767e+01 -3.142804e+01  0.000000e+00
   endloop
 endfacet
 facet normal  0.000000e+00 -0.000000e+00 -1.000000e+00
   outer loop
     vertex  5.124619e+01 -3.115629e+01  0.000000e+00
     vertex  6.000000e+01 -4.000000e+01  0.000000e+00
     vertex  5.118700e+01 -3.121697e+01  0.000000e+00
   endloop
 endfacet
 facet normal  0.000000e+00 -0.000000e+00 -1.000000e+00
   outer loop
     vertex  5.130228e+01 -3.109274e+01  0.000000e+00
     vertex  6.000000e+01 -4.000000e+01  0.000000e+00
     vertex  5.124619e+01 -3.115629e+01  0.000000e+00
   endloop
 endfacet
 facet normal  0.000000e+00 -0.000000e+00 -1.000000e+00
   outer loop
     vertex  5.135513e+01 -3.102647e+01  0.000000e+00
     vertex  6.000000e+01 -4.000000e+01  0.000000e+00
     vertex  5.130228e+01 -3.109274e+01  0.000000e+00
   endloop
 endfacet
 facet normal  0.000000e+00 -0.000000e+00 -1.000000e+00
   outer loop
     vertex  5.140461e+01 -3.095764e+01  0.000000e+00
     vertex  6.000000e+01 -4.000000e+01  0.000000e+00
     vertex  5.135513e+01 -3.102647e+01  0.000000e+00
   endloop
 endfacet
 facet normal  0.000000e+00 -0.000000e+00 -1.000000e+00
   outer loop
     vertex  5.145059e+01 -3.088644e+01  0.000000e+00
     vertex  6.000000e+01 -4.000000e+01  0.000000e+00
     vertex  5.140461e+01 -3.095764e+01  0.000000e+00
   endloop
 endfacet
 facet normal  0.000000e+00 -0.000000e+00 -1.000000e+00
   outer loop
     vertex  5.149298e+01 -3.081303e+01  0.000000e+00
     vertex  6.000000e+01 -4.000000e+01  0.000000e+00
     vertex  5.145059e+01 -3.088644e+01  0.000000e+00
   endloop
 endfacet
 facet normal  0.000000e+00 -0.000000e+00 -1.000000e+00
   outer loop
     vertex  5.153165e+01 -3.073760e+01  0.000000e+00
     vertex  6.000000e+01 -4.000000e+01  0.000000e+00
     vertex  5.149298e+01 -3.081303e+01  0.000000e+00
   endloop
 endfacet
 facet normal  0.000000e+00 -0.000000e+00 -1.000000e+00
   outer loop
     vertex  5.156651e+01 -3.066034e+01  0.000000e+00
     vertex  6.000000e+01 -4.000000e+01  0.000000e+00
     vertex  5.153165e+01 -3.073760e+01  0.000000e+00
   endloop
 endfacet
 facet normal  0.000000e+00 -0.000000e+00 -1.000000e+00
   outer loop
     vertex  5.159748e+01 -3.058143e+01  0.000000e+00
     vertex  6.000000e+01 -4.000000e+01  0.000000e+00
     vertex  5.156651e+01 -3.066034e+01  0.000000e+00
   endloop
 endfacet
 facet normal  0.000000e+00 -0.000000e+00 -1.000000e+00
   outer loop
     vertex  5.162447e+01 -3.050108e+01  0.000000e+00
     vertex  6.000000e+01 -4.000000e+01  0.000000e+00
     vertex  5.159748e+01 -3.058143e+01  0.000000e+00
   endloop
 endfacet
 facet normal  0.000000e+00 -0.000000e+00 -1.000000e+00
   outer loop
     vertex  5.164743e+01 -3.041949e+01  0.000000e+00
     vertex  6.000000e+01 -4.000000e+01  0.000000e+00
     vertex  5.162447e+01 -3.050108e+01  0.000000e+00
   endloop
 endfacet
 facet normal  0.000000e+00 -0.000000e+00 -1.000000e+00
   outer loop
     vertex  5.166629e+01 -3.033685e+01  0.000000e+00
     vertex  6.000000e+01 -4.000000e+01  0.000000e+00
     vertex  5.164743e+01 -3.041949e+01  0.000000e+00
   endloop
 endfacet
 facet normal  0.000000e+00 -0.000000e+00 -1.000000e+00
   outer loop
     vertex  5.168101e+01 -3.025337e+01  0.000000e+00
     vertex  6.000000e+01 -4.000000e+01  0.000000e+00
     vertex  5.166629e+01 -3.033685e+01  0.000000e+00
   endloop
 endfacet
 facet normal  0.000000e+00 -0.000000e+00 -1.000000e+00
   outer loop
     vertex  5.169155e+01 -3.016927e+01  0.000000e+00
     vertex  6.000000e+01 -4.000000e+01  0.000000e+00
     vertex  5.168101e+01 -3.025337e+01  0.000000e+00
   endloop
 endfacet
 facet normal  0.000000e+00 -0.000000e+00 -1.000000e+00
   outer loop
     vertex  5.169789e+01 -3.008474e+01  0.000000e+00
     vertex  6.000000e+01 -4.000000e+01  0.000000e+00
     vertex  5.169155e+01 -3.016927e+01  0.000000e+00
   endloop
 endfacet
 facet normal  0.000000e+00 -0.000000e+00 -1.000000e+00
   outer loop
     vertex  5.170000e+01 -3.000000e+01  0.000000e+00
     vertex  6.000000e+01 -4.000000e+01  0.000000e+00
     vertex  5.169789e+01 -3.008474e+01  0.000000e+00
   endloop
 endfacet
 facet normal  0.000000e+00  0.000000e+00 -1.000000e+00
   outer loop
     vertex  5.169789e+01 -2.991526e+01  0.000000e+00
     vertex  6.000000e+01 -4.000000e+01  0.000000e+00
     vertex  5.170000e+01 -3.000000e+01  0.000000e+00
   endloop
 endfacet
 facet normal  0.000000e+00  0.000000e+00 -1.000000e+00
   outer loop
     vertex  5.169155e+01 -2.983073e+01  0.000000e+00
     vertex  6.000000e+01 -4.000000e+01  0.000000e+00
     vertex  5.169789e+01 -2.991526e+01  0.000000e+00
   endloop
 endfacet
 facet normal  0.000000e+00  0.000000e+00 -1.000000e+00
   outer loop
     vertex  5.168101e+01 -2.974663e+01  0.000000e+00
     vertex  6.000000e+01 -4.000000e+01  0.000000e+00
     vertex  5.169155e+01 -2.983073e+01  0.000000e+00
   endloop
 endfacet
 facet normal  0.000000e+00  0.000000e+00 -1.000000e+00
   outer loop
     vertex  5.166629e+01 -2.966315e+01  0.000000e+00
     vertex  6.000000e+01 -4.000000e+01  0.000000e+00
     vertex  5.168101e+01 -2.974663e+01  0.000000e+00
   endloop
 endfacet
 facet normal  0.000000e+00  0.000000e+00 -1.000000e+00
   outer loop
     vertex  5.164743e+01 -2.958051e+01  0.000000e+00
     vertex  6.000000e+01 -4.000000e+01  0.000000e+00
     vertex  5.166629e+01 -2.966315e+01  0.000000e+00
   endloop
 endfacet
 facet normal  0.000000e+00  0.000000e+00 -1.000000e+00
   outer loop
     vertex  5.162447e+01 -2.949892e+01  0.000000e+00
     vertex  6.000000e+01 -4.000000e+01  0.000000e+00
     vertex  5.164743e+01 -2.958051e+01  0.000000e+00
   endloop
 endfacet
 facet normal  0.000000e+00  0.000000e+00 -1.000000e+00
   outer loop
     vertex  5.159748e+01 -2.941857e+01  0.000000e+00
     vertex  6.000000e+01 -4.000000e+01  0.000000e+00
     vertex  5.162447e+01 -2.949892e+01  0.000000e+00
   endloop
 endfacet
 facet normal  0.000000e+00  0.000000e+00 -1.000000e+00
   outer loop
     vertex  5.156651e+01 -2.933966e+01  0.000000e+00
     vertex  6.000000e+01 -4.000000e+01  0.000000e+00
     vertex  5.159748e+01 -2.941857e+01  0.000000e+00
   endloop
 endfacet
 facet normal  0.000000e+00  0.000000e+00 -1.000000e+00
   outer loop
     vertex  5.153165e+01 -2.926240e+01  0.000000e+00
     vertex  6.000000e+01 -4.000000e+01  0.000000e+00
     vertex  5.156651e+01 -2.933966e+01  0.000000e+00
   endloop
 endfacet
 facet normal  0.000000e+00  0.000000e+00 -1.000000e+00
   outer loop
     vertex  5.149298e+01 -2.918697e+01  0.000000e+00
     vertex  6.000000e+01 -4.000000e+01  0.000000e+00
     vertex  5.153165e+01 -2.926240e+01  0.000000e+00
   endloop
 endfacet
 facet normal  0.000000e+00  0.000000e+00 -1.000000e+00
   outer loop
     vertex  5.145059e+01 -2.911356e+01  0.000000e+00
     vertex  6.000000e+01 -4.000000e+01  0.000000e+00
     vertex  5.149298e+01 -2.918697e+01  0.000000e+00
   endloop
 endfacet
 facet normal  0.000000e+00  0.000000e+00 -1.000000e+00
   outer loop
     vertex  4.875381e+01  2.884371e+01  0.000000e+00
     vertex  4.881300e+01 -2.878303e+01  0.000000e+00
     vertex  4.875381e+01 -2.884371e+01  0.000000e+00
   endloop
 endfacet
 facet normal  0.000000e+00  0.000000e+00 -1.000000e+00
   outer loop
     vertex  4.875381e+01  2.884371e+01  0.000000e+00
     vertex  4.881300e+01  2.878303e+01  0.000000e+00
     vertex  4.881300e+01 -2.878303e+01  0.000000e+00
   endloop
 endfacet
 facet normal  0.000000e+00 -0.000000e+00 -1.000000e+00
   outer loop
     vertex  4.887513e+01  2.872537e+01  0.000000e+00
     vertex  4.887513e+01 -2.872537e+01  0.000000e+00
     vertex  4.881300e+01 -2.878303e+01  0.000000e+00
   endloop
 endfacet
 facet normal -0.000000e+00  0.000000e+00 -1.000000e+00
   outer loop
     vertex  4.887513e+01  2.872537e+01  0.000000e+00
     vertex  4.881300e+01 -2.878303e+01  0.000000e+00
     vertex  4.881300e+01  2.878303e+01  0.000000e+00
   endloop
 endfacet
 facet normal  0.000000e+00  0.000000e+00 -1.000000e+00
   outer loop
     vertex  4.869772e+01  2.890726e+01  0.000000e+00
     vertex  4.875381e+01 -2.884371e+01  0.000000e+00
     vertex  4.869772e+01 -2.890726e+01  0.000000e+00
   endloop
 endfacet
 facet normal  0.000000e+00  0.000000e+00 -1.000000e+00
   outer loop
     vertex  4.869772e+01  2.890726e+01  0.000000e+00
     vertex  4.875381e+01  2.884371e+01  0.000000e+00
     vertex  4.875381e+01 -2.884371e+01  0.000000e+00
   endloop
 endfacet
 facet normal  0.000000e+00 -0.000000e+00 -1.000000e+00
   outer loop
     vertex  4.894007e+01  2.867089e+01  0.000000e+00
     vertex  4.894007e+01 -2.867089e+01  0.000000e+00
     vertex  4.887513e+01 -2.872537e+01  0.000000e+00
   endloop
 endfacet
 facet normal -0.000000e+00  0.000000e+00 -1.000000e+00
   outer loop
     vertex  4.894007e+01  2.867089e+01  0.000000e+00
     vertex  4.887513e+01 -2.872537e+01  0.000000e+00
     vertex  4.887513e+01  2.872537e+01  0.000000e+00
   endloop
 endfacet
 facet normal  0.000000e+00  0.000000e+00 -1.000000e+00
   outer loop
     vertex  4.864487e+01  2.897353e+01  0.000000e+00
     vertex  4.869772e+01 -2.890726e+01  0.000000e+00
     vertex  4.864487e+01 -2.897353e+01  0.000000e+00
   endloop
 endfacet
 facet normal  0.000000e+00  0.000000e+00 -1.000000e+00
   outer loop
     vertex  4.864487e+01  2.897353e+01  0.000000e+00
     vertex  4.869772e+01  2.890726e+01  0.000000e+00
     vertex  4.869772e+01 -2.890726e+01  0.000000e+00
   endloop
 endfacet
 facet normal  0.000000e+00 -0.000000e+00 -1.000000e+00
   outer loop
     vertex  4.900764e+01  2.861971e+01  0.000000e+00
     vertex  4.900764e+01 -2.861971e+01  0.000000e+00
     vertex  4.894007e+01 -2.867089e+01  0.000000e+00
   endloop
 endfacet
 facet normal -0.000000e+00  0.000000e+00 -1.000000e+00
   outer loop
     vertex  4.900764e+01  2.861971e+01  0.000000e+00
     vertex  4.894007e+01 -2.867089e+01  0.000000e+00
     vertex  4.894007e+01  2.867089e+01  0.000000e+00
   endloop
 endfacet
 facet normal  0.000000e+00  0.000000e+00 -1.000000e+00
   outer loop
     vertex  4.859539e+01  2.904236e+01  0.000000e+00
     vertex  4.864487e+01 -2.897353e+01  0.000000e+00
     vertex  4.859539e+01 -2.904236e+01  0.000000e+00
   endloop
 endfacet
 facet normal  0.000000e+00  0.000000e+00 -1.000000e+00
   outer loop
     vertex  4.859539e+01  2.904236e+01  0.000000e+00
     vertex  4.864487e+01  2.897353e+01  0.000000e+00
     vertex  4.864487e+01 -2.897353e+01  0.000000e+00
   endloop
 endfacet
 facet normal -0.000000e+00  0.000000e+00 -1.000000e+00
   outer loop
     vertex  4.907767e+01  2.857196e+01  0.000000e+00
     vertex  4.900764e+01 -2.861971e+01  0.000000e+00
     vertex  4.900764e+01  2.861971e+01  0.000000e+00
   endloop
 endfacet
 facet normal  0.000000e+00 -0.000000e+00 -1.000000e+00
   outer loop
     vertex  4.907767e+01  2.857196e+01  0.000000e+00
     vertex  4.907767e+01 -2.857196e+01  0.000000e+00
     vertex  4.900764e+01 -2.861971e+01  0.000000e+00
   endloop
 endfacet
 facet normal  0.000000e+00  0.000000e+00 -1.000000e+00
   outer loop
     vertex  4.907767e+01  2.857196e+01  0.000000e+00
     vertex  4.915000e+01 -2.852776e+01  0.000000e+00
     vertex  4.907767e+01 -2.857196e+01  0.000000e+00
   endloop
 endfacet
 facet normal  0.000000e+00  0.000000e+00 -1.000000e+00
   outer loop
     vertex  4.854941e+01  2.911356e+01  0.000000e+00
     vertex  4.859539e+01 -2.904236e+01  0.000000e+00
     vertex  4.854941e+01 -2.911356e+01  0.000000e+00
   endloop
 endfacet
 facet normal  0.000000e+00 -0.000000e+00 -1.000000e+00
   outer loop
     vertex  4.854941e+01  2.911356e+01  0.000000e+00
     vertex  4.854941e+01 -2.911356e+01  0.000000e+00
     vertex -4.854941e+01  2.911356e+01  0.000000e+00
   endloop
 endfacet
 facet normal  0.000000e+00  0.000000e+00 -1.000000e+00
   outer loop
     vertex  4.854941e+01  2.911356e+01  0.000000e+00
     vertex  4.859539e+01  2.904236e+01  0.000000e+00
     vertex  4.859539e+01 -2.904236e+01  0.000000e+00
   endloop
 endfacet
 facet normal -0.000000e+00 -0.000000e+00 -1.000000e+00
   outer loop
     vertex  4.915000e+01  2.852776e+01  0.000000e+00
     vertex  4.915000e+01 -2.852776e+01  0.000000e+00
     vertex  4.907767e+01  2.857196e+01  0.000000e+00
   endloop
 endfacet
 facet normal  0.000000e+00  0.000000e+00 -1.000000e+00
   outer loop
     vertex  4.850702e+01  2.918697e+01  0.000000e+00
     vertex -4.854941e+01  2.911356e+01  0.000000e+00
     vertex -4.850702e+01  2.918697e+01  0.000000e+00
   endloop
 endfacet
 facet normal  0.000000e+00 -0.000000e+00 -1.000000e+00
   outer loop
     vertex  4.850702e+01  2.918697e+01  0.000000e+00
     vertex  4.854941e+01  2.911356e+01  0.000000e+00
     vertex -4.854941e+01  2.911356e+01  0.000000e+00
   endloop
 endfacet
 facet normal  0.000000e+00 -0.000000e+00 -1.000000e+00
   outer loop
     vertex  4.922444e+01  2.848722e+01  0.000000e+00
     vertex  4.922444e+01 -2.848722e+01  0.000000e+00
     vertex  4.915000e+01 -2.852776e+01  0.000000e+00
   endloop
 endfacet
 facet normal  0.000000e+00  0.000000e+00 -1.000000e+00
   outer loop
     vertex  4.922444e+01  2.848722e+01  0.000000e+00
     vertex  4.930081e+01 -2.845044e+01  0.000000e+00
     vertex  4.922444e+01 -2.848722e+01  0.000000e+00
   endloop
 endfacet
 facet normal -0.000000e+00  0.000000e+00 -1.000000e+00
   outer loop
     vertex  4.922444e+01  2.848722e+01  0.000000e+00
     vertex  4.915000e+01 -2.852776e+01  0.000000e+00
     vertex  4.915000e+01  2.852776e+01  0.000000e+00
   endloop
 endfacet
 facet normal  0.000000e+00 -0.000000e+00 -1.000000e+00
   outer loop
     vertex  4.846835e+01  2.926240e+01  0.000000e+00
     vertex  4.850702e+01  2.918697e+01  0.000000e+00
     vertex -4.850702e+01  2.918697e+01  0.000000e+00
   endloop
 endfacet
 facet normal  0.000000e+00  0.000000e+00 -1.000000e+00
   outer loop
     vertex  4.846835e+01  2.926240e+01  0.000000e+00
     vertex -4.850702e+01  2.918697e+01  0.000000e+00
     vertex -4.846835e+01  2.926240e+01  0.000000e+00
   endloop
 endfacet
 facet normal -0.000000e+00 -0.000000e+00 -1.000000e+00
   outer loop
     vertex  4.930081e+01  2.845044e+01  0.000000e+00
     vertex  4.930081e+01 -2.845044e+01  0.000000e+00
     vertex  4.922444e+01  2.848722e+01  0.000000e+00
   endloop
 endfacet
 facet normal  0.000000e+00  0.000000e+00 -1.000000e+00
   outer loop
     vertex  4.843349e+01  2.933966e+01  0.000000e+00
     vertex -4.846835e+01  2.926240e+01  0.000000e+00
     vertex -4.843349e+01  2.933966e+01  0.000000e+00
   endloop
 endfacet
 facet normal  0.000000e+00 -0.000000e+00 -1.000000e+00
   outer loop
     vertex  4.843349e+01  2.933966e+01  0.000000e+00
     vertex  4.846835e+01  2.926240e+01  0.000000e+00
     vertex -4.846835e+01  2.926240e+01  0.000000e+00
   endloop
 endfacet
 facet normal  0.000000e+00 -0.000000e+00 -1.000000e+00
   outer loop
     vertex  4.937892e+01  2.841751e+01  0.000000e+00
     vertex  4.937892e+01 -2.841751e+01  0.000000e+00
     vertex  4.930081e+01 -2.845044e+01  0.000000e+00
   endloop
 endfacet
 facet normal  0.000000e+00  0.000000e+00 -1.000000e+00
   outer loop
     vertex  4.937892e+01  2.841751e+01  0.000000e+00
     vertex  4.945857e+01 -2.838852e+01  0.000000e+00
     vertex  4.937892e+01 -2.841751e+01  0.000000e+00
   endloop
 endfacet
 facet normal -0.000000e+00  0.000000e+00 -1.000000e+00
   outer loop
     vertex  4.937892e+01  2.841751e+01  0.000000e+00
     vertex  4.930081e+01 -2.845044e+01  0.000000e+00
     vertex  4.930081e+01  2.845044e+01  0.000000e+00
   endloop
 endfacet
 facet normal  0.000000e+00 -0.000000e+00 -1.000000e+00
   outer loop
     vertex  4.840252e+01  2.941857e+01  0.000000e+00
     vertex  4.843349e+01  2.933966e+01  0.000000e+00
     vertex -4.843349e+01  2.933966e+01  0.000000e+00
   endloop
 endfacet
 facet normal  0.000000e+00  0.000000e+00 -1.000000e+00
   outer loop
     vertex  4.840252e+01  2.941857e+01  0.000000e+00
     vertex -4.843349e+01  2.933966e+01  0.000000e+00
     vertex -4.840252e+01  2.941857e+01  0.000000e+00
   endloop
 endfacet
 facet normal  0.000000e+00  0.000000e+00 -1.000000e+00
   outer loop
     vertex  4.945857e+01  2.838852e+01  0.000000e+00
     vertex  4.953957e+01 -2.836354e+01  0.000000e+00
     vertex  4.945857e+01 -2.838852e+01  0.000000e+00
   endloop
 endfacet
 facet normal -0.000000e+00 -0.000000e+00 -1.000000e+00
   outer loop
     vertex  4.945857e+01  2.838852e+01  0.000000e+00
     vertex  4.945857e+01 -2.838852e+01  0.000000e+00
     vertex  4.937892e+01  2.841751e+01  0.000000e+00
   endloop
 endfacet
 facet normal  0.000000e+00  0.000000e+00 -1.000000e+00
   outer loop
     vertex  4.837553e+01  2.949892e+01  0.000000e+00
     vertex -4.840252e+01  2.941857e+01  0.000000e+00
     vertex -4.837553e+01  2.949892e+01  0.000000e+00
   endloop
 endfacet
 facet normal  0.000000e+00 -0.000000e+00 -1.000000e+00
   outer loop
     vertex  4.837553e+01  2.949892e+01  0.000000e+00
     vertex  4.840252e+01  2.941857e+01  0.000000e+00
     vertex -4.840252e+01  2.941857e+01  0.000000e+00
   endloop
 endfacet
 facet normal -0.000000e+00 -0.000000e+00 -1.000000e+00
   outer loop
     vertex  4.953957e+01  2.836354e+01  0.000000e+00
     vertex  4.953957e+01 -2.836354e+01  0.000000e+00
     vertex  4.945857e+01  2.838852e+01  0.000000e+00
   endloop
 endfacet
 facet normal  0.000000e+00  0.000000e+00 -1.000000e+00
   outer loop
     vertex  4.835257e+01  2.958051e+01  0.000000e+00
     vertex -4.837553e+01  2.949892e+01  0.000000e+00
     vertex -4.835257e+01  2.958051e+01  0.000000e+00
   endloop
 endfacet
 facet normal  0.000000e+00 -0.000000e+00 -1.000000e+00
   outer loop
     vertex  4.835257e+01  2.958051e+01  0.000000e+00
     vertex  4.837553e+01  2.949892e+01  0.000000e+00
     vertex -4.837553e+01  2.949892e+01  0.000000e+00
   endloop
 endfacet
 facet normal  0.000000e+00 -0.000000e+00 -1.000000e+00
   outer loop
     vertex  4.962171e+01  2.834262e+01  0.000000e+00
     vertex  4.962171e+01 -2.834262e+01  0.000000e+00
     vertex  4.953957e+01 -2.836354e+01  0.000000e+00
   endloop
 endfacet
 facet normal  0.000000e+00  0.000000e+00 -1.000000e+00
   outer loop
     vertex  4.962171e+01  2.834262e+01  0.000000e+00
     vertex  4.970480e+01 -2.832583e+01  0.000000e+00
     vertex  4.962171e+01 -2.834262e+01  0.000000e+00
   endloop
 endfacet
 facet normal -0.000000e+00  0.000000e+00 -1.000000e+00
   outer loop
     vertex  4.962171e+01  2.834262e+01  0.000000e+00
     vertex  4.953957e+01 -2.836354e+01  0.000000e+00
     vertex  4.953957e+01  2.836354e+01  0.000000e+00
   endloop
 endfacet
 facet normal  0.000000e+00 -0.000000e+00 -1.000000e+00
   outer loop
     vertex  4.833371e+01  2.966315e+01  0.000000e+00
     vertex  4.835257e+01  2.958051e+01  0.000000e+00
     vertex -4.835257e+01  2.958051e+01  0.000000e+00
   endloop
 endfacet
 facet normal -0.000000e+00  0.000000e+00 -1.000000e+00
   outer loop
     vertex  4.833371e+01  2.966315e+01  0.000000e+00
     vertex -4.833371e+01  2.966315e+01  0.000000e+00
     vertex -4.831899e+01  2.974663e+01  0.000000e+00
   endloop
 endfacet
 facet normal  0.000000e+00  0.000000e+00 -1.000000e+00
   outer loop
     vertex  4.833371e+01  2.966315e+01  0.000000e+00
     vertex -4.835257e+01  2.958051e+01  0.000000e+00
     vertex -4.833371e+01  2.966315e+01  0.000000e+00
   endloop
 endfacet
 facet normal -0.000000e+00 -0.000000e+00 -1.000000e+00
   outer loop
     vertex  4.970480e+01  2.832583e+01  0.000000e+00
     vertex  4.970480e+01 -2.832583e+01  0.000000e+00
     vertex  4.962171e+01  2.834262e+01  0.000000e+00
   endloop
 endfacet
 facet normal  0.000000e+00 -0.000000e+00 -1.000000e+00
   outer loop
     vertex  4.831899e+01  2.974663e+01  0.000000e+00
     vertex  4.833371e+01  2.966315e+01  0.000000e+00
     vertex -4.831899e+01  2.974663e+01  0.000000e+00
   endloop
 endfacet
 facet normal -0.000000e+00  0.000000e+00 -1.000000e+00
   outer loop
     vertex  4.978862e+01  2.831319e+01  0.000000e+00
     vertex  4.970480e+01 -2.832583e+01  0.000000e+00
     vertex  4.970480e+01  2.832583e+01  0.000000e+00
   endloop
 endfacet
 facet normal  0.000000e+00 -0.000000e+00 -1.000000e+00
   outer loop
     vertex  4.978862e+01  2.831319e+01  0.000000e+00
     vertex  4.978862e+01 -2.831319e+01  0.000000e+00
     vertex  4.970480e+01 -2.832583e+01  0.000000e+00
   endloop
 endfacet
 facet normal  0.000000e+00 -0.000000e+00 -1.000000e+00
   outer loop
     vertex  4.830845e+01  2.983073e+01  0.000000e+00
     vertex  4.831899e+01  2.974663e+01  0.000000e+00
     vertex -4.831899e+01  2.974663e+01  0.000000e+00
   endloop
 endfacet
 facet normal  0.000000e+00  0.000000e+00 -1.000000e+00
   outer loop
     vertex  4.830845e+01  2.983073e+01  0.000000e+00
     vertex -4.831899e+01  2.974663e+01  0.000000e+00
     vertex -4.830845e+01  2.983073e+01  0.000000e+00
   endloop
 endfacet
 facet normal  0.000000e+00 -0.000000e+00 -1.000000e+00
   outer loop
     vertex  4.987296e+01  2.830475e+01  0.000000e+00
     vertex  4.987296e+01 -2.830475e+01  0.000000e+00
     vertex  4.978862e+01 -2.831319e+01  0.000000e+00
   endloop
 endfacet
 facet normal -0.000000e+00  0.000000e+00 -1.000000e+00
   outer loop
     vertex  4.987296e+01  2.830475e+01  0.000000e+00
     vertex  4.978862e+01 -2.831319e+01  0.000000e+00
     vertex  4.978862e+01  2.831319e+01  0.000000e+00
   endloop
 endfacet
 facet normal  0.000000e+00 -0.000000e+00 -1.000000e+00
   outer loop
     vertex  4.830211e+01  2.991526e+01  0.000000e+00
     vertex  4.830845e+01  2.983073e+01  0.000000e+00
     vertex -4.830845e+01  2.983073e+01  0.000000e+00
   endloop
 endfacet
 facet normal  0.000000e+00  0.000000e+00 -1.000000e+00
   outer loop
     vertex  4.830211e+01  2.991526e+01  0.000000e+00
     vertex -4.830845e+01  2.983073e+01  0.000000e+00
     vertex -4.830211e+01  2.991526e+01  0.000000e+00
   endloop
 endfacet
 facet normal  0.000000e+00 -0.000000e+00 -1.000000e+00
   outer loop
     vertex  4.995762e+01  2.830053e+01  0.000000e+00
     vertex  4.995762e+01 -2.830053e+01  0.000000e+00
     vertex  4.987296e+01 -2.830475e+01  0.000000e+00
   endloop
 endfacet
 facet normal -0.000000e+00  0.000000e+00 -1.000000e+00
   outer loop
     vertex  4.995762e+01  2.830053e+01  0.000000e+00
     vertex  4.987296e+01 -2.830475e+01  0.000000e+00
     vertex  4.987296e+01  2.830475e+01  0.000000e+00
   endloop
 endfacet
 facet normal  0.000000e+00 -0.000000e+00 -1.000000e+00
   outer loop
     vertex  4.830000e+01  3.000000e+01  0.000000e+00
     vertex  4.830211e+01  2.991526e+01  0.000000e+00
     vertex -4.830211e+01  2.991526e+01  0.000000e+00
   endloop
 endfacet
 facet normal  0.000000e+00  0.000000e+00 -1.000000e+00
   outer loop
     vertex  4.830000e+01  3.000000e+01  0.000000e+00
     vertex -4.830211e+01  2.991526e+01  0.000000e+00
     vertex -4.830000e+01  3.000000e+01  0.000000e+00
   endloop
 endfacet
 facet normal  0.000000e+00 -0.000000e+00 -1.000000e+00
   outer loop
     vertex  5.004238e+01  2.830053e+01  0.000000e+00
     vertex  5.004238e+01 -2.830053e+01  0.000000e+00
     vertex  4.995762e+01 -2.830053e+01  0.000000e+00
   endloop
 endfacet
 facet normal  0.000000e+00  0.000000e+00 -1.000000e+00
   outer loop
     vertex  5.004238e+01  2.830053e+01  0.000000e+00
     vertex  5.012704e+01 -2.830475e+01  0.000000e+00
     vertex  5.004238e+01 -2.830053e+01  0.000000e+00
   endloop
 endfacet
 facet normal -0.000000e+00  0.000000e+00 -1.000000e+00
   outer loop
     vertex  5.004238e+01  2.830053e+01  0.000000e+00
     vertex  4.995762e+01 -2.830053e+01  0.000000e+00
     vertex  4.995762e+01  2.830053e+01  0.000000e+00
   endloop
 endfacet
 facet normal  0.000000e+00  0.000000e+00 -1.000000e+00
   outer loop
     vertex  4.830211e+01  3.008474e+01  0.000000e+00
     vertex  4.830000e+01  3.000000e+01  0.000000e+00
     vertex -4.830000e+01  3.000000e+01  0.000000e+00
   endloop
 endfacet
 facet normal  0.000000e+00  0.000000e+00 -1.000000e+00
   outer loop
     vertex  4.830211e+01  3.008474e+01  0.000000e+00
     vertex -4.830000e+01  3.000000e+01  0.000000e+00
     vertex -4.830211e+01  3.008474e+01  0.000000e+00
   endloop
 endfacet
 facet normal  0.000000e+00 -0.000000e+00 -1.000000e+00
   outer loop
     vertex  5.012704e+01  2.830475e+01  0.000000e+00
     vertex  5.012704e+01 -2.830475e+01  0.000000e+00
     vertex  5.004238e+01  2.830053e+01  0.000000e+00
   endloop
 endfacet
 facet normal  0.000000e+00  0.000000e+00 -1.000000e+00
   outer loop
     vertex  4.830845e+01  3.016927e+01  0.000000e+00
     vertex  4.830211e+01  3.008474e+01  0.000000e+00
     vertex -4.830211e+01  3.008474e+01  0.000000e+00
   endloop
 endfacet
 facet normal -0.000000e+00  0.000000e+00 -1.000000e+00
   outer loop
     vertex  4.830845e+01  3.016927e+01  0.000000e+00
     vertex -4.830845e+01  3.016927e+01  0.000000e+00
     vertex -4.831899e+01  3.025337e+01  0.000000e+00
   endloop
 endfacet
 facet normal  0.000000e+00  0.000000e+00 -1.000000e+00
   outer loop
     vertex  4.830845e+01  3.016927e+01  0.000000e+00
     vertex -4.830211e+01  3.008474e+01  0.000000e+00
     vertex -4.830845e+01  3.016927e+01  0.000000e+00
   endloop
 endfacet
 facet normal  0.000000e+00 -0.000000e+00 -1.000000e+00
   outer loop
     vertex  5.021138e+01  2.831319e+01  0.000000e+00
     vertex  5.021138e+01 -2.831319e+01  0.000000e+00
     vertex  5.012704e+01 -2.830475e+01  0.000000e+00
   endloop
 endfacet
 facet normal  0.000000e+00  0.000000e+00 -1.000000e+00
   outer loop
     vertex  5.021138e+01  2.831319e+01  0.000000e+00
     vertex  5.012704e+01 -2.830475e+01  0.000000e+00
     vertex  5.012704e+01  2.830475e+01  0.000000e+00
   endloop
 endfacet
 facet normal  0.000000e+00  0.000000e+00 -1.000000e+00
   outer loop
     vertex  4.831899e+01  3.025337e+01  0.000000e+00
     vertex  4.830845e+01  3.016927e+01  0.000000e+00
     vertex -4.831899e+01  3.025337e+01  0.000000e+00
   endloop
 endfacet
 facet normal  0.000000e+00 -0.000000e+00 -1.000000e+00
   outer loop
     vertex  5.029520e+01  2.832583e+01  0.000000e+00
     vertex  5.029520e+01 -2.832583e+01  0.000000e+00
     vertex  5.021138e+01 -2.831319e+01  0.000000e+00
   endloop
 endfacet
 facet normal  0.000000e+00  0.000000e+00 -1.000000e+00
   outer loop
     vertex  5.029520e+01  2.832583e+01  0.000000e+00
     vertex  5.037829e+01 -2.834262e+01  0.000000e+00
     vertex  5.029520e+01 -2.832583e+01  0.000000e+00
   endloop
 endfacet
 facet normal  0.000000e+00  0.000000e+00 -1.000000e+00
   outer loop
     vertex  5.029520e+01  2.832583e+01  0.000000e+00
     vertex  5.021138e+01 -2.831319e+01  0.000000e+00
     vertex  5.021138e+01  2.831319e+01  0.000000e+00
   endloop
 endfacet
 facet normal  0.000000e+00  0.000000e+00 -1.000000e+00
   outer loop
     vertex  4.833371e+01  3.033685e+01  0.000000e+00
     vertex  4.831899e+01  3.025337e+01  0.000000e+00
     vertex -4.831899e+01  3.025337e+01  0.000000e+00
   endloop
 endfacet
 facet normal -0.000000e+00  0.000000e+00 -1.000000e+00
   outer loop
     vertex  4.833371e+01  3.033685e+01  0.000000e+00
     vertex -4.833371e+01  3.033685e+01  0.000000e+00
     vertex -4.835257e+01  3.041949e+01  0.000000e+00
   endloop
 endfacet
 facet normal  0.000000e+00  0.000000e+00 -1.000000e+00
   outer loop
     vertex  4.833371e+01  3.033685e+01  0.000000e+00
     vertex -4.831899e+01  3.025337e+01  0.000000e+00
     vertex -4.833371e+01  3.033685e+01  0.000000e+00
   endloop
 endfacet
 facet normal  0.000000e+00 -0.000000e+00 -1.000000e+00
   outer loop
     vertex  5.037829e+01  2.834262e+01  0.000000e+00
     vertex  5.037829e+01 -2.834262e+01  0.000000e+00
     vertex  5.029520e+01  2.832583e+01  0.000000e+00
   endloop
 endfacet
 facet normal  0.000000e+00  0.000000e+00 -1.000000e+00
   outer loop
     vertex  4.835257e+01  3.041949e+01  0.000000e+00
     vertex  4.833371e+01  3.033685e+01  0.000000e+00
     vertex -4.835257e+01  3.041949e+01  0.000000e+00
   endloop
 endfacet
 facet normal  0.000000e+00 -0.000000e+00 -1.000000e+00
   outer loop
     vertex  5.046043e+01  2.836354e+01  0.000000e+00
     vertex  5.046043e+01 -2.836354e+01  0.000000e+00
     vertex  5.037829e+01 -2.834262e+01  0.000000e+00
   endloop
 endfacet
 facet normal  0.000000e+00  0.000000e+00 -1.000000e+00
   outer loop
     vertex  5.046043e+01  2.836354e+01  0.000000e+00
     vertex  5.037829e+01 -2.834262e+01  0.000000e+00
     vertex  5.037829e+01  2.834262e+01  0.000000e+00
   endloop
 endfacet
 facet normal  0.000000e+00  0.000000e+00 -1.000000e+00
   outer loop
     vertex  4.837553e+01  3.050108e+01  0.000000e+00
     vertex  4.835257e+01  3.041949e+01  0.000000e+00
     vertex -4.835257e+01  3.041949e+01  0.000000e+00
   endloop
 endfacet
 facet normal  0.000000e+00  0.000000e+00 -1.000000e+00
   outer loop
     vertex  4.837553e+01  3.050108e+01  0.000000e+00
     vertex -4.835257e+01  3.041949e+01  0.000000e+00
     vertex -4.837553e+01  3.050108e+01  0.000000e+00
   endloop
 endfacet
 facet normal  0.000000e+00 -0.000000e+00 -1.000000e+00
   outer loop
     vertex  5.054143e+01  2.838852e+01  0.000000e+00
     vertex  5.054143e+01 -2.838852e+01  0.000000e+00
     vertex  5.046043e+01 -2.836354e+01  0.000000e+00
   endloop
 endfacet
 facet normal  0.000000e+00  0.000000e+00 -1.000000e+00
   outer loop
     vertex  5.054143e+01  2.838852e+01  0.000000e+00
     vertex  5.046043e+01 -2.836354e+01  0.000000e+00
     vertex  5.046043e+01  2.836354e+01  0.000000e+00
   endloop
 endfacet
 facet normal  0.000000e+00  0.000000e+00 -1.000000e+00
   outer loop
     vertex  4.840252e+01  3.058143e+01  0.000000e+00
     vertex  4.837553e+01  3.050108e+01  0.000000e+00
     vertex -4.837553e+01  3.050108e+01  0.000000e+00
   endloop
 endfacet
 facet normal  0.000000e+00  0.000000e+00 -1.000000e+00
   outer loop
     vertex  4.840252e+01  3.058143e+01  0.000000e+00
     vertex -4.837553e+01  3.050108e+01  0.000000e+00
     vertex -4.840252e+01  3.058143e+01  0.000000e+00
   endloop
 endfacet
 facet normal  0.000000e+00 -0.000000e+00 -1.000000e+00
   outer loop
     vertex  5.062108e+01  2.841751e+01  0.000000e+00
     vertex  5.062108e+01 -2.841751e+01  0.000000e+00
     vertex  5.054143e+01 -2.838852e+01  0.000000e+00
   endloop
 endfacet
 facet normal  0.000000e+00  0.000000e+00 -1.000000e+00
   outer loop
     vertex  5.062108e+01  2.841751e+01  0.000000e+00
     vertex  5.069919e+01 -2.845044e+01  0.000000e+00
     vertex  5.062108e+01 -2.841751e+01  0.000000e+00
   endloop
 endfacet
 facet normal  0.000000e+00  0.000000e+00 -1.000000e+00
   outer loop
     vertex  5.062108e+01  2.841751e+01  0.000000e+00
     vertex  5.054143e+01 -2.838852e+01  0.000000e+00
     vertex  5.054143e+01  2.838852e+01  0.000000e+00
   endloop
 endfacet
 facet normal  0.000000e+00  0.000000e+00 -1.000000e+00
   outer loop
     vertex  4.843349e+01  3.066034e+01  0.000000e+00
     vertex  4.840252e+01  3.058143e+01  0.000000e+00
     vertex -4.840252e+01  3.058143e+01  0.000000e+00
   endloop
 endfacet
 facet normal  0.000000e+00  0.000000e+00 -1.000000e+00
   outer loop
     vertex  4.843349e+01  3.066034e+01  0.000000e+00
     vertex -4.840252e+01  3.058143e+01  0.000000e+00
     vertex -4.843349e+01  3.066034e+01  0.000000e+00
   endloop
 endfacet
 facet normal  0.000000e+00 -0.000000e+00 -1.000000e+00
   outer loop
     vertex  5.069919e+01  2.845044e+01  0.000000e+00
     vertex  5.069919e+01 -2.845044e+01  0.000000e+00
     vertex  5.062108e+01  2.841751e+01  0.000000e+00
   endloop
 endfacet
 facet normal  0.000000e+00  0.000000e+00 -1.000000e+00
   outer loop
     vertex  4.846835e+01  3.073760e+01  0.000000e+00
     vertex  4.843349e+01  3.066034e+01  0.000000e+00
     vertex -4.843349e+01  3.066034e+01  0.000000e+00
   endloop
 endfacet
 facet normal  0.000000e+00  0.000000e+00 -1.000000e+00
   outer loop
     vertex  4.846835e+01  3.073760e+01  0.000000e+00
     vertex -4.843349e+01  3.066034e+01  0.000000e+00
     vertex -4.846835e+01  3.073760e+01  0.000000e+00
   endloop
 endfacet
 facet normal  0.000000e+00 -0.000000e+00 -1.000000e+00
   outer loop
     vertex  5.077556e+01  2.848722e+01  0.000000e+00
     vertex  5.077556e+01 -2.848722e+01  0.000000e+00
     vertex  5.069919e+01 -2.845044e+01  0.000000e+00
   endloop
 endfacet
 facet normal  0.000000e+00  0.000000e+00 -1.000000e+00
   outer loop
     vertex  5.077556e+01  2.848722e+01  0.000000e+00
     vertex  5.085000e+01 -2.852776e+01  0.000000e+00
     vertex  5.077556e+01 -2.848722e+01  0.000000e+00
   endloop
 endfacet
 facet normal  0.000000e+00  0.000000e+00 -1.000000e+00
   outer loop
     vertex  5.077556e+01  2.848722e+01  0.000000e+00
     vertex  5.069919e+01 -2.845044e+01  0.000000e+00
     vertex  5.069919e+01  2.845044e+01  0.000000e+00
   endloop
 endfacet
 facet normal  0.000000e+00  0.000000e+00 -1.000000e+00
   outer loop
     vertex  4.850702e+01  3.081303e+01  0.000000e+00
     vertex  4.846835e+01  3.073760e+01  0.000000e+00
     vertex -4.846835e+01  3.073760e+01  0.000000e+00
   endloop
 endfacet
 facet normal  0.000000e+00  0.000000e+00 -1.000000e+00
   outer loop
     vertex  4.850702e+01  3.081303e+01  0.000000e+00
     vertex -4.846835e+01  3.073760e+01  0.000000e+00
     vertex -4.850702e+01  3.081303e+01  0.000000e+00
   endloop
 endfacet
 facet normal  0.000000e+00 -0.000000e+00 -1.000000e+00
   outer loop
     vertex  5.085000e+01  2.852776e+01  0.000000e+00
     vertex  5.085000e+01 -2.852776e+01  0.000000e+00
     vertex  5.077556e+01  2.848722e+01  0.000000e+00
   endloop
 endfacet
 facet normal  0.000000e+00  0.000000e+00 -1.000000e+00
   outer loop
     vertex  4.854941e+01  3.088644e+01  0.000000e+00
     vertex  4.850702e+01  3.081303e+01  0.000000e+00
     vertex -4.850702e+01  3.081303e+01  0.000000e+00
   endloop
 endfacet
 facet normal -0.000000e+00  0.000000e+00 -1.000000e+00
   outer loop
     vertex  4.854941e+01  3.088644e+01  0.000000e+00
     vertex -4.854941e+01  3.088644e+01  0.000000e+00
     vertex -4.859539e+01  3.095764e+01  0.000000e+00
   endloop
 endfacet
 facet normal  0.000000e+00  0.000000e+00 -1.000000e+00
   outer loop
     vertex  4.854941e+01  3.088644e+01  0.000000e+00
     vertex -4.850702e+01  3.081303e+01  0.000000e+00
     vertex -4.854941e+01  3.088644e+01  0.000000e+00
   endloop
 endfacet
 facet normal  0.000000e+00 -0.000000e+00 -1.000000e+00
   outer loop
     vertex  5.092233e+01  2.857196e+01  0.000000e+00
     vertex  5.092233e+01 -2.857196e+01  0.000000e+00
     vertex  5.085000e+01 -2.852776e+01  0.000000e+00
   endloop
 endfacet
 facet normal  0.000000e+00  0.000000e+00 -1.000000e+00
   outer loop
     vertex  5.092233e+01  2.857196e+01  0.000000e+00
     vertex  5.085000e+01 -2.852776e+01  0.000000e+00
     vertex  5.085000e+01  2.852776e+01  0.000000e+00
   endloop
 endfacet
 facet normal -0.000000e+00  0.000000e+00 -1.000000e+00
   outer loop
     vertex  4.859539e+01  3.095764e+01  0.000000e+00
     vertex -4.859539e+01  3.095764e+01  0.000000e+00
     vertex -4.864487e+01  3.102647e+01  0.000000e+00
   endloop
 endfacet
 facet normal  0.000000e+00  0.000000e+00 -1.000000e+00
   outer loop
     vertex  4.859539e+01  3.095764e+01  0.000000e+00
     vertex  4.854941e+01  3.088644e+01  0.000000e+00
     vertex -4.859539e+01  3.095764e+01  0.000000e+00
   endloop
 endfacet
 facet normal  0.000000e+00 -0.000000e+00 -1.000000e+00
   outer loop
     vertex  5.099236e+01  2.861971e+01  0.000000e+00
     vertex  5.099236e+01 -2.861971e+01  0.000000e+00
     vertex  5.092233e+01 -2.857196e+01  0.000000e+00
   endloop
 endfacet
 facet normal  0.000000e+00  0.000000e+00 -1.000000e+00
   outer loop
     vertex  5.099236e+01  2.861971e+01  0.000000e+00
     vertex  5.105993e+01 -2.867089e+01  0.000000e+00
     vertex  5.099236e+01 -2.861971e+01  0.000000e+00
   endloop
 endfacet
 facet normal  0.000000e+00  0.000000e+00 -1.000000e+00
   outer loop
     vertex  5.099236e+01  2.861971e+01  0.000000e+00
     vertex  5.092233e+01 -2.857196e+01  0.000000e+00
     vertex  5.092233e+01  2.857196e+01  0.000000e+00
   endloop
 endfacet
 facet normal  0.000000e+00  0.000000e+00 -1.000000e+00
   outer loop
     vertex  4.864487e+01  3.102647e+01  0.000000e+00
     vertex  4.859539e+01  3.095764e+01  0.000000e+00
     vertex -4.864487e+01  3.102647e+01  0.000000e+00
   endloop
 endfacet
 facet normal  0.000000e+00 -0.000000e+00 -1.000000e+00
   outer loop
     vertex  5.105993e+01  2.867089e+01  0.000000e+00
     vertex  5.105993e+01 -2.867089e+01  0.000000e+00
     vertex  5.099236e+01  2.861971e+01  0.000000e+00
   endloop
 endfacet
 facet normal  0.000000e+00  0.000000e+00 -1.000000e+00
   outer loop
     vertex  4.869772e+01  3.109274e+01  0.000000e+00
     vertex -4.864487e+01  3.102647e+01  0.000000e+00
     vertex -4.869772e+01  3.109274e+01  0.000000e+00
   endloop
 endfacet
 facet normal  0.000000e+00  0.000000e+00 -1.000000e+00
   outer loop
     vertex  4.869772e+01  3.109274e+01  0.000000e+00
     vertex  4.864487e+01  3.102647e+01  0.000000e+00
     vertex -4.864487e+01  3.102647e+01  0.000000e+00
   endloop
 endfacet
 facet normal  0.000000e+00 -0.000000e+00 -1.000000e+00
   outer loop
     vertex  5.112487e+01  2.872537e+01  0.000000e+00
     vertex  5.112487e+01 -2.872537e+01  0.000000e+00
     vertex  5.105993e+01 -2.867089e+01  0.000000e+00
   endloop
 endfacet
 facet normal  0.000000e+00  0.000000e+00 -1.000000e+00
   outer loop
     vertex  5.112487e+01  2.872537e+01  0.000000e+00
     vertex  5.118700e+01 -2.878303e+01  0.000000e+00
     vertex  5.112487e+01 -2.872537e+01  0.000000e+00
   endloop
 endfacet
 facet normal  0.000000e+00  0.000000e+00 -1.000000e+00
   outer loop
     vertex  5.112487e+01  2.872537e+01  0.000000e+00
     vertex  5.105993e+01 -2.867089e+01  0.000000e+00
     vertex  5.105993e+01  2.867089e+01  0.000000e+00
   endloop
 endfacet
 facet normal  0.000000e+00  0.000000e+00 -1.000000e+00
   outer loop
     vertex  4.875381e+01  3.115629e+01  0.000000e+00
     vertex  4.869772e+01  3.109274e+01  0.000000e+00
     vertex -4.869772e+01  3.109274e+01  0.000000e+00
   endloop
 endfacet
 facet normal -0.000000e+00  0.000000e+00 -1.000000e+00
   outer loop
     vertex  4.875381e+01  3.115629e+01  0.000000e+00
     vertex -4.875381e+01  3.115629e+01  0.000000e+00
     vertex -4.881300e+01  3.121697e+01  0.000000e+00
   endloop
 endfacet
 facet normal  0.000000e+00  0.000000e+00 -1.000000e+00
   outer loop
     vertex  4.875381e+01  3.115629e+01  0.000000e+00
     vertex -4.869772e+01  3.109274e+01  0.000000e+00
     vertex -4.875381e+01  3.115629e+01  0.000000e+00
   endloop
 endfacet
 facet normal  0.000000e+00 -0.000000e+00 -1.000000e+00
   outer loop
     vertex  5.118700e+01  2.878303e+01  0.000000e+00
     vertex  5.118700e+01 -2.878303e+01  0.000000e+00
     vertex  5.112487e+01  2.872537e+01  0.000000e+00
   endloop
 endfacet
 facet normal  0.000000e+00  0.000000e+00 -1.000000e+00
   outer loop
     vertex  4.881300e+01  3.121697e+01  0.000000e+00
     vertex  4.875381e+01  3.115629e+01  0.000000e+00
     vertex -4.881300e+01  3.121697e+01  0.000000e+00
   endloop
 endfacet
 facet normal  0.000000e+00 -0.000000e+00 -1.000000e+00
   outer loop
     vertex  5.124619e+01  2.884371e+01  0.000000e+00
     vertex  5.124619e+01 -2.884371e+01  0.000000e+00
     vertex  5.118700e+01 -2.878303e+01  0.000000e+00
   endloop
 endfacet
 facet normal  0.000000e+00  0.000000e+00 -1.000000e+00
   outer loop
     vertex  5.124619e+01  2.884371e+01  0.000000e+00
     vertex  5.130228e+01 -2.890726e+01  0.000000e+00
     vertex  5.124619e+01 -2.884371e+01  0.000000e+00
   endloop
 endfacet
 facet normal  0.000000e+00  0.000000e+00 -1.000000e+00
   outer loop
     vertex  5.124619e+01  2.884371e+01  0.000000e+00
     vertex  5.118700e+01 -2.878303e+01  0.000000e+00
     vertex  5.118700e+01  2.878303e+01  0.000000e+00
   endloop
 endfacet
 facet normal  0.000000e+00  0.000000e+00 -1.000000e+00
   outer loop
     vertex  4.887513e+01  3.127463e+01  0.000000e+00
     vertex  4.881300e+01  3.121697e+01  0.000000e+00
     vertex -4.881300e+01  3.121697e+01  0.000000e+00
   endloop
 endfacet
 facet normal  0.000000e+00  0.000000e+00 -1.000000e+00
   outer loop
     vertex  4.887513e+01  3.127463e+01  0.000000e+00
     vertex -4.881300e+01  3.121697e+01  0.000000e+00
     vertex -4.887513e+01  3.127463e+01  0.000000e+00
   endloop
 endfacet
 facet normal  0.000000e+00 -0.000000e+00 -1.000000e+00
   outer loop
     vertex  5.130228e+01  2.890726e+01  0.000000e+00
     vertex  5.130228e+01 -2.890726e+01  0.000000e+00
     vertex  5.124619e+01  2.884371e+01  0.000000e+00
   endloop
 endfacet
 facet normal  0.000000e+00 -0.000000e+00 -1.000000e+00
   outer loop
     vertex  5.135513e+01  2.897353e+01  0.000000e+00
     vertex  5.135513e+01 -2.897353e+01  0.000000e+00
     vertex  5.130228e+01 -2.890726e+01  0.000000e+00
   endloop
 endfacet
 facet normal  0.000000e+00  0.000000e+00 -1.000000e+00
   outer loop
     vertex  5.135513e+01  2.897353e+01  0.000000e+00
     vertex  5.130228e+01 -2.890726e+01  0.000000e+00
     vertex  5.130228e+01  2.890726e+01  0.000000e+00
   endloop
 endfacet
 facet normal  0.000000e+00  0.000000e+00 -1.000000e+00
   outer loop
     vertex  5.140461e+01  2.904236e+01  0.000000e+00
     vertex  5.135513e+01 -2.897353e+01  0.000000e+00
     vertex  5.135513e+01  2.897353e+01  0.000000e+00
   endloop
 endfacet
 facet normal  0.000000e+00 -0.000000e+00 -1.000000e+00
   outer loop
     vertex  5.140461e+01  2.904236e+01  0.000000e+00
     vertex  5.140461e+01 -2.904236e+01  0.000000e+00
     vertex  5.135513e+01 -2.897353e+01  0.000000e+00
   endloop
 endfacet
 facet normal  0.000000e+00  0.000000e+00 -1.000000e+00
   outer loop
     vertex  5.140461e+01  2.904236e+01  0.000000e+00
     vertex  5.145059e+01 -2.911356e+01  0.000000e+00
     vertex  5.140461e+01 -2.904236e+01  0.000000e+00
   endloop
 endfacet
 facet normal  0.000000e+00 -0.000000e+00 -1.000000e+00
   outer loop
     vertex  5.145059e+01  2.911356e+01  0.000000e+00
     vertex  5.145059e+01 -2.911356e+01  0.000000e+00
     vertex  5.140461e+01  2.904236e+01  0.000000e+00
   endloop
 endfacet
 facet normal  0.000000e+00  0.000000e+00 -1.000000e+00
   outer loop
     vertex  6.000000e+01  4.000000e+01  0.000000e+00
     vertex  5.168101e+01  3.025337e+01  0.000000e+00
     vertex  5.166629e+01  3.033685e+01  0.000000e+00
   endloop
 endfacet
 facet normal  0.000000e+00  0.000000e+00 -1.000000e+00
   outer loop
     vertex  6.000000e+01  4.000000e+01  0.000000e+00
     vertex  5.169155e+01  3.016927e+01  0.000000e+00
     vertex  5.168101e+01  3.025337e+01  0.000000e+00
   endloop
 endfacet
 facet normal  0.000000e+00  0.000000e+00 -1.000000e+00
   outer loop
     vertex  6.000000e+01  4.000000e+01  0.000000e+00
     vertex  5.169789e+01  3.008474e+01  0.000000e+00
     vertex  5.169155e+01  3.016927e+01  0.000000e+00
   endloop
 endfacet
 facet normal  0.000000e+00  0.000000e+00 -1.000000e+00
   outer loop
     vertex  6.000000e+01  4.000000e+01  0.000000e+00
     vertex  5.170000e+01  3.000000e+01  0.000000e+00
     vertex  5.169789e+01  3.008474e+01  0.000000e+00
   endloop
 endfacet
 facet normal  0.000000e+00  0.000000e+00 -1.000000e+00
   outer loop
     vertex  6.000000e+01  4.000000e+01  0.000000e+00
     vertex  5.145059e+01 -2.911356e+01  0.000000e+00
     vertex  5.145059e+01  2.911356e+01  0.000000e+00
   endloop
 endfacet
 facet normal  0.000000e+00 -0.000000e+00 -1.000000e+00
   outer loop
     vertex  6.000000e+01  4.000000e+01  0.000000e+00
     vertex  6.000000e+01 -4.000000e+01  0.000000e+00
     vertex  5.145059e+01 -2.911356e+01  0.000000e+00
   endloop
 endfacet
 facet normal  0.000000e+00  0.000000e+00 -1.000000e+00
   outer loop
     vertex  6.000000e+01  4.000000e+01  0.000000e+00
     vertex  4.915000e+01  3.147224e+01  0.000000e+00
     vertex  4.907767e+01  3.142804e+01  0.000000e+00
   endloop
 endfacet
 facet normal  0.000000e+00  0.000000e+00 -1.000000e+00
   outer loop
     vertex  6.000000e+01  4.000000e+01  0.000000e+00
     vertex  4.922444e+01  3.151278e+01  0.000000e+00
     vertex  4.915000e+01  3.147224e+01  0.000000e+00
   endloop
 endfacet
 facet normal  0.000000e+00  0.000000e+00 -1.000000e+00
   outer loop
     vertex  6.000000e+01  4.000000e+01  0.000000e+00
     vertex  4.930081e+01  3.154956e+01  0.000000e+00
     vertex  4.922444e+01  3.151278e+01  0.000000e+00
   endloop
 endfacet
 facet normal  0.000000e+00  0.000000e+00 -1.000000e+00
   outer loop
     vertex  6.000000e+01  4.000000e+01  0.000000e+00
     vertex  4.937892e+01  3.158249e+01  0.000000e+00
     vertex  4.930081e+01  3.154956e+01  0.000000e+00
   endloop
 endfacet
 facet normal  0.000000e+00  0.000000e+00 -1.000000e+00
   outer loop
     vertex  6.000000e+01  4.000000e+01  0.000000e+00
     vertex  4.945857e+01  3.161148e+01  0.000000e+00
     vertex  4.937892e+01  3.158249e+01  0.000000e+00
   endloop
 endfacet
 facet normal  0.000000e+00  0.000000e+00 -1.000000e+00
   outer loop
     vertex  6.000000e+01  4.000000e+01  0.000000e+00
     vertex  4.953957e+01  3.163646e+01  0.000000e+00
     vertex  4.945857e+01  3.161148e+01  0.000000e+00
   endloop
 endfacet
 facet normal  0.000000e+00  0.000000e+00 -1.000000e+00
   outer loop
     vertex  6.000000e+01  4.000000e+01  0.000000e+00
     vertex  4.962171e+01  3.165738e+01  0.000000e+00
     vertex  4.953957e+01  3.163646e+01  0.000000e+00
   endloop
 endfacet
 facet normal  0.000000e+00  0.000000e+00 -1.000000e+00
   outer loop
     vertex  6.000000e+01  4.000000e+01  0.000000e+00
     vertex  4.970480e+01  3.167417e+01  0.000000e+00
     vertex  4.962171e+01  3.165738e+01  0.000000e+00
   endloop
 endfacet
 facet normal  0.000000e+00  0.000000e+00 -1.000000e+00
   outer loop
     vertex  6.000000e+01  4.000000e+01  0.000000e+00
     vertex  4.978862e+01  3.168681e+01  0.000000e+00
     vertex  4.970480e+01  3.167417e+01  0.000000e+00
   endloop
 endfacet
 facet normal  0.000000e+00  0.000000e+00 -1.000000e+00
   outer loop
     vertex  6.000000e+01  4.000000e+01  0.000000e+00
     vertex  4.987296e+01  3.169525e+01  0.000000e+00
     vertex  4.978862e+01  3.168681e+01  0.000000e+00
   endloop
 endfacet
 facet normal  0.000000e+00  0.000000e+00 -1.000000e+00
   outer loop
     vertex  6.000000e+01  4.000000e+01  0.000000e+00
     vertex  4.995762e+01  3.169947e+01  0.000000e+00
     vertex  4.987296e+01  3.169525e+01  0.000000e+00
   endloop
 endfacet
 facet normal  0.000000e+00  0.000000e+00 -1.000000e+00
   outer loop
     vertex  6.000000e+01  4.000000e+01  0.000000e+00
     vertex  5.004238e+01  3.169947e+01  0.000000e+00
     vertex  4.995762e+01  3.169947e+01  0.000000e+00
   endloop
 endfacet
 facet normal  0.000000e+00  0.000000e+00 -1.000000e+00
   outer loop
     vertex  6.000000e+01  4.000000e+01  0.000000e+00
     vertex  5.012704e+01  3.169525e+01  0.000000e+00
     vertex  5.004238e+01  3.169947e+01  0.000000e+00
   endloop
 endfacet
 facet normal  0.000000e+00  0.000000e+00 -1.000000e+00
   outer loop
     vertex  6.000000e+01  4.000000e+01  0.000000e+00
     vertex  5.021138e+01  3.168681e+01  0.000000e+00
     vertex  5.012704e+01  3.169525e+01  0.000000e+00
   endloop
 endfacet
 facet normal  0.000000e+00  0.000000e+00 -1.000000e+00
   outer loop
     vertex  6.000000e+01  4.000000e+01  0.000000e+00
     vertex  5.029520e+01  3.167417e+01  0.000000e+00
     vertex  5.021138e+01  3.168681e+01  0.000000e+00
   endloop
 endfacet
 facet normal  0.000000e+00  0.000000e+00 -1.000000e+00
   outer loop
     vertex  6.000000e+01  4.000000e+01  0.000000e+00
     vertex  5.037829e+01  3.165738e+01  0.000000e+00
     vertex  5.029520e+01  3.167417e+01  0.000000e+00
   endloop
 endfacet
 facet normal  0.000000e+00  0.000000e+00 -1.000000e+00
   outer loop
     vertex  6.000000e+01  4.000000e+01  0.000000e+00
     vertex  5.046043e+01  3.163646e+01  0.000000e+00
     vertex  5.037829e+01  3.165738e+01  0.000000e+00
   endloop
 endfacet
 facet normal  0.000000e+00  0.000000e+00 -1.000000e+00
   outer loop
     vertex  6.000000e+01  4.000000e+01  0.000000e+00
     vertex  5.054143e+01  3.161148e+01  0.000000e+00
     vertex  5.046043e+01  3.163646e+01  0.000000e+00
   endloop
 endfacet
 facet normal  0.000000e+00  0.000000e+00 -1.000000e+00
   outer loop
     vertex  6.000000e+01  4.000000e+01  0.000000e+00
     vertex  5.169789e+01  2.991526e+01  0.000000e+00
     vertex  5.170000e+01  3.000000e+01  0.000000e+00
   endloop
 endfacet
 facet normal  0.000000e+00  0.000000e+00 -1.000000e+00
   outer loop
     vertex  6.000000e+01  4.000000e+01  0.000000e+00
     vertex  5.062108e+01  3.158249e+01  0.000000e+00
     vertex  5.054143e+01  3.161148e+01  0.000000e+00
   endloop
 endfacet
 facet normal  0.000000e+00  0.000000e+00 -1.000000e+00
   outer loop
     vertex  6.000000e+01  4.000000e+01  0.000000e+00
     vertex  5.169155e+01  2.983073e+01  0.000000e+00
     vertex  5.169789e+01  2.991526e+01  0.000000e+00
   endloop
 endfacet
 facet normal  0.000000e+00  0.000000e+00 -1.000000e+00
   outer loop
     vertex  6.000000e+01  4.000000e+01  0.000000e+00
     vertex  5.069919e+01  3.154956e+01  0.000000e+00
     vertex  5.062108e+01  3.158249e+01  0.000000e+00
   endloop
 endfacet
 facet normal  0.000000e+00  0.000000e+00 -1.000000e+00
   outer loop
     vertex  6.000000e+01  4.000000e+01  0.000000e+00
     vertex  5.168101e+01  2.974663e+01  0.000000e+00
     vertex  5.169155e+01  2.983073e+01  0.000000e+00
   endloop
 endfacet
 facet normal  0.000000e+00  0.000000e+00 -1.000000e+00
   outer loop
     vertex  6.000000e+01  4.000000e+01  0.000000e+00
     vertex  5.077556e+01  3.151278e+01  0.000000e+00
     vertex  5.069919e+01  3.154956e+01  0.000000e+00
   endloop
 endfacet
 facet normal  0.000000e+00  0.000000e+00 -1.000000e+00
   outer loop
     vertex  6.000000e+01  4.000000e+01  0.000000e+00
     vertex  5.166629e+01  2.966315e+01  0.000000e+00
     vertex  5.168101e+01  2.974663e+01  0.000000e+00
   endloop
 endfacet
 facet normal  0.000000e+00  0.000000e+00 -1.000000e+00
   outer loop
     vertex  6.000000e+01  4.000000e+01  0.000000e+00
     vertex  5.085000e+01  3.147224e+01  0.000000e+00
     vertex  5.077556e+01  3.151278e+01  0.000000e+00
   endloop
 endfacet
 facet normal  0.000000e+00  0.000000e+00 -1.000000e+00
   outer loop
     vertex  6.000000e+01  4.000000e+01  0.000000e+00
     vertex  5.164743e+01  2.958051e+01  0.000000e+00
     vertex  5.166629e+01  2.966315e+01  0.000000e+00
   endloop
 endfacet
 facet normal  0.000000e+00  0.000000e+00 -1.000000e+00
   outer loop
     vertex  6.000000e+01  4.000000e+01  0.000000e+00
     vertex  5.092233e+01  3.142804e+01  0.000000e+00
     vertex  5.085000e+01  3.147224e+01  0.000000e+00
   endloop
 endfacet
 facet normal  0.000000e+00  0.000000e+00 -1.000000e+00
   outer loop
     vertex  6.000000e+01  4.000000e+01  0.000000e+00
     vertex  5.162447e+01  2.949892e+01  0.000000e+00
     vertex  5.164743e+01  2.958051e+01  0.000000e+00
   endloop
 endfacet
 facet normal  0.000000e+00  0.000000e+00 -1.000000e+00
   outer loop
     vertex  6.000000e+01  4.000000e+01  0.000000e+00
     vertex  5.099236e+01  3.138029e+01  0.000000e+00
     vertex  5.092233e+01  3.142804e+01  0.000000e+00
   endloop
 endfacet
 facet normal  0.000000e+00  0.000000e+00 -1.000000e+00
   outer loop
     vertex  6.000000e+01  4.000000e+01  0.000000e+00
     vertex  5.159748e+01  2.941857e+01  0.000000e+00
     vertex  5.162447e+01  2.949892e+01  0.000000e+00
   endloop
 endfacet
 facet normal  0.000000e+00  0.000000e+00 -1.000000e+00
   outer loop
     vertex  6.000000e+01  4.000000e+01  0.000000e+00
     vertex  5.105993e+01  3.132911e+01  0.000000e+00
     vertex  5.099236e+01  3.138029e+01  0.000000e+00
   endloop
 endfacet
 facet normal  0.000000e+00  0.000000e+00 -1.000000e+00
   outer loop
     vertex  6.000000e+01  4.000000e+01  0.000000e+00
     vertex  5.156651e+01  2.933966e+01  0.000000e+00
     vertex  5.159748e+01  2.941857e+01  0.000000e+00
   endloop
 endfacet
 facet normal  0.000000e+00  0.000000e+00 -1.000000e+00
   outer loop
     vertex  6.000000e+01  4.000000e+01  0.000000e+00
     vertex  5.112487e+01  3.127463e+01  0.000000e+00
     vertex  5.105993e+01  3.132911e+01  0.000000e+00
   endloop
 endfacet
 facet normal  0.000000e+00  0.000000e+00 -1.000000e+00
   outer loop
     vertex  6.000000e+01  4.000000e+01  0.000000e+00
     vertex  5.153165e+01  2.926240e+01  0.000000e+00
     vertex  5.156651e+01  2.933966e+01  0.000000e+00
   endloop
 endfacet
 facet normal  0.000000e+00  0.000000e+00 -1.000000e+00
   outer loop
     vertex  6.000000e+01  4.000000e+01  0.000000e+00
     vertex  5.118700e+01  3.121697e+01  0.000000e+00
     vertex  5.112487e+01  3.127463e+01  0.000000e+00
   endloop
 endfacet
 facet normal  0.000000e+00  0.000000e+00 -1.000000e+00
   outer loop
     vertex  6.000000e+01  4.000000e+01  0.000000e+00
     vertex  5.149298e+01  2.918697e+01  0.000000e+00
     vertex  5.153165e+01  2.926240e+01  0.000000e+00
   endloop
 endfacet
 facet normal  0.000000e+00  0.000000e+00 -1.000000e+00
   outer loop
     vertex  6.000000e+01  4.000000e+01  0.000000e+00
     vertex  5.124619e+01  3.115629e+01  0.000000e+00
     vertex  5.118700e+01  3.121697e+01  0.000000e+00
   endloop
 endfacet
 facet normal  0.000000e+00  0.000000e+00 -1.000000e+00
   outer loop
     vertex  6.000000e+01  4.000000e+01  0.000000e+00
     vertex  5.145059e+01  2.911356e+01  0.000000e+00
     vertex  5.149298e+01  2.918697e+01  0.000000e+00
   endloop
 endfacet
 facet normal  0.000000e+00  0.000000e+00 -1.000000e+00
   outer loop
     vertex  6.000000e+01  4.000000e+01  0.000000e+00
     vertex  5.130228e+01  3.109274e+01  0.000000e+00
     vertex  5.124619e+01  3.115629e+01  0.000000e+00
   endloop
 endfacet
 facet normal  0.000000e+00  0.000000e+00 -1.000000e+00
   outer loop
     vertex  6.000000e+01  4.000000e+01  0.000000e+00
     vertex  5.135513e+01  3.102647e+01  0.000000e+00
     vertex  5.130228e+01  3.109274e+01  0.000000e+00
   endloop
 endfacet
 facet normal  0.000000e+00  0.000000e+00 -1.000000e+00
   outer loop
     vertex  6.000000e+01  4.000000e+01  0.000000e+00
     vertex  5.140461e+01  3.095764e+01  0.000000e+00
     vertex  5.135513e+01  3.102647e+01  0.000000e+00
   endloop
 endfacet
 facet normal  0.000000e+00  0.000000e+00 -1.000000e+00
   outer loop
     vertex  6.000000e+01  4.000000e+01  0.000000e+00
     vertex  5.145059e+01  3.088644e+01  0.000000e+00
     vertex  5.140461e+01  3.095764e+01  0.000000e+00
   endloop
 endfacet
 facet normal  0.000000e+00  0.000000e+00 -1.000000e+00
   outer loop
     vertex  6.000000e+01  4.000000e+01  0.000000e+00
     vertex  5.149298e+01  3.081303e+01  0.000000e+00
     vertex  5.145059e+01  3.088644e+01  0.000000e+00
   endloop
 endfacet
 facet normal  0.000000e+00  0.000000e+00 -1.000000e+00
   outer loop
     vertex  6.000000e+01  4.000000e+01  0.000000e+00
     vertex  5.153165e+01  3.073760e+01  0.000000e+00
     vertex  5.149298e+01  3.081303e+01  0.000000e+00
   endloop
 endfacet
 facet normal  0.000000e+00  0.000000e+00 -1.000000e+00
   outer loop
     vertex  6.000000e+01  4.000000e+01  0.000000e+00
     vertex  5.156651e+01  3.066034e+01  0.000000e+00
     vertex  5.153165e+01  3.073760e+01  0.000000e+00
   endloop
 endfacet
 facet normal  0.000000e+00  0.000000e+00 -1.000000e+00
   outer loop
     vertex  6.000000e+01  4.000000e+01  0.000000e+00
     vertex  5.159748e+01  3.058143e+01  0.000000e+00
     vertex  5.156651e+01  3.066034e+01  0.000000e+00
   endloop
 endfacet
 facet normal  0.000000e+00  0.000000e+00 -1.000000e+00
   outer loop
     vertex  6.000000e+01  4.000000e+01  0.000000e+00
     vertex  5.162447e+01  3.050108e+01  0.000000e+00
     vertex  5.159748e+01  3.058143e+01  0.000000e+00
   endloop
 endfacet
 facet normal  0.000000e+00  0.000000e+00 -1.000000e+00
   outer loop
     vertex  6.000000e+01  4.000000e+01  0.000000e+00
     vertex  5.164743e+01  3.041949e+01  0.000000e+00
     vertex  5.162447e+01  3.050108e+01  0.000000e+00
   endloop
 endfacet
 facet normal  0.000000e+00  0.000000e+00 -1.000000e+00
   outer loop
     vertex  6.000000e+01  4.000000e+01  0.000000e+00
     vertex  5.166629e+01  3.033685e+01  0.000000e+00
     vertex  5.164743e+01  3.041949e+01  0.000000e+00
   endloop
 endfacet
 facet normal -0.000000e+00  0.000000e+00 -1.000000e+00
   outer loop
     vertex  6.000000e+01  4.000000e+01  0.000000e+00
     vertex  4.907767e+01  3.142804e+01  0.000000e+00
     vertex -6.000000e+01  4.000000e+01  0.000000e+00
   endloop
 endfacet
 facet normal -0.000000e+00  0.000000e+00 -1.000000e+00
   outer loop
     vertex  4.907767e+01  3.142804e+01  0.000000e+00
     vertex  4.900764e+01  3.138029e+01  0.000000e+00
     vertex -6.000000e+01  4.000000e+01  0.000000e+00
   endloop
 endfacet
 facet normal -0.000000e+00  0.000000e+00 -1.000000e+00
   outer loop
     vertex  4.900764e+01  3.138029e+01  0.000000e+00
     vertex  4.894007e+01  3.132911e+01  0.000000e+00
     vertex -6.000000e+01  4.000000e+01  0.000000e+00
   endloop
 endfacet
 facet normal -0.000000e+00  0.000000e+00 -1.000000e+00
   outer loop
     vertex  4.894007e+01  3.132911e+01  0.000000e+00
     vertex  4.887513e+01  3.127463e+01  0.000000e+00
     vertex -6.000000e+01  4.000000e+01  0.000000e+00
   endloop
 endfacet
 facet normal  0.000000e+00  0.000000e+00 -1.000000e+00
   outer loop
     vertex  4.887513e+01  3.127463e+01  0.000000e+00
     vertex -4.907767e+01  3.142804e+01  0.000000e+00
     vertex -6.000000e+01  4.000000e+01  0.000000e+00
   endloop
 endfacet
 facet normal  0.000000e+00  0.000000e+00 -1.000000e+00
   outer loop
     vertex  4.887513e+01  3.127463e+01  0.000000e+00
     vertex -4.900764e+01  3.138029e+01  0.000000e+00
     vertex -4.907767e+01  3.142804e+01  0.000000e+00
   endloop
 endfacet
 facet normal  0.000000e+00  0.000000e+00 -1.000000e+00
   outer loop
     vertex  4.887513e+01  3.127463e+01  0.000000e+00
     vertex -4.894007e+01  3.132911e+01  0.000000e+00
     vertex -4.900764e+01  3.138029e+01  0.000000e+00
   endloop
 endfacet
 facet normal -0.000000e+00  0.000000e+00 -1.000000e+00
   outer loop
     vertex  4.887513e+01  3.127463e+01  0.000000e+00
     vertex -4.887513e+01  3.127463e+01  0.000000e+00
     vertex -4.894007e+01  3.132911e+01  0.000000e+00
   endloop
 endfacet
 facet normal  1.000000e+00  0.000000e+00  0.000000e+00
   outer loop
     vertex  6.000000e+01 -4.000000e+01  3.500000e+01
     vertex  6.000000e+01 -4.000000e+01  0.000000e+00
     vertex  6.000000e+01  4.000000e+01  0.000000e+00
   endloop
 endfacet
 facet normal  1.000000e+00 -0.000000e+00  0.000000e+00
   outer loop
     vertex  6.000000e+01 -4.000000e+01  3.500000e+01
     vertex  6.000000e+01  4.000000e+01  0.000000e+00
     vertex  6.000000e+01  4.000000e+01  3.500000e+01
   endloop
 endfacet
 facet normal  0.000000e+00  1.000000e+00  0.000000e+00
   outer loop
     vertex  5.800000e+01 -3.800000e+01  3.500000e+01
     vertex  5.800000e+01 -3.800000e+01  2.000000e+00
     vertex -5.800000e+01 -3.800000e+01  2.000000e+00
   endloop
 endfacet
 facet normal  0.000000e+00  1.000000e+00  0.000000e+00
   outer loop
     vertex  5.800000e+01 -3.800000e+01  3.500000e+01
     vertex -5.800000e+01 -3.800000e+01  2.000000e+00
     vertex -5.800000e+01 -3.800000e+01  3.500000e+01
   endloop
 endfacet
 facet normal -1.000000e+00  0.000000e+00  0.000000e+00
   outer loop
     vertex  5.800000e+01 -3.800000e+01  3.500000e+01
     vertex  5.800000e+01  3.800000e+01  2.000000e+00
     vertex  5.800000e+01 -3.800000e+01  2.000000e+00
   endloop
 endfacet
 facet normal -1.000000e+00  0.000000e+00  0.000000e+00
   outer loop
     vertex  5.800000e+01 -3.800000e+01  3.500000e+01
     vertex  5.800000e+01  3.800000e+01  3.500000e+01
     vertex  5.800000e+01  3.800000e+01  2.000000e+00
   endloop
 endfacet
 facet normal  0.000000e+00 -1.000000e+00 -0.000000e+00
   outer loop
     vertex  5.800000e+01  3.800000e+01  3.500000e+01
     vertex -5.800000e+01  3.800000e+01  2.000000e+00
     vertex  5.800000e+01  3.800000e+01  2.000000e+00
   endloop
 endfacet
 facet normal -0.000000e+00 -1.000000e+00  0.000000e+00
   outer loop
     vertex  5.800000e+01  3.800000e+01  3.500000e+01
     vertex -5.800000e+01  3.800000e+01  3.500000e+01
     vertex -5.800000e+01  3.800000e+01  2.000000e+00
   endloop
 endfacet
 facet normal  1.000000e+00  0.000000e+00  0.000000e+00
   outer loop
     vertex -5.800000e+01 -3.800000e+01  3.500000e+01
     vertex -5.800000e+01 -3.800000e+01  2.000000e+00
     vertex -5.800000e+01  3.800000e+01  2.000000e+00
   endloop
 endfacet
 facet normal  1.000000e+00 -0.000000e+00  0.000000e+00
   outer loop
     vertex -5.800000e+01 -3.800000e+01  3.500000e+01
     vertex -5.800000e+01  3.800000e+01  2.000000e+00
     vertex -5.800000e+01  3.800000e+01  3.500000e+01
   endloop
 endfacet
 facet normal -9.996892e-01 -2.493069e-02  0.000000e+00
   outer loop
     vertex -4.830211e+01 -2.991526e+01  0.000000e+00
     vertex -4.830000e+01 -3.000000e+01  0.000000e+00
     vertex -4.830000e+01 -3.000000e+01  2.000000e+00
   endloop
 endfacet
 facet normal -9.996892e-01 -2.493069e-02  0.000000e+00
   outer loop
     vertex -4.830211e+01 -2.991526e+01  0.000000e+00
     vertex -4.830000e+01 -3.000000e+01  2.000000e+00
     vertex -4.830211e+01 -2.991526e+01  2.000000e+00
   endloop
 endfacet
 facet normal -9.972038e-01 -7.473009e-02  0.000000e+00
   outer loop
     vertex -4.830845e+01 -2.983073e+01  0.000000e+00
     vertex -4.830211e+01 -2.991526e+01  2.000000e+00
     vertex -4.830845e+01 -2.983073e+01  2.000000e+00
   endloop
 endfacet
 facet normal -9.972038e-01 -7.473009e-02  0.000000e+00
   outer loop
     vertex -4.830845e+01 -2.983073e+01  0.000000e+00
     vertex -4.830211e+01 -2.991526e+01  0.000000e+00
     vertex -4.830211e+01 -2.991526e+01  2.000000e+00
   endloop
 endfacet
 facet normal -9.922392e-01 -1.243437e-01  0.000000e+00
   outer loop
     vertex -4.831899e+01 -2.974663e+01  0.000000e+00
     vertex -4.830845e+01 -2.983073e+01  2.000000e+00
     vertex -4.831899e+01 -2.974663e+01  2.000000e+00
   endloop
 endfacet
 facet normal -9.922392e-01 -1.243437e-01  0.000000e+00
   outer loop
     vertex -4.831899e+01 -2.974663e+01  0.000000e+00
     vertex -4.830845e+01 -2.983073e+01  0.000000e+00
     vertex -4.830845e+01 -2.983073e+01  2.000000e+00
   endloop
 endfacet
 facet normal -9.848078e-01 -1.736482e-01  0.000000e+00
   outer loop
     vertex -4.833371e+01 -2.966315e+01  0.000000e+00
     vertex -4.831899e+01 -2.974663e+01  2.000000e+00
     vertex -4.833371e+01 -2.966315e+01  2.000000e+00
   endloop
 endfacet
 facet normal -9.848078e-01 -1.736482e-01  0.000000e+00
   outer loop
     vertex -4.833371e+01 -2.966315e+01  0.000000e+00
     vertex -4.831899e+01 -2.974663e+01  0.000000e+00
     vertex -4.831899e+01 -2.974663e+01  2.000000e+00
   endloop
 endfacet
 facet normal -9.749279e-01 -2.225209e-01  0.000000e+00
   outer loop
     vertex -4.835257e+01 -2.958051e+01  0.000000e+00
     vertex -4.833371e+01 -2.966315e+01  2.000000e+00
     vertex -4.835257e+01 -2.958051e+01  2.000000e+00
   endloop
 endfacet
 facet normal -9.749279e-01 -2.225209e-01  0.000000e+00
   outer loop
     vertex -4.835257e+01 -2.958051e+01  0.000000e+00
     vertex -4.833371e+01 -2.966315e+01  0.000000e+00
     vertex -4.833371e+01 -2.966315e+01  2.000000e+00
   endloop
 endfacet
 facet normal -9.479273e-01 -3.184867e-01  0.000000e+00
   outer loop
     vertex -4.837553e+01 -2.949892e+01  0.000000e+00
     vertex -4.837553e+01 -2.949892e+01  2.000000e+00
     vertex -4.840252e+01 -2.941857e+01  2.000000e+00
   endloop
 endfacet
 facet normal -9.626242e-01 -2.708405e-01  0.000000e+00
   outer loop
     vertex -4.837553e+01 -2.949892e+01  0.000000e+00
     vertex -4.835257e+01 -2.958051e+01  2.000000e+00
     vertex -4.837553e+01 -2.949892e+01  2.000000e+00
   endloop
 endfacet
 facet normal -9.626242e-01 -2.708405e-01  0.000000e+00
   outer loop
     vertex -4.837553e+01 -2.949892e+01  0.000000e+00
     vertex -4.835257e+01 -2.958051e+01  0.000000e+00
     vertex -4.835257e+01 -2.958051e+01  2.000000e+00
   endloop
 endfacet
 facet normal -9.479273e-01 -3.184867e-01  0.000000e+00
   outer loop
     vertex -4.840252e+01 -2.941857e+01  0.000000e+00
     vertex -4.837553e+01 -2.949892e+01  0.000000e+00
     vertex -4.840252e+01 -2.941857e+01  2.000000e+00
   endloop
 endfacet
 facet normal -9.115059e-01 -4.112871e-01  0.000000e+00
   outer loop
     vertex -4.843349e+01 -2.933966e+01  0.000000e+00
     vertex -4.843349e+01 -2.933966e+01  2.000000e+00
     vertex -4.846835e+01 -2.926240e+01  2.000000e+00
   endloop
 endfacet
 facet normal -9.308737e-01 -3.653410e-01  0.000000e+00
   outer loop
     vertex -4.843349e+01 -2.933966e+01  0.000000e+00
     vertex -4.840252e+01 -2.941857e+01  2.000000e+00
     vertex -4.843349e+01 -2.933966e+01  2.000000e+00
   endloop
 endfacet
 facet normal -9.308737e-01 -3.653410e-01  0.000000e+00
   outer loop
     vertex -4.843349e+01 -2.933966e+01  0.000000e+00
     vertex -4.840252e+01 -2.941857e+01  0.000000e+00
     vertex -4.840252e+01 -2.941857e+01  2.000000e+00
   endloop
 endfacet
 facet normal -9.115059e-01 -4.112871e-01  0.000000e+00
   outer loop
     vertex -4.846835e+01 -2.926240e+01  0.000000e+00
     vertex -4.843349e+01 -2.933966e+01  0.000000e+00
     vertex -4.846835e+01 -2.926240e+01  2.000000e+00
   endloop
 endfacet
 facet normal -8.898718e-01 -4.562107e-01  0.000000e+00
   outer loop
     vertex -4.850702e+01 -2.918697e+01  0.000000e+00
     vertex -4.846835e+01 -2.926240e+01  2.000000e+00
     vertex -4.850702e+01 -2.918697e+01  2.000000e+00
   endloop
 endfacet
 facet normal -8.898718e-01 -4.562107e-01  0.000000e+00
   outer loop
     vertex -4.850702e+01 -2.918697e+01  0.000000e+00
     vertex -4.846835e+01 -2.926240e+01  0.000000e+00
     vertex -4.846835e+01 -2.926240e+01  2.000000e+00
   endloop
 endfacet
 facet normal -8.660254e-01 -5.000000e-01  0.000000e+00
   outer loop
     vertex -4.854941e+01 -2.911356e+01  0.000000e+00
     vertex -4.850702e+01 -2.918697e+01  0.000000e+00
     vertex -4.850702e+01 -2.918697e+01  2.000000e+00
   endloop
 endfacet
 facet normal -8.660254e-01 -5.000000e-01  0.000000e+00
   outer loop
     vertex -4.854941e+01 -2.911356e+01  0.000000e+00
     vertex -4.850702e+01 -2.918697e+01  2.000000e+00
     vertex -4.854941e+01 -2.911356e+01  2.000000e+00
   endloop
 endfacet
 facet normal -8.400259e-01 -5.425463e-01  0.000000e+00
   outer loop
     vertex -4.859539e+01 -2.904236e+01  0.000000e+00
     vertex -4.854941e+01 -2.911356e+01  0.000000e+00
     vertex -4.854941e+01 -2.911356e+01  2.000000e+00
   endloop
 endfacet
 facet normal -8.119380e-01 -5.837437e-01  0.000000e+00
   outer loop
     vertex -4.859539e+01 -2.904236e+01  0.000000e+00
     vertex -4.859539e+01 -2.904236e+01  2.000000e+00
     vertex -4.864487e+01 -2.897353e+01  2.000000e+00
   endloop
 endfacet
 facet normal -8.400259e-01 -5.425463e-01  0.000000e+00
   outer loop
     vertex -4.859539e+01 -2.904236e+01  0.000000e+00
     vertex -4.854941e+01 -2.911356e+01  2.000000e+00
     vertex -4.859539e+01 -2.904236e+01  2.000000e+00
   endloop
 endfacet
 facet normal -8.119380e-01 -5.837437e-01  0.000000e+00
   outer loop
     vertex -4.864487e+01 -2.897353e+01  0.000000e+00
     vertex -4.859539e+01 -2.904236e+01  0.000000e+00
     vertex -4.864487e+01 -2.897353e+01  2.000000e+00
   endloop
 endfacet
 facet normal -7.818315e-01 -6.234898e-01  0.000000e+00
   outer loop
     vertex -4.869772e+01 -2.890726e+01  0.000000e+00
     vertex -4.864487e+01 -2.897353e+01  0.000000e+00
     vertex -4.864487e+01 -2.897353e+01  2.000000e+00
   endloop
 endfacet
 facet normal -7.818315e-01 -6.234898e-01  0.000000e+00
   outer loop
     vertex -4.869772e+01 -2.890726e+01  0.000000e+00
     vertex -4.864487e+01 -2.897353e+01  2.000000e+00
     vertex -4.869772e+01 -2.890726e+01  2.000000e+00
   endloop
 endfacet
 facet normal -7.497812e-01 -6.616858e-01  0.000000e+00
   outer loop
     vertex -4.875381e+01 -2.884371e+01  0.000000e+00
     vertex -4.869772e+01 -2.890726e+01  0.000000e+00
     vertex -4.869772e+01 -2.890726e+01  2.000000e+00
   endloop
 endfacet
 facet normal -7.497812e-01 -6.616858e-01  0.000000e+00
   outer loop
     vertex -4.875381e+01 -2.884371e+01  0.000000e+00
     vertex -4.869772e+01 -2.890726e+01  2.000000e+00
     vertex -4.875381e+01 -2.884371e+01  2.000000e+00
   endloop
 endfacet
 facet normal -7.158668e-01 -6.982368e-01  0.000000e+00
   outer loop
     vertex -4.881300e+01 -2.878303e+01  0.000000e+00
     vertex -4.875381e+01 -2.884371e+01  0.000000e+00
     vertex -4.875381e+01 -2.884371e+01  2.000000e+00
   endloop
 endfacet
 facet normal -6.801727e-01 -7.330519e-01  0.000000e+00
   outer loop
     vertex -4.881300e+01 -2.878303e+01  0.000000e+00
     vertex -4.881300e+01 -2.878303e+01  2.000000e+00
     vertex -4.887513e+01 -2.872537e+01  2.000000e+00
   endloop
 endfacet
 facet normal -7.158668e-01 -6.982368e-01  0.000000e+00
   outer loop
     vertex -4.881300e+01 -2.878303e+01  0.000000e+00
     vertex -4.875381e+01 -2.884371e+01  2.000000e+00
     vertex -4.881300e+01 -2.878303e+01  2.000000e+00
   endloop
 endfacet
 facet normal -6.801727e-01 -7.330519e-01  0.000000e+00
   outer loop
     vertex -4.887513e+01 -2.872537e+01  0.000000e+00
     vertex -4.881300e+01 -2.878303e+01  0.000000e+00
     vertex -4.887513e+01 -2.872537e+01  2.000000e+00
   endloop
 endfacet
 facet normal -6.427876e-01 -7.660444e-01  0.000000e+00
   outer loop
     vertex -4.894007e+01 -2.867089e+01  0.000000e+00
     vertex -4.887513e+01 -2.872537e+01  0.000000e+00
     vertex -4.887513e+01 -2.872537e+01  2.000000e+00
   endloop
 endfacet
 facet normal -6.427876e-01 -7.660444e-01  0.000000e+00
   outer loop
     vertex -4.894007e+01 -2.867089e+01  0.000000e+00
     vertex -4.887513e+01 -2.872537e+01  2.000000e+00
     vertex -4.894007e+01 -2.867089e+01  2.000000e+00
   endloop
 endfacet
 facet normal -5.633201e-01 -8.262388e-01  0.000000e+00
   outer loop
     vertex -4.900764e+01 -2.861971e+01  0.000000e+00
     vertex -4.900764e+01 -2.861971e+01  2.000000e+00
     vertex -4.907767e+01 -2.857196e+01  2.000000e+00
   endloop
 endfacet
 facet normal -6.038044e-01 -7.971325e-01  0.000000e+00
   outer loop
     vertex -4.900764e+01 -2.861971e+01  0.000000e+00
     vertex -4.894007e+01 -2.867089e+01  2.000000e+00
     vertex -4.900764e+01 -2.861971e+01  2.000000e+00
   endloop
 endfacet
 facet normal -6.038044e-01 -7.971325e-01  0.000000e+00
   outer loop
     vertex -4.900764e+01 -2.861971e+01  0.000000e+00
     vertex -4.894007e+01 -2.867089e+01  0.000000e+00
     vertex -4.894007e+01 -2.867089e+01  2.000000e+00
   endloop
 endfacet
 facet normal -5.633201e-01 -8.262388e-01  0.000000e+00
   outer loop
     vertex -4.907767e+01 -2.857196e+01  0.000000e+00
     vertex -4.900764e+01 -2.861971e+01  0.000000e+00
     vertex -4.907767e+01 -2.857196e+01  2.000000e+00
   endloop
 endfacet
 facet normal -5.214352e-01 -8.532909e-01  0.000000e+00
   outer loop
     vertex -4.915000e+01 -2.852776e+01  0.000000e+00
     vertex -4.907767e+01 -2.857196e+01  2.000000e+00
     vertex -4.915000e+01 -2.852776e+01  2.000000e+00
   endloop
 endfacet
 facet normal -5.214352e-01 -8.532909e-01  0.000000e+00
   outer loop
     vertex -4.915000e+01 -2.852776e+01  0.000000e+00
     vertex -4.907767e+01 -2.857196e+01  0.000000e+00
     vertex -4.907767e+01 -2.857196e+01  2.000000e+00
   endloop
 endfacet
 facet normal -4.782540e-01 -8.782216e-01  0.000000e+00
   outer loop
     vertex -4.922444e+01 -2.848722e+01  0.000000e+00
     vertex -4.915000e+01 -2.852776e+01  2.000000e+00
     vertex -4.922444e+01 -2.848722e+01  2.000000e+00
   endloop
 endfacet
 facet normal -4.782540e-01 -8.782216e-01  0.000000e+00
   outer loop
     vertex -4.922444e+01 -2.848722e+01  0.000000e+00
     vertex -4.915000e+01 -2.852776e+01  0.000000e+00
     vertex -4.915000e+01 -2.852776e+01  2.000000e+00
   endloop
 endfacet
 facet normal -4.338837e-01 -9.009689e-01  0.000000e+00
   outer loop
     vertex -4.930081e+01 -2.845044e+01  0.000000e+00
     vertex -4.922444e+01 -2.848722e+01  2.000000e+00
     vertex -4.930081e+01 -2.845044e+01  2.000000e+00
   endloop
 endfacet
 facet normal -4.338837e-01 -9.009689e-01  0.000000e+00
   outer loop
     vertex -4.930081e+01 -2.845044e+01  0.000000e+00
     vertex -4.922444e+01 -2.848722e+01  0.000000e+00
     vertex -4.922444e+01 -2.848722e+01  2.000000e+00
   endloop
 endfacet
 facet normal -3.884348e-01 -9.214762e-01  0.000000e+00
   outer loop
     vertex -4.937892e+01 -2.841751e+01  0.000000e+00
     vertex -4.930081e+01 -2.845044e+01  2.000000e+00
     vertex -4.937892e+01 -2.841751e+01  2.000000e+00
   endloop
 endfacet
 facet normal -3.884348e-01 -9.214762e-01  0.000000e+00
   outer loop
     vertex -4.937892e+01 -2.841751e+01  0.000000e+00
     vertex -4.930081e+01 -2.845044e+01  0.000000e+00
     vertex -4.930081e+01 -2.845044e+01  2.000000e+00
   endloop
 endfacet
 facet normal -3.420201e-01 -9.396926e-01  0.000000e+00
   outer loop
     vertex -4.945857e+01 -2.838852e+01  0.000000e+00
     vertex -4.937892e+01 -2.841751e+01  2.000000e+00
     vertex -4.945857e+01 -2.838852e+01  2.000000e+00
   endloop
 endfacet
 facet normal -3.420201e-01 -9.396926e-01  0.000000e+00
   outer loop
     vertex -4.945857e+01 -2.838852e+01  0.000000e+00
     vertex -4.937892e+01 -2.841751e+01  0.000000e+00
     vertex -4.937892e+01 -2.841751e+01  2.000000e+00
   endloop
 endfacet
 facet normal -2.947552e-01 -9.555728e-01  0.000000e+00
   outer loop
     vertex -4.953957e+01 -2.836354e+01  0.000000e+00
     vertex -4.945857e+01 -2.838852e+01  2.000000e+00
     vertex -4.953957e+01 -2.836354e+01  2.000000e+00
   endloop
 endfacet
 facet normal -2.947552e-01 -9.555728e-01  0.000000e+00
   outer loop
     vertex -4.953957e+01 -2.836354e+01  0.000000e+00
     vertex -4.945857e+01 -2.838852e+01  0.000000e+00
     vertex -4.945857e+01 -2.838852e+01  2.000000e+00
   endloop
 endfacet
 facet normal -2.467574e-01 -9.690773e-01  0.000000e+00
   outer loop
     vertex -4.962171e+01 -2.834262e+01  0.000000e+00
     vertex -4.953957e+01 -2.836354e+01  2.000000e+00
     vertex -4.962171e+01 -2.834262e+01  2.000000e+00
   endloop
 endfacet
 facet normal -2.467574e-01 -9.690773e-01  0.000000e+00
   outer loop
     vertex -4.962171e+01 -2.834262e+01  0.000000e+00
     vertex -4.953957e+01 -2.836354e+01  0.000000e+00
     vertex -4.953957e+01 -2.836354e+01  2.000000e+00
   endloop
 endfacet
 facet normal -1.981461e-01 -9.801725e-01  0.000000e+00
   outer loop
     vertex -4.970480e+01 -2.832583e+01  0.000000e+00
     vertex -4.962171e+01 -2.834262e+01  2.000000e+00
     vertex -4.970480e+01 -2.832583e+01  2.000000e+00
   endloop
 endfacet
 facet normal -1.981461e-01 -9.801725e-01  0.000000e+00
   outer loop
     vertex -4.970480e+01 -2.832583e+01  0.000000e+00
     vertex -4.962171e+01 -2.834262e+01  0.000000e+00
     vertex -4.962171e+01 -2.834262e+01  2.000000e+00
   endloop
 endfacet
 facet normal -1.490423e-01 -9.888308e-01  0.000000e+00
   outer loop
     vertex -4.978862e+01 -2.831319e+01  0.000000e+00
     vertex -4.970480e+01 -2.832583e+01  2.000000e+00
     vertex -4.978862e+01 -2.831319e+01  2.000000e+00
   endloop
 endfacet
 facet normal -1.490423e-01 -9.888308e-01  0.000000e+00
   outer loop
     vertex -4.978862e+01 -2.831319e+01  0.000000e+00
     vertex -4.970480e+01 -2.832583e+01  0.000000e+00
     vertex -4.970480e+01 -2.832583e+01  2.000000e+00
   endloop
 endfacet
 facet normal -4.984589e-02 -9.987569e-01  0.000000e+00
   outer loop
     vertex -4.987296e+01 -2.830475e+01  0.000000e+00
     vertex -4.987296e+01 -2.830475e+01  2.000000e+00
     vertex -4.995762e+01 -2.830053e+01  2.000000e+00
   endloop
 endfacet
 facet normal -9.956785e-02 -9.950308e-01  0.000000e+00
   outer loop
     vertex -4.987296e+01 -2.830475e+01  0.000000e+00
     vertex -4.978862e+01 -2.831319e+01  2.000000e+00
     vertex -4.987296e+01 -2.830475e+01  2.000000e+00
   endloop
 endfacet
 facet normal -9.956785e-02 -9.950308e-01  0.000000e+00
   outer loop
     vertex -4.987296e+01 -2.830475e+01  0.000000e+00
     vertex -4.978862e+01 -2.831319e+01  0.000000e+00
     vertex -4.978862e+01 -2.831319e+01  2.000000e+00
   endloop
 endfacet
 facet normal -4.984589e-02 -9.987569e-01  0.000000e+00
   outer loop
     vertex -4.995762e+01 -2.830053e+01  0.000000e+00
     vertex -4.987296e+01 -2.830475e+01  0.000000e+00
     vertex -4.995762e+01 -2.830053e+01  2.000000e+00
   endloop
 endfacet
 facet normal  0.000000e+00 -1.000000e+00  0.000000e+00
   outer loop
     vertex -5.004238e+01 -2.830053e+01  0.000000e+00
     vertex -4.995762e+01 -2.830053e+01  2.000000e+00
     vertex -5.004238e+01 -2.830053e+01  2.000000e+00
   endloop
 endfacet
 facet normal  0.000000e+00 -1.000000e+00  0.000000e+00
   outer loop
     vertex -5.004238e+01 -2.830053e+01  0.000000e+00
     vertex -4.995762e+01 -2.830053e+01  0.000000e+00
     vertex -4.995762e+01 -2.830053e+01  2.000000e+00
   endloop
 endfacet
 facet normal  4.984589e-02 -9.987569e-01  0.000000e+00
   outer loop
     vertex -5.012704e+01 -2.830475e+01  0.000000e+00
     vertex -5.004238e+01 -2.830053e+01  2.000000e+00
     vertex -5.012704e+01 -2.830475e+01  2.000000e+00
   endloop
 endfacet
 facet normal  4.984589e-02 -9.987569e-01  0.000000e+00
   outer loop
     vertex -5.012704e+01 -2.830475e+01  0.000000e+00
     vertex -5.004238e+01 -2.830053e+01  0.000000e+00
     vertex -5.004238e+01 -2.830053e+01  2.000000e+00
   endloop
 endfacet
 facet normal  9.956785e-02 -9.950308e-01  0.000000e+00
   outer loop
     vertex -5.021138e+01 -2.831319e+01  0.000000e+00
     vertex -5.012704e+01 -2.830475e+01  2.000000e+00
     vertex -5.021138e+01 -2.831319e+01  2.000000e+00
   endloop
 endfacet
 facet normal  9.956785e-02 -9.950308e-01  0.000000e+00
   outer loop
     vertex -5.021138e+01 -2.831319e+01  0.000000e+00
     vertex -5.012704e+01 -2.830475e+01  0.000000e+00
     vertex -5.012704e+01 -2.830475e+01  2.000000e+00
   endloop
 endfacet
 facet normal  1.981461e-01 -9.801725e-01  0.000000e+00
   outer loop
     vertex -5.029520e+01 -2.832583e+01  0.000000e+00
     vertex -5.029520e+01 -2.832583e+01  2.000000e+00
     vertex -5.037829e+01 -2.834262e+01  2.000000e+00
   endloop
 endfacet
 facet normal  1.490423e-01 -9.888308e-01  0.000000e+00
   outer loop
     vertex -5.029520e+01 -2.832583e+01  0.000000e+00
     vertex -5.021138e+01 -2.831319e+01  2.000000e+00
     vertex -5.029520e+01 -2.832583e+01  2.000000e+00
   endloop
 endfacet
 facet normal  1.490423e-01 -9.888308e-01  0.000000e+00
   outer loop
     vertex -5.029520e+01 -2.832583e+01  0.000000e+00
     vertex -5.021138e+01 -2.831319e+01  0.000000e+00
     vertex -5.021138e+01 -2.831319e+01  2.000000e+00
   endloop
 endfacet
 facet normal  1.981461e-01 -9.801725e-01  0.000000e+00
   outer loop
     vertex -5.037829e+01 -2.834262e+01  0.000000e+00
     vertex -5.029520e+01 -2.832583e+01  0.000000e+00
     vertex -5.037829e+01 -2.834262e+01  2.000000e+00
   endloop
 endfacet
 facet normal  2.467574e-01 -9.690773e-01  0.000000e+00
   outer loop
     vertex -5.046043e+01 -2.836354e+01  0.000000e+00
     vertex -5.037829e+01 -2.834262e+01  0.000000e+00
     vertex -5.037829e+01 -2.834262e+01  2.000000e+00
   endloop
 endfacet
 facet normal  2.467574e-01 -9.690773e-01  0.000000e+00
   outer loop
     vertex -5.046043e+01 -2.836354e+01  0.000000e+00
     vertex -5.037829e+01 -2.834262e+01  2.000000e+00
     vertex -5.046043e+01 -2.836354e+01  2.000000e+00
   endloop
 endfacet
 facet normal  2.947552e-01 -9.555728e-01  0.000000e+00
   outer loop
     vertex -5.054143e+01 -2.838852e+01  0.000000e+00
     vertex -5.046043e+01 -2.836354e+01  0.000000e+00
     vertex -5.046043e+01 -2.836354e+01  2.000000e+00
   endloop
 endfacet
 facet normal  2.947552e-01 -9.555728e-01  0.000000e+00
   outer loop
     vertex -5.054143e+01 -2.838852e+01  0.000000e+00
     vertex -5.046043e+01 -2.836354e+01  2.000000e+00
     vertex -5.054143e+01 -2.838852e+01  2.000000e+00
   endloop
 endfacet
 facet normal  3.420201e-01 -9.396926e-01  0.000000e+00
   outer loop
     vertex -5.062108e+01 -2.841751e+01  0.000000e+00
     vertex -5.054143e+01 -2.838852e+01  2.000000e+00
     vertex -5.062108e+01 -2.841751e+01  2.000000e+00
   endloop
 endfacet
 facet normal  3.420201e-01 -9.396926e-01  0.000000e+00
   outer loop
     vertex -5.062108e+01 -2.841751e+01  0.000000e+00
     vertex -5.054143e+01 -2.838852e+01  0.000000e+00
     vertex -5.054143e+01 -2.838852e+01  2.000000e+00
   endloop
 endfacet
 facet normal  3.884348e-01 -9.214762e-01  0.000000e+00
   outer loop
     vertex -5.069919e+01 -2.845044e+01  0.000000e+00
     vertex -5.062108e+01 -2.841751e+01  2.000000e+00
     vertex -5.069919e+01 -2.845044e+01  2.000000e+00
   endloop
 endfacet
 facet normal  3.884348e-01 -9.214762e-01  0.000000e+00
   outer loop
     vertex -5.069919e+01 -2.845044e+01  0.000000e+00
     vertex -5.062108e+01 -2.841751e+01  0.000000e+00
     vertex -5.062108e+01 -2.841751e+01  2.000000e+00
   endloop
 endfacet
 facet normal  4.338837e-01 -9.009689e-01  0.000000e+00
   outer loop
     vertex -5.077556e+01 -2.848722e+01  0.000000e+00
     vertex -5.069919e+01 -2.845044e+01  2.000000e+00
     vertex -5.077556e+01 -2.848722e+01  2.000000e+00
   endloop
 endfacet
 facet normal  4.338837e-01 -9.009689e-01  0.000000e+00
   outer loop
     vertex -5.077556e+01 -2.848722e+01  0.000000e+00
     vertex -5.069919e+01 -2.845044e+01  0.000000e+00
     vertex -5.069919e+01 -2.845044e+01  2.000000e+00
   endloop
 endfacet
 facet normal  5.214352e-01 -8.532909e-01  0.000000e+00
   outer loop
     vertex -5.085000e+01 -2.852776e+01  0.000000e+00
     vertex -5.085000e+01 -2.852776e+01  2.000000e+00
     vertex -5.092233e+01 -2.857196e+01  2.000000e+00
   endloop
 endfacet
 facet normal  4.782540e-01 -8.782216e-01  0.000000e+00
   outer loop
     vertex -5.085000e+01 -2.852776e+01  0.000000e+00
     vertex -5.077556e+01 -2.848722e+01  2.000000e+00
     vertex -5.085000e+01 -2.852776e+01  2.000000e+00
   endloop
 endfacet
 facet normal  4.782540e-01 -8.782216e-01  0.000000e+00
   outer loop
     vertex -5.085000e+01 -2.852776e+01  0.000000e+00
     vertex -5.077556e+01 -2.848722e+01  0.000000e+00
     vertex -5.077556e+01 -2.848722e+01  2.000000e+00
   endloop
 endfacet
 facet normal  5.214352e-01 -8.532909e-01  0.000000e+00
   outer loop
     vertex -5.092233e+01 -2.857196e+01  0.000000e+00
     vertex -5.085000e+01 -2.852776e+01  0.000000e+00
     vertex -5.092233e+01 -2.857196e+01  2.000000e+00
   endloop
 endfacet
 facet normal  6.038044e-01 -7.971325e-01  0.000000e+00
   outer loop
     vertex -5.099236e+01 -2.861971e+01  0.000000e+00
     vertex -5.099236e+01 -2.861971e+01  2.000000e+00
     vertex -5.105993e+01 -2.867089e+01  2.000000e+00
   endloop
 endfacet
 facet normal  5.633201e-01 -8.262388e-01  0.000000e+00
   outer loop
     vertex -5.099236e+01 -2.861971e+01  0.000000e+00
     vertex -5.092233e+01 -2.857196e+01  2.000000e+00
     vertex -5.099236e+01 -2.861971e+01  2.000000e+00
   endloop
 endfacet
 facet normal  5.633201e-01 -8.262388e-01  0.000000e+00
   outer loop
     vertex -5.099236e+01 -2.861971e+01  0.000000e+00
     vertex -5.092233e+01 -2.857196e+01  0.000000e+00
     vertex -5.092233e+01 -2.857196e+01  2.000000e+00
   endloop
 endfacet
 facet normal  6.038044e-01 -7.971325e-01  0.000000e+00
   outer loop
     vertex -5.105993e+01 -2.867089e+01  0.000000e+00
     vertex -5.099236e+01 -2.861971e+01  0.000000e+00
     vertex -5.105993e+01 -2.867089e+01  2.000000e+00
   endloop
 endfacet
 facet normal  6.427876e-01 -7.660444e-01  0.000000e+00
   outer loop
     vertex -5.112487e+01 -2.872537e+01  0.000000e+00
     vertex -5.105993e+01 -2.867089e+01  2.000000e+00
     vertex -5.112487e+01 -2.872537e+01  2.000000e+00
   endloop
 endfacet
 facet normal  6.427876e-01 -7.660444e-01  0.000000e+00
   outer loop
     vertex -5.112487e+01 -2.872537e+01  0.000000e+00
     vertex -5.105993e+01 -2.867089e+01  0.000000e+00
     vertex -5.105993e+01 -2.867089e+01  2.000000e+00
   endloop
 endfacet
 facet normal  6.801727e-01 -7.330519e-01  0.000000e+00
   outer loop
     vertex -5.118700e+01 -2.878303e+01  0.000000e+00
     vertex -5.112487e+01 -2.872537e+01  2.000000e+00
     vertex -5.118700e+01 -2.878303e+01  2.000000e+00
   endloop
 endfacet
 facet normal  6.801727e-01 -7.330519e-01  0.000000e+00
   outer loop
     vertex -5.118700e+01 -2.878303e+01  0.000000e+00
     vertex -5.112487e+01 -2.872537e+01  0.000000e+00
     vertex -5.112487e+01 -2.872537e+01  2.000000e+00
   endloop
 endfacet
 facet normal  7.158668e-01 -6.982368e-01  0.000000e+00
   outer loop
     vertex -5.124619e+01 -2.884371e+01  0.000000e+00
     vertex -5.118700e+01 -2.878303e+01  2.000000e+00
     vertex -5.124619e+01 -2.884371e+01  2.000000e+00
   endloop
 endfacet
 facet normal  7.158668e-01 -6.982368e-01  0.000000e+00
   outer loop
     vertex -5.124619e+01 -2.884371e+01  0.000000e+00
     vertex -5.118700e+01 -2.878303e+01  0.000000e+00
     vertex -5.118700e+01 -2.878303e+01  2.000000e+00
   endloop
 endfacet
 facet normal  7.497812e-01 -6.616858e-01  0.000000e+00
   outer loop
     vertex -5.130228e+01 -2.890726e+01  0.000000e+00
     vertex -5.124619e+01 -2.884371e+01  2.000000e+00
     vertex -5.130228e+01 -2.890726e+01  2.000000e+00
   endloop
 endfacet
 facet normal  7.497812e-01 -6.616858e-01  0.000000e+00
   outer loop
     vertex -5.130228e+01 -2.890726e+01  0.000000e+00
     vertex -5.124619e+01 -2.884371e+01  0.000000e+00
     vertex -5.124619e+01 -2.884371e+01  2.000000e+00
   endloop
 endfacet
 facet normal  7.818315e-01 -6.234898e-01  0.000000e+00
   outer loop
     vertex -5.135513e+01 -2.897353e+01  0.000000e+00
     vertex -5.130228e+01 -2.890726e+01  2.000000e+00
     vertex -5.135513e+01 -2.897353e+01  2.000000e+00
   endloop
 endfacet
 facet normal  7.818315e-01 -6.234898e-01  0.000000e+00
   outer loop
     vertex -5.135513e+01 -2.897353e+01  0.000000e+00
     vertex -5.130228e+01 -2.890726e+01  0.000000e+00
     vertex -5.130228e+01 -2.890726e+01  2.000000e+00
   endloop
 endfacet
 facet normal  8.119380e-01 -5.837437e-01  0.000000e+00
   outer loop
     vertex -5.140461e+01 -2.904236e+01  0.000000e+00
     vertex -5.135513e+01 -2.897353e+01  2.000000e+00
     vertex -5.140461e+01 -2.904236e+01  2.000000e+00
   endloop
 endfacet
 facet normal  8.119380e-01 -5.837437e-01  0.000000e+00
   outer loop
     vertex -5.140461e+01 -2.904236e+01  0.000000e+00
     vertex -5.135513e+01 -2.897353e+01  0.000000e+00
     vertex -5.135513e+01 -2.897353e+01  2.000000e+00
   endloop
 endfacet
 facet normal  8.400259e-01 -5.425463e-01  0.000000e+00
   outer loop
     vertex -5.145059e+01 -2.911356e+01  0.000000e+00
     vertex -5.140461e+01 -2.904236e+01  2.000000e+00
     vertex -5.145059e+01 -2.911356e+01  2.000000e+00
   endloop
 endfacet
 facet normal  8.400259e-01 -5.425463e-01  0.000000e+00
   outer loop
     vertex -5.145059e+01 -2.911356e+01  0.000000e+00
     vertex -5.140461e+01 -2.904236e+01  0.000000e+00
     vertex -5.140461e+01 -2.904236e+01  2.000000e+00
   endloop
 endfacet
 facet normal  8.660254e-01 -5.000000e-01  0.000000e+00
   outer loop
     vertex -5.149298e+01 -2.918697e+01  0.000000e+00
     vertex -5.145059e+01 -2.911356e+01  0.000000e+00
     vertex -5.145059e+01 -2.911356e+01  2.000000e+00
   endloop
 endfacet
 facet normal  8.660254e-01 -5.000000e-01  0.000000e+00
   outer loop
     vertex -5.149298e+01 -2.918697e+01  0.000000e+00
     vertex -5.145059e+01 -2.911356e+01  2.000000e+00
     vertex -5.149298e+01 -2.918697e+01  2.000000e+00
   endloop
 endfacet
 facet normal  8.898718e-01 -4.562107e-01  0.000000e+00
   outer loop
     vertex -5.153165e+01 -2.926240e+01  0.000000e+00
     vertex -5.149298e+01 -2.918697e+01  0.000000e+00
     vertex -5.149298e+01 -2.918697e+01  2.000000e+00
   endloop
 endfacet
 facet normal  8.898718e-01 -4.562107e-01  0.000000e+00
   outer loop
     vertex -5.153165e+01 -2.926240e+01  0.000000e+00
     vertex -5.149298e+01 -2.918697e+01  2.000000e+00
     vertex -5.153165e+01 -2.926240e+01  2.000000e+00
   endloop
 endfacet
 facet normal  9.115059e-01 -4.112871e-01  0.000000e+00
   outer loop
     vertex -5.156651e+01 -2.933966e+01  0.000000e+00
     vertex -5.153165e+01 -2.926240e+01  0.000000e+00
     vertex -5.153165e+01 -2.926240e+01  2.000000e+00
   endloop
 endfacet
 facet normal  9.115059e-01 -4.112871e-01  0.000000e+00
   outer loop
     vertex -5.156651e+01 -2.933966e+01  0.000000e+00
     vertex -5.153165e+01 -2.926240e+01  2.000000e+00
     vertex -5.156651e+01 -2.933966e+01  2.000000e+00
   endloop
 endfacet
 facet normal  9.308737e-01 -3.653410e-01  0.000000e+00
   outer loop
     vertex -5.159748e+01 -2.941857e+01  0.000000e+00
     vertex -5.156651e+01 -2.933966e+01  0.000000e+00
     vertex -5.156651e+01 -2.933966e+01  2.000000e+00
   endloop
 endfacet
 facet normal  9.308737e-01 -3.653410e-01  0.000000e+00
   outer loop
     vertex -5.159748e+01 -2.941857e+01  0.000000e+00
     vertex -5.156651e+01 -2.933966e+01  2.000000e+00
     vertex -5.159748e+01 -2.941857e+01  2.000000e+00
   endloop
 endfacet
 facet normal  9.479273e-01 -3.184867e-01  0.000000e+00
   outer loop
     vertex -5.162447e+01 -2.949892e+01  0.000000e+00
     vertex -5.159748e+01 -2.941857e+01  0.000000e+00
     vertex -5.159748e+01 -2.941857e+01  2.000000e+00
   endloop
 endfacet
 facet normal  9.479273e-01 -3.184867e-01  0.000000e+00
   outer loop
     vertex -5.162447e+01 -2.949892e+01  0.000000e+00
     vertex -5.159748e+01 -2.941857e+01  2.000000e+00
     vertex -5.162447e+01 -2.949892e+01  2.000000e+00
   endloop
 endfacet
 facet normal  9.626242e-01 -2.708405e-01  0.000000e+00
   outer loop
     vertex -5.164743e+01 -2.958051e+01  0.000000e+00
     vertex -5.162447e+01 -2.949892e+01  0.000000e+00
     vertex -5.162447e+01 -2.949892e+01  2.000000e+00
   endloop
 endfacet
 facet normal  9.626242e-01 -2.708405e-01  0.000000e+00
   outer loop
     vertex -5.164743e+01 -2.958051e+01  0.000000e+00
     vertex -5.162447e+01 -2.949892e+01  2.000000e+00
     vertex -5.164743e+01 -2.958051e+01  2.000000e+00
   endloop
 endfacet
 facet normal  9.749279e-01 -2.225209e-01  0.000000e+00
   outer loop
     vertex -5.166629e+01 -2.966315e+01  0.000000e+00
     vertex -5.164743e+01 -2.958051e+01  2.000000e+00
     vertex -5.166629e+01 -2.966315e+01  2.000000e+00
   endloop
 endfacet
 facet normal  9.749279e-01 -2.225209e-01  0.000000e+00
   outer loop
     vertex -5.166629e+01 -2.966315e+01  0.000000e+00
     vertex -5.164743e+01 -2.958051e+01  0.000000e+00
     vertex -5.164743e+01 -2.958051e+01  2.000000e+00
   endloop
 endfacet
 facet normal  9.848078e-01 -1.736482e-01  0.000000e+00
   outer loop
     vertex -5.168101e+01 -2.974663e+01  0.000000e+00
     vertex -5.166629e+01 -2.966315e+01  2.000000e+00
     vertex -5.168101e+01 -2.974663e+01  2.000000e+00
   endloop
 endfacet
 facet normal  9.848078e-01 -1.736482e-01  0.000000e+00
   outer loop
     vertex -5.168101e+01 -2.974663e+01  0.000000e+00
     vertex -5.166629e+01 -2.966315e+01  0.000000e+00
     vertex -5.166629e+01 -2.966315e+01  2.000000e+00
   endloop
 endfacet
 facet normal  9.922392e-01 -1.243437e-01  0.000000e+00
   outer loop
     vertex -5.169155e+01 -2.983073e+01  0.000000e+00
     vertex -5.168101e+01 -2.974663e+01  2.000000e+00
     vertex -5.169155e+01 -2.983073e+01  2.000000e+00
   endloop
 endfacet
 facet normal  9.922392e-01 -1.243437e-01  0.000000e+00
   outer loop
     vertex -5.169155e+01 -2.983073e+01  0.000000e+00
     vertex -5.168101e+01 -2.974663e+01  0.000000e+00
     vertex -5.168101e+01 -2.974663e+01  2.000000e+00
   endloop
 endfacet
 facet normal  9.972038e-01 -7.473009e-02  0.000000e+00
   outer loop
     vertex -5.169789e+01 -2.991526e+01  0.000000e+00
     vertex -5.169155e+01 -2.983073e+01  0.000000e+00
     vertex -5.169155e+01 -2.983073e+01  2.000000e+00
   endloop
 endfacet
 facet normal  9.972038e-01 -7.473009e-02  0.000000e+00
   outer loop
     vertex -5.169789e+01 -2.991526e+01  0.000000e+00
     vertex -5.169155e+01 -2.983073e+01  2.000000e+00
     vertex -5.169789e+01 -2.991526e+01  2.000000e+00
   endloop
 endfacet
 facet normal  9.996892e-01 -2.493069e-02  0.000000e+00
   outer loop
     vertex -5.170000e+01 -3.000000e+01  0.000000e+00
     vertex -5.169789e+01 -2.991526e+01  0.000000e+00
     vertex -5.169789e+01 -2.991526e+01  2.000000e+00
   endloop
 endfacet
 facet normal  9.996892e-01  2.493069e-02 -0.000000e+00
   outer loop
     vertex -5.170000e+01 -3.000000e+01  0.000000e+00
     vertex -5.170000e+01 -3.000000e+01  2.000000e+00
     vertex -5.169789e+01 -3.008474e+01  2.000000e+00
   endloop
 endfacet
 facet normal  9.996892e-01 -2.493069e-02  0.000000e+00
   outer loop
     vertex -5.170000e+01 -3.000000e+01  0.000000e+00
     vertex -5.169789e+01 -2.991526e+01  2.000000e+00
     vertex -5.170000e+01 -3.000000e+01  2.000000e+00
   endloop
 endfacet
 facet normal  9.996892e-01  2.493069e-02 -0.000000e+00
   outer loop
     vertex -5.169789e+01 -3.008474e+01  0.000000e+00
     vertex -5.170000e+01 -3.000000e+01  0.000000e+00
     vertex -5.169789e+01 -3.008474e+01  2.000000e+00
   endloop
 endfacet
 facet normal  9.972038e-01  7.473009e-02 -0.000000e+00
   outer loop
     vertex -5.169155e+01 -3.016927e+01  0.000000e+00
     vertex -5.169789e+01 -3.008474e+01  2.000000e+00
     vertex -5.169155e+01 -3.016927e+01  2.000000e+00
   endloop
 endfacet
 facet normal  9.972038e-01  7.473009e-02  0.000000e+00
   outer loop
     vertex -5.169155e+01 -3.016927e+01  0.000000e+00
     vertex -5.169789e+01 -3.008474e+01  0.000000e+00
     vertex -5.169789e+01 -3.008474e+01  2.000000e+00
   endloop
 endfacet
 facet normal  9.922392e-01  1.243437e-01  0.000000e+00
   outer loop
     vertex -5.168101e+01 -3.025337e+01  0.000000e+00
     vertex -5.169155e+01 -3.016927e+01  0.000000e+00
     vertex -5.169155e+01 -3.016927e+01  2.000000e+00
   endloop
 endfacet
 facet normal  9.922392e-01  1.243437e-01 -0.000000e+00
   outer loop
     vertex -5.168101e+01 -3.025337e+01  0.000000e+00
     vertex -5.169155e+01 -3.016927e+01  2.000000e+00
     vertex -5.168101e+01 -3.025337e+01  2.000000e+00
   endloop
 endfacet
 facet normal  9.848078e-01  1.736482e-01  0.000000e+00
   outer loop
     vertex -5.166629e+01 -3.033685e+01  0.000000e+00
     vertex -5.168101e+01 -3.025337e+01  0.000000e+00
     vertex -5.168101e+01 -3.025337e+01  2.000000e+00
   endloop
 endfacet
 facet normal  9.848078e-01  1.736482e-01 -0.000000e+00
   outer loop
     vertex -5.166629e+01 -3.033685e+01  0.000000e+00
     vertex -5.168101e+01 -3.025337e+01  2.000000e+00
     vertex -5.166629e+01 -3.033685e+01  2.000000e+00
   endloop
 endfacet
 facet normal  9.749279e-01  2.225209e-01  0.000000e+00
   outer loop
     vertex -5.164743e+01 -3.041949e+01  0.000000e+00
     vertex -5.166629e+01 -3.033685e+01  0.000000e+00
     vertex -5.166629e+01 -3.033685e+01  2.000000e+00
   endloop
 endfacet
 facet normal  9.749279e-01  2.225209e-01 -0.000000e+00
   outer loop
     vertex -5.164743e+01 -3.041949e+01  0.000000e+00
     vertex -5.166629e+01 -3.033685e+01  2.000000e+00
     vertex -5.164743e+01 -3.041949e+01  2.000000e+00
   endloop
 endfacet
 facet normal  9.626242e-01  2.708405e-01  0.000000e+00
   outer loop
     vertex -5.162447e+01 -3.050108e+01  0.000000e+00
     vertex -5.164743e+01 -3.041949e+01  0.000000e+00
     vertex -5.164743e+01 -3.041949e+01  2.000000e+00
   endloop
 endfacet
 facet normal  9.626242e-01  2.708405e-01 -0.000000e+00
   outer loop
     vertex -5.162447e+01 -3.050108e+01  0.000000e+00
     vertex -5.164743e+01 -3.041949e+01  2.000000e+00
     vertex -5.162447e+01 -3.050108e+01  2.000000e+00
   endloop
 endfacet
 facet normal  9.479273e-01  3.184867e-01  0.000000e+00
   outer loop
     vertex -5.159748e+01 -3.058143e+01  0.000000e+00
     vertex -5.162447e+01 -3.050108e+01  0.000000e+00
     vertex -5.162447e+01 -3.050108e+01  2.000000e+00
   endloop
 endfacet
 facet normal  9.479273e-01  3.184867e-01 -0.000000e+00
   outer loop
     vertex -5.159748e+01 -3.058143e+01  0.000000e+00
     vertex -5.162447e+01 -3.050108e+01  2.000000e+00
     vertex -5.159748e+01 -3.058143e+01  2.000000e+00
   endloop
 endfacet
 facet normal  9.308737e-01  3.653410e-01  0.000000e+00
   outer loop
     vertex -5.156651e+01 -3.066034e+01  0.000000e+00
     vertex -5.159748e+01 -3.058143e+01  0.000000e+00
     vertex -5.159748e+01 -3.058143e+01  2.000000e+00
   endloop
 endfacet
 facet normal  9.308737e-01  3.653410e-01 -0.000000e+00
   outer loop
     vertex -5.156651e+01 -3.066034e+01  0.000000e+00
     vertex -5.159748e+01 -3.058143e+01  2.000000e+00
     vertex -5.156651e+01 -3.066034e+01  2.000000e+00
   endloop
 endfacet
 facet normal  9.115059e-01  4.112871e-01  0.000000e+00
   outer loop
     vertex -5.153165e+01 -3.073760e+01  0.000000e+00
     vertex -5.156651e+01 -3.066034e+01  0.000000e+00
     vertex -5.156651e+01 -3.066034e+01  2.000000e+00
   endloop
 endfacet
 facet normal  9.115059e-01  4.112871e-01 -0.000000e+00
   outer loop
     vertex -5.153165e+01 -3.073760e+01  0.000000e+00
     vertex -5.156651e+01 -3.066034e+01  2.000000e+00
     vertex -5.153165e+01 -3.073760e+01  2.000000e+00
   endloop
 endfacet
 facet normal  8.898718e-01  4.562107e-01  0.000000e+00
   outer loop
     vertex -5.149298e+01 -3.081303e+01  0.000000e+00
     vertex -5.153165e+01 -3.073760e+01  0.000000e+00
     vertex -5.153165e+01 -3.073760e+01  2.000000e+00
   endloop
 endfacet
 facet normal  8.898718e-01  4.562107e-01 -0.000000e+00
   outer loop
     vertex -5.149298e+01 -3.081303e+01  0.000000e+00
     vertex -5.153165e+01 -3.073760e+01  2.000000e+00
     vertex -5.149298e+01 -3.081303e+01  2.000000e+00
   endloop
 endfacet
 facet normal  8.660254e-01  5.000000e-01  0.000000e+00
   outer loop
     vertex -5.145059e+01 -3.088644e+01  0.000000e+00
     vertex -5.149298e+01 -3.081303e+01  0.000000e+00
     vertex -5.149298e+01 -3.081303e+01  2.000000e+00
   endloop
 endfacet
 facet normal  8.660254e-01  5.000000e-01 -0.000000e+00
   outer loop
     vertex -5.145059e+01 -3.088644e+01  0.000000e+00
     vertex -5.149298e+01 -3.081303e+01  2.000000e+00
     vertex -5.145059e+01 -3.088644e+01  2.000000e+00
   endloop
 endfacet
 facet normal  8.400259e-01  5.425463e-01  0.000000e+00
   outer loop
     vertex -5.140461e+01 -3.095764e+01  0.000000e+00
     vertex -5.145059e+01 -3.088644e+01  0.000000e+00
     vertex -5.145059e+01 -3.088644e+01  2.000000e+00
   endloop
 endfacet
 facet normal  8.400259e-01  5.425463e-01 -0.000000e+00
   outer loop
     vertex -5.140461e+01 -3.095764e+01  0.000000e+00
     vertex -5.145059e+01 -3.088644e+01  2.000000e+00
     vertex -5.140461e+01 -3.095764e+01  2.000000e+00
   endloop
 endfacet
 facet normal  8.119380e-01  5.837437e-01  0.000000e+00
   outer loop
     vertex -5.135513e+01 -3.102647e+01  0.000000e+00
     vertex -5.140461e+01 -3.095764e+01  0.000000e+00
     vertex -5.140461e+01 -3.095764e+01  2.000000e+00
   endloop
 endfacet
 facet normal  8.119380e-01  5.837437e-01 -0.000000e+00
   outer loop
     vertex -5.135513e+01 -3.102647e+01  0.000000e+00
     vertex -5.140461e+01 -3.095764e+01  2.000000e+00
     vertex -5.135513e+01 -3.102647e+01  2.000000e+00
   endloop
 endfacet
 facet normal  7.818315e-01  6.234898e-01  0.000000e+00
   outer loop
     vertex -5.130228e+01 -3.109274e+01  0.000000e+00
     vertex -5.135513e+01 -3.102647e+01  0.000000e+00
     vertex -5.135513e+01 -3.102647e+01  2.000000e+00
   endloop
 endfacet
 facet normal  7.818315e-01  6.234898e-01 -0.000000e+00
   outer loop
     vertex -5.130228e+01 -3.109274e+01  0.000000e+00
     vertex -5.135513e+01 -3.102647e+01  2.000000e+00
     vertex -5.130228e+01 -3.109274e+01  2.000000e+00
   endloop
 endfacet
 facet normal  7.497812e-01  6.616858e-01  0.000000e+00
   outer loop
     vertex -5.124619e+01 -3.115629e+01  0.000000e+00
     vertex -5.130228e+01 -3.109274e+01  0.000000e+00
     vertex -5.130228e+01 -3.109274e+01  2.000000e+00
   endloop
 endfacet
 facet normal  7.497812e-01  6.616858e-01 -0.000000e+00
   outer loop
     vertex -5.124619e+01 -3.115629e+01  0.000000e+00
     vertex -5.130228e+01 -3.109274e+01  2.000000e+00
     vertex -5.124619e+01 -3.115629e+01  2.000000e+00
   endloop
 endfacet
 facet normal  7.158668e-01  6.982368e-01  0.000000e+00
   outer loop
     vertex -5.118700e+01 -3.121697e+01  0.000000e+00
     vertex -5.124619e+01 -3.115629e+01  0.000000e+00
     vertex -5.124619e+01 -3.115629e+01  2.000000e+00
   endloop
 endfacet
 facet normal  7.158668e-01  6.982368e-01 -0.000000e+00
   outer loop
     vertex -5.118700e+01 -3.121697e+01  0.000000e+00
     vertex -5.124619e+01 -3.115629e+01  2.000000e+00
     vertex -5.118700e+01 -3.121697e+01  2.000000e+00
   endloop
 endfacet
 facet normal  6.801727e-01  7.330519e-01 -0.000000e+00
   outer loop
     vertex -5.112487e+01 -3.127463e+01  0.000000e+00
     vertex -5.118700e+01 -3.121697e+01  2.000000e+00
     vertex -5.112487e+01 -3.127463e+01  2.000000e+00
   endloop
 endfacet
 facet normal  6.801727e-01  7.330519e-01  0.000000e+00
   outer loop
     vertex -5.112487e+01 -3.127463e+01  0.000000e+00
     vertex -5.118700e+01 -3.121697e+01  0.000000e+00
     vertex -5.118700e+01 -3.121697e+01  2.000000e+00
   endloop
 endfacet
 facet normal  6.427876e-01  7.660444e-01  0.000000e+00
   outer loop
     vertex -5.105993e+01 -3.132911e+01  0.000000e+00
     vertex -5.112487e+01 -3.127463e+01  0.000000e+00
     vertex -5.112487e+01 -3.127463e+01  2.000000e+00
   endloop
 endfacet
 facet normal  6.427876e-01  7.660444e-01 -0.000000e+00
   outer loop
     vertex -5.105993e+01 -3.132911e+01  0.000000e+00
     vertex -5.112487e+01 -3.127463e+01  2.000000e+00
     vertex -5.105993e+01 -3.132911e+01  2.000000e+00
   endloop
 endfacet
 facet normal  6.038044e-01  7.971325e-01 -0.000000e+00
   outer loop
     vertex -5.099236e+01 -3.138029e+01  0.000000e+00
     vertex -5.105993e+01 -3.132911e+01  2.000000e+00
     vertex -5.099236e+01 -3.138029e+01  2.000000e+00
   endloop
 endfacet
 facet normal  6.038044e-01  7.971325e-01  0.000000e+00
   outer loop
     vertex -5.099236e+01 -3.138029e+01  0.000000e+00
     vertex -5.105993e+01 -3.132911e+01  0.000000e+00
     vertex -5.105993e+01 -3.132911e+01  2.000000e+00
   endloop
 endfacet
 facet normal  5.633201e-01  8.262388e-01 -0.000000e+00
   outer loop
     vertex -5.092233e+01 -3.142804e+01  0.000000e+00
     vertex -5.099236e+01 -3.138029e+01  2.000000e+00
     vertex -5.092233e+01 -3.142804e+01  2.000000e+00
   endloop
 endfacet
 facet normal  5.633201e-01  8.262388e-01  0.000000e+00
   outer loop
     vertex -5.092233e+01 -3.142804e+01  0.000000e+00
     vertex -5.099236e+01 -3.138029e+01  0.000000e+00
     vertex -5.099236e+01 -3.138029e+01  2.000000e+00
   endloop
 endfacet
 facet normal  5.214352e-01  8.532909e-01 -0.000000e+00
   outer loop
     vertex -5.085000e+01 -3.147224e+01  0.000000e+00
     vertex -5.092233e+01 -3.142804e+01  2.000000e+00
     vertex -5.085000e+01 -3.147224e+01  2.000000e+00
   endloop
 endfacet
 facet normal  5.214352e-01  8.532909e-01  0.000000e+00
   outer loop
     vertex -5.085000e+01 -3.147224e+01  0.000000e+00
     vertex -5.092233e+01 -3.142804e+01  0.000000e+00
     vertex -5.092233e+01 -3.142804e+01  2.000000e+00
   endloop
 endfacet
 facet normal  4.782540e-01  8.782216e-01 -0.000000e+00
   outer loop
     vertex -5.077556e+01 -3.151278e+01  0.000000e+00
     vertex -5.085000e+01 -3.147224e+01  2.000000e+00
     vertex -5.077556e+01 -3.151278e+01  2.000000e+00
   endloop
 endfacet
 facet normal  4.782540e-01  8.782216e-01  0.000000e+00
   outer loop
     vertex -5.077556e+01 -3.151278e+01  0.000000e+00
     vertex -5.085000e+01 -3.147224e+01  0.000000e+00
     vertex -5.085000e+01 -3.147224e+01  2.000000e+00
   endloop
 endfacet
 facet normal  4.338837e-01  9.009689e-01 -0.000000e+00
   outer loop
     vertex -5.069919e+01 -3.154956e+01  0.000000e+00
     vertex -5.077556e+01 -3.151278e+01  2.000000e+00
     vertex -5.069919e+01 -3.154956e+01  2.000000e+00
   endloop
 endfacet
 facet normal  4.338837e-01  9.009689e-01  0.000000e+00
   outer loop
     vertex -5.069919e+01 -3.154956e+01  0.000000e+00
     vertex -5.077556e+01 -3.151278e+01  0.000000e+00
     vertex -5.077556e+01 -3.151278e+01  2.000000e+00
   endloop
 endfacet
 facet normal  3.884348e-01  9.214762e-01  0.000000e+00
   outer loop
     vertex -5.062108e+01 -3.158249e+01  0.000000e+00
     vertex -5.069919e+01 -3.154956e+01  0.000000e+00
     vertex -5.069919e+01 -3.154956e+01  2.000000e+00
   endloop
 endfacet
 facet normal  3.884348e-01  9.214762e-01 -0.000000e+00
   outer loop
     vertex -5.062108e+01 -3.158249e+01  0.000000e+00
     vertex -5.069919e+01 -3.154956e+01  2.000000e+00
     vertex -5.062108e+01 -3.158249e+01  2.000000e+00
   endloop
 endfacet
 facet normal  3.420201e-01  9.396926e-01  0.000000e+00
   outer loop
     vertex -5.054143e+01 -3.161148e+01  0.000000e+00
     vertex -5.062108e+01 -3.158249e+01  0.000000e+00
     vertex -5.062108e+01 -3.158249e+01  2.000000e+00
   endloop
 endfacet
 facet normal  3.420201e-01  9.396926e-01 -0.000000e+00
   outer loop
     vertex -5.054143e+01 -3.161148e+01  0.000000e+00
     vertex -5.062108e+01 -3.158249e+01  2.000000e+00
     vertex -5.054143e+01 -3.161148e+01  2.000000e+00
   endloop
 endfacet
 facet normal  2.947552e-01  9.555728e-01  0.000000e+00
   outer loop
     vertex -5.046043e+01 -3.163646e+01  0.000000e+00
     vertex -5.054143e+01 -3.161148e+01  0.000000e+00
     vertex -5.054143e+01 -3.161148e+01  2.000000e+00
   endloop
 endfacet
 facet normal  2.947552e-01  9.555728e-01 -0.000000e+00
   outer loop
     vertex -5.046043e+01 -3.163646e+01  0.000000e+00
     vertex -5.054143e+01 -3.161148e+01  2.000000e+00
     vertex -5.046043e+01 -3.163646e+01  2.000000e+00
   endloop
 endfacet
 facet normal  2.467574e-01  9.690773e-01  0.000000e+00
   outer loop
     vertex -5.037829e+01 -3.165738e+01  0.000000e+00
     vertex -5.046043e+01 -3.163646e+01  0.000000e+00
     vertex -5.046043e+01 -3.163646e+01  2.000000e+00
   endloop
 endfacet
 facet normal  2.467574e-01  9.690773e-01 -0.000000e+00
   outer loop
     vertex -5.037829e+01 -3.165738e+01  0.000000e+00
     vertex -5.046043e+01 -3.163646e+01  2.000000e+00
     vertex -5.037829e+01 -3.165738e+01  2.000000e+00
   endloop
 endfacet
 facet normal  1.981461e-01  9.801725e-01  0.000000e+00
   outer loop
     vertex -5.029520e+01 -3.167417e+01  0.000000e+00
     vertex -5.037829e+01 -3.165738e+01  0.000000e+00
     vertex -5.037829e+01 -3.165738e+01  2.000000e+00
   endloop
 endfacet
 facet normal  1.981461e-01  9.801725e-01 -0.000000e+00
   outer loop
     vertex -5.029520e+01 -3.167417e+01  0.000000e+00
     vertex -5.037829e+01 -3.165738e+01  2.000000e+00
     vertex -5.029520e+01 -3.167417e+01  2.000000e+00
   endloop
 endfacet
 facet normal  1.490423e-01  9.888308e-01  0.000000e+00
   outer loop
     vertex -5.021138e+01 -3.168681e+01  0.000000e+00
     vertex -5.029520e+01 -3.167417e+01  0.000000e+00
     vertex -5.029520e+01 -3.167417e+01  2.000000e+00
   endloop
 endfacet
 facet normal  1.490423e-01  9.888308e-01 -0.000000e+00
   outer loop
     vertex -5.021138e+01 -3.168681e+01  0.000000e+00
     vertex -5.029520e+01 -3.167417e+01  2.000000e+00
     vertex -5.021138e+01 -3.168681e+01  2.000000e+00
   endloop
 endfacet
 facet normal  9.956785e-02  9.950308e-01  0.000000e+00
   outer loop
     vertex -5.012704e+01 -3.169525e+01  0.000000e+00
     vertex -5.021138e+01 -3.168681e+01  0.000000e+00
     vertex -5.021138e+01 -3.168681e+01  2.000000e+00
   endloop
 endfacet
 facet normal  9.956785e-02  9.950308e-01 -0.000000e+00
   outer loop
     vertex -5.012704e+01 -3.169525e+01  0.000000e+00
     vertex -5.021138e+01 -3.168681e+01  2.000000e+00
     vertex -5.012704e+01 -3.169525e+01  2.000000e+00
   endloop
 endfacet
 facet normal  4.984589e-02  9.987569e-01  0.000000e+00
   outer loop
     vertex -5.004238e+01 -3.169947e+01  0.000000e+00
     vertex -5.012704e+01 -3.169525e+01  0.000000e+00
     vertex -5.012704e+01 -3.169525e+01  2.000000e+00
   endloop
 endfacet
 facet normal  4.984589e-02  9.987569e-01 -0.000000e+00
   outer loop
     vertex -5.004238e+01 -3.169947e+01  0.000000e+00
     vertex -5.012704e+01 -3.169525e+01  2.000000e+00
     vertex -5.004238e+01 -3.169947e+01  2.000000e+00
   endloop
 endfacet
 facet normal  0.000000e+00  1.000000e+00  0.000000e+00
   outer loop
     vertex -4.995762e+01 -3.169947e+01  0.000000e+00
     vertex -5.004238e+01 -3.169947e+01  0.000000e+00
     vertex -5.004238e+01 -3.169947e+01  2.000000e+00
   endloop
 endfacet
 facet normal  0.000000e+00  1.000000e+00 -0.000000e+00
   outer loop
     vertex -4.995762e+01 -3.169947e+01  0.000000e+00
     vertex -5.004238e+01 -3.169947e+01  2.000000e+00
     vertex -4.995762e+01 -3.169947e+01  2.000000e+00
   endloop
 endfacet
 facet normal -4.984589e-02  9.987569e-01  0.000000e+00
   outer loop
     vertex -4.987296e+01 -3.169525e+01  0.000000e+00
     vertex -4.995762e+01 -3.169947e+01  0.000000e+00
     vertex -4.995762e+01 -3.169947e+01  2.000000e+00
   endloop
 endfacet
 facet normal -4.984589e-02  9.987569e-01  0.000000e+00
   outer loop
     vertex -4.987296e+01 -3.169525e+01  0.000000e+00
     vertex -4.995762e+01 -3.169947e+01  2.000000e+00
     vertex -4.987296e+01 -3.169525e+01  2.000000e+00
   endloop
 endfacet
 facet normal -9.956785e-02  9.950308e-01  0.000000e+00
   outer loop
     vertex -4.978862e+01 -3.168681e+01  0.000000e+00
     vertex -4.987296e+01 -3.169525e+01  0.000000e+00
     vertex -4.987296e+01 -3.169525e+01  2.000000e+00
   endloop
 endfacet
 facet normal -9.956785e-02  9.950308e-01  0.000000e+00
   outer loop
     vertex -4.978862e+01 -3.168681e+01  0.000000e+00
     vertex -4.987296e+01 -3.169525e+01  2.000000e+00
     vertex -4.978862e+01 -3.168681e+01  2.000000e+00
   endloop
 endfacet
 facet normal -1.490423e-01  9.888308e-01  0.000000e+00
   outer loop
     vertex -4.970480e+01 -3.167417e+01  0.000000e+00
     vertex -4.978862e+01 -3.168681e+01  0.000000e+00
     vertex -4.978862e+01 -3.168681e+01  2.000000e+00
   endloop
 endfacet
 facet normal -1.490423e-01  9.888308e-01  0.000000e+00
   outer loop
     vertex -4.970480e+01 -3.167417e+01  0.000000e+00
     vertex -4.978862e+01 -3.168681e+01  2.000000e+00
     vertex -4.970480e+01 -3.167417e+01  2.000000e+00
   endloop
 endfacet
 facet normal -1.981461e-01  9.801725e-01  0.000000e+00
   outer loop
     vertex -4.962171e+01 -3.165738e+01  0.000000e+00
     vertex -4.970480e+01 -3.167417e+01  0.000000e+00
     vertex -4.970480e+01 -3.167417e+01  2.000000e+00
   endloop
 endfacet
 facet normal -1.981461e-01  9.801725e-01  0.000000e+00
   outer loop
     vertex -4.962171e+01 -3.165738e+01  0.000000e+00
     vertex -4.970480e+01 -3.167417e+01  2.000000e+00
     vertex -4.962171e+01 -3.165738e+01  2.000000e+00
   endloop
 endfacet
 facet normal -2.467574e-01  9.690773e-01  0.000000e+00
   outer loop
     vertex -4.953957e+01 -3.163646e+01  0.000000e+00
     vertex -4.962171e+01 -3.165738e+01  2.000000e+00
     vertex -4.953957e+01 -3.163646e+01  2.000000e+00
   endloop
 endfacet
 facet normal -2.467574e-01  9.690773e-01  0.000000e+00
   outer loop
     vertex -4.953957e+01 -3.163646e+01  0.000000e+00
     vertex -4.962171e+01 -3.165738e+01  0.000000e+00
     vertex -4.962171e+01 -3.165738e+01  2.000000e+00
   endloop
 endfacet
 facet normal -2.947552e-01  9.555728e-01  0.000000e+00
   outer loop
     vertex -4.945857e+01 -3.161148e+01  0.000000e+00
     vertex -4.953957e+01 -3.163646e+01  0.000000e+00
     vertex -4.953957e+01 -3.163646e+01  2.000000e+00
   endloop
 endfacet
 facet normal -2.947552e-01  9.555728e-01  0.000000e+00
   outer loop
     vertex -4.945857e+01 -3.161148e+01  0.000000e+00
     vertex -4.953957e+01 -3.163646e+01  2.000000e+00
     vertex -4.945857e+01 -3.161148e+01  2.000000e+00
   endloop
 endfacet
 facet normal -3.420201e-01  9.396926e-01  0.000000e+00
   outer loop
     vertex -4.937892e+01 -3.158249e+01  0.000000e+00
     vertex -4.945857e+01 -3.161148e+01  2.000000e+00
     vertex -4.937892e+01 -3.158249e+01  2.000000e+00
   endloop
 endfacet
 facet normal -3.420201e-01  9.396926e-01  0.000000e+00
   outer loop
     vertex -4.937892e+01 -3.158249e+01  0.000000e+00
     vertex -4.945857e+01 -3.161148e+01  0.000000e+00
     vertex -4.945857e+01 -3.161148e+01  2.000000e+00
   endloop
 endfacet
 facet normal -3.884348e-01  9.214762e-01  0.000000e+00
   outer loop
     vertex -4.930081e+01 -3.154956e+01  0.000000e+00
     vertex -4.937892e+01 -3.158249e+01  2.000000e+00
     vertex -4.930081e+01 -3.154956e+01  2.000000e+00
   endloop
 endfacet
 facet normal -3.884348e-01  9.214762e-01  0.000000e+00
   outer loop
     vertex -4.930081e+01 -3.154956e+01  0.000000e+00
     vertex -4.937892e+01 -3.158249e+01  0.000000e+00
     vertex -4.937892e+01 -3.158249e+01  2.000000e+00
   endloop
 endfacet
 facet normal -4.338837e-01  9.009689e-01  0.000000e+00
   outer loop
     vertex -4.922444e+01 -3.151278e+01  0.000000e+00
     vertex -4.930081e+01 -3.154956e+01  2.000000e+00
     vertex -4.922444e+01 -3.151278e+01  2.000000e+00
   endloop
 endfacet
 facet normal -4.338837e-01  9.009689e-01  0.000000e+00
   outer loop
     vertex -4.922444e+01 -3.151278e+01  0.000000e+00
     vertex -4.930081e+01 -3.154956e+01  0.000000e+00
     vertex -4.930081e+01 -3.154956e+01  2.000000e+00
   endloop
 endfacet
 facet normal -4.782540e-01  8.782216e-01  0.000000e+00
   outer loop
     vertex -4.915000e+01 -3.147224e+01  0.000000e+00
     vertex -4.922444e+01 -3.151278e+01  2.000000e+00
     vertex -4.915000e+01 -3.147224e+01  2.000000e+00
   endloop
 endfacet
 facet normal -4.782540e-01  8.782216e-01  0.000000e+00
   outer loop
     vertex -4.915000e+01 -3.147224e+01  0.000000e+00
     vertex -4.922444e+01 -3.151278e+01  0.000000e+00
     vertex -4.922444e+01 -3.151278e+01  2.000000e+00
   endloop
 endfacet
 facet normal -5.214352e-01  8.532909e-01  0.000000e+00
   outer loop
     vertex -4.907767e+01 -3.142804e+01  0.000000e+00
     vertex -4.915000e+01 -3.147224e+01  2.000000e+00
     vertex -4.907767e+01 -3.142804e+01  2.000000e+00
   endloop
 endfacet
 facet normal -5.214352e-01  8.532909e-01  0.000000e+00
   outer loop
     vertex -4.907767e+01 -3.142804e+01  0.000000e+00
     vertex -4.915000e+01 -3.147224e+01  0.000000e+00
     vertex -4.915000e+01 -3.147224e+01  2.000000e+00
   endloop
 endfacet
 facet normal -5.633201e-01  8.262388e-01  0.000000e+00
   outer loop
     vertex -4.900764e+01 -3.138029e+01  0.000000e+00
     vertex -4.907767e+01 -3.142804e+01  2.000000e+00
     vertex -4.900764e+01 -3.138029e+01  2.000000e+00
   endloop
 endfacet
 facet normal -5.633201e-01  8.262388e-01  0.000000e+00
   outer loop
     vertex -4.900764e+01 -3.138029e+01  0.000000e+00
     vertex -4.907767e+01 -3.142804e+01  0.000000e+00
     vertex -4.907767e+01 -3.142804e+01  2.000000e+00
   endloop
 endfacet
 facet normal -6.038044e-01  7.971325e-01  0.000000e+00
   outer loop
     vertex -4.894007e+01 -3.132911e+01  0.000000e+00
     vertex -4.900764e+01 -3.138029e+01  2.000000e+00
     vertex -4.894007e+01 -3.132911e+01  2.000000e+00
   endloop
 endfacet
 facet normal -6.038044e-01  7.971325e-01  0.000000e+00
   outer loop
     vertex -4.894007e+01 -3.132911e+01  0.000000e+00
     vertex -4.900764e+01 -3.138029e+01  0.000000e+00
     vertex -4.900764e+01 -3.138029e+01  2.000000e+00
   endloop
 endfacet
 facet normal -6.427876e-01  7.660444e-01  0.000000e+00
   outer loop
     vertex -4.887513e+01 -3.127463e+01  0.000000e+00
     vertex -4.894007e+01 -3.132911e+01  2.000000e+00
     vertex -4.887513e+01 -3.127463e+01  2.000000e+00
   endloop
 endfacet
 facet normal -6.427876e-01  7.660444e-01  0.000000e+00
   outer loop
     vertex -4.887513e+01 -3.127463e+01  0.000000e+00
     vertex -4.894007e+01 -3.132911e+01  0.000000e+00
     vertex -4.894007e+01 -3.132911e+01  2.000000e+00
   endloop
 endfacet
 facet normal -6.801727e-01  7.330519e-01  0.000000e+00
   outer loop
     vertex -4.881300e+01 -3.121697e+01  0.000000e+00
     vertex -4.887513e+01 -3.127463e+01  2.000000e+00
     vertex -4.881300e+01 -3.121697e+01  2.000000e+00
   endloop
 endfacet
 facet normal -6.801727e-01  7.330519e-01  0.000000e+00
   outer loop
     vertex -4.881300e+01 -3.121697e+01  0.000000e+00
     vertex -4.887513e+01 -3.127463e+01  0.000000e+00
     vertex -4.887513e+01 -3.127463e+01  2.000000e+00
   endloop
 endfacet
 facet normal -7.158668e-01  6.982368e-01  0.000000e+00
   outer loop
     vertex -4.875381e+01 -3.115629e+01  0.000000e+00
     vertex -4.881300e+01 -3.121697e+01  2.000000e+00
     vertex -4.875381e+01 -3.115629e+01  2.000000e+00
   endloop
 endfacet
 facet normal -7.158668e-01  6.982368e-01  0.000000e+00
   outer loop
     vertex -4.875381e+01 -3.115629e+01  0.000000e+00
     vertex -4.881300e+01 -3.121697e+01  0.000000e+00
     vertex -4.881300e+01 -3.121697e+01  2.000000e+00
   endloop
 endfacet
 facet normal -7.497812e-01  6.616858e-01  0.000000e+00
   outer loop
     vertex -4.869772e+01 -3.109274e+01  0.000000e+00
     vertex -4.875381e+01 -3.115629e+01  2.000000e+00
     vertex -4.869772e+01 -3.109274e+01  2.000000e+00
   endloop
 endfacet
 facet normal -7.497812e-01  6.616858e-01  0.000000e+00
   outer loop
     vertex -4.869772e+01 -3.109274e+01  0.000000e+00
     vertex -4.875381e+01 -3.115629e+01  0.000000e+00
     vertex -4.875381e+01 -3.115629e+01  2.000000e+00
   endloop
 endfacet
 facet normal -7.818315e-01  6.234898e-01  0.000000e+00
   outer loop
     vertex -4.864487e+01 -3.102647e+01  0.000000e+00
     vertex -4.869772e+01 -3.109274e+01  0.000000e+00
     vertex -4.869772e+01 -3.109274e+01  2.000000e+00
   endloop
 endfacet
 facet normal -7.818315e-01  6.234898e-01  0.000000e+00
   outer loop
     vertex -4.864487e+01 -3.102647e+01  0.000000e+00
     vertex -4.869772e+01 -3.109274e+01  2.000000e+00
     vertex -4.864487e+01 -3.102647e+01  2.000000e+00
   endloop
 endfacet
 facet normal -8.119380e-01  5.837437e-01  0.000000e+00
   outer loop
     vertex -4.859539e+01 -3.095764e+01  0.000000e+00
     vertex -4.864487e+01 -3.102647e+01  0.000000e+00
     vertex -4.864487e+01 -3.102647e+01  2.000000e+00
   endloop
 endfacet
 facet normal -8.119380e-01  5.837437e-01  0.000000e+00
   outer loop
     vertex -4.859539e+01 -3.095764e+01  0.000000e+00
     vertex -4.864487e+01 -3.102647e+01  2.000000e+00
     vertex -4.859539e+01 -3.095764e+01  2.000000e+00
   endloop
 endfacet
 facet normal -8.400259e-01  5.425463e-01  0.000000e+00
   outer loop
     vertex -4.854941e+01 -3.088644e+01  0.000000e+00
     vertex -4.859539e+01 -3.095764e+01  0.000000e+00
     vertex -4.859539e+01 -3.095764e+01  2.000000e+00
   endloop
 endfacet
 facet normal -8.400259e-01  5.425463e-01  0.000000e+00
   outer loop
     vertex -4.854941e+01 -3.088644e+01  0.000000e+00
     vertex -4.859539e+01 -3.095764e+01  2.000000e+00
     vertex -4.854941e+01 -3.088644e+01  2.000000e+00
   endloop
 endfacet
 facet normal -8.660254e-01  5.000000e-01  0.000000e+00
   outer loop
     vertex -4.850702e+01 -3.081303e+01  0.000000e+00
     vertex -4.854941e+01 -3.088644e+01  0.000000e+00
     vertex -4.854941e+01 -3.088644e+01  2.000000e+00
   endloop
 endfacet
 facet normal -8.660254e-01  5.000000e-01  0.000000e+00
   outer loop
     vertex -4.850702e+01 -3.081303e+01  0.000000e+00
     vertex -4.854941e+01 -3.088644e+01  2.000000e+00
     vertex -4.850702e+01 -3.081303e+01  2.000000e+00
   endloop
 endfacet
 facet normal -8.898718e-01  4.562107e-01  0.000000e+00
   outer loop
     vertex -4.846835e+01 -3.073760e+01  0.000000e+00
     vertex -4.850702e+01 -3.081303e+01  0.000000e+00
     vertex -4.850702e+01 -3.081303e+01  2.000000e+00
   endloop
 endfacet
 facet normal -8.898718e-01  4.562107e-01  0.000000e+00
   outer loop
     vertex -4.846835e+01 -3.073760e+01  0.000000e+00
     vertex -4.850702e+01 -3.081303e+01  2.000000e+00
     vertex -4.846835e+01 -3.073760e+01  2.000000e+00
   endloop
 endfacet
 facet normal -9.115059e-01  4.112871e-01  0.000000e+00
   outer loop
     vertex -4.843349e+01 -3.066034e+01  0.000000e+00
     vertex -4.846835e+01 -3.073760e+01  0.000000e+00
     vertex -4.846835e+01 -3.073760e+01  2.000000e+00
   endloop
 endfacet
 facet normal -9.115059e-01  4.112871e-01  0.000000e+00
   outer loop
     vertex -4.843349e+01 -3.066034e+01  0.000000e+00
     vertex -4.846835e+01 -3.073760e+01  2.000000e+00
     vertex -4.843349e+01 -3.066034e+01  2.000000e+00
   endloop
 endfacet
 facet normal -9.308737e-01  3.653410e-01  0.000000e+00
   outer loop
     vertex -4.840252e+01 -3.058143e+01  0.000000e+00
     vertex -4.843349e+01 -3.066034e+01  0.000000e+00
     vertex -4.843349e+01 -3.066034e+01  2.000000e+00
   endloop
 endfacet
 facet normal -9.308737e-01  3.653410e-01  0.000000e+00
   outer loop
     vertex -4.840252e+01 -3.058143e+01  0.000000e+00
     vertex -4.843349e+01 -3.066034e+01  2.000000e+00
     vertex -4.840252e+01 -3.058143e+01  2.000000e+00
   endloop
 endfacet
 facet normal -9.479273e-01  3.184867e-01  0.000000e+00
   outer loop
     vertex -4.837553e+01 -3.050108e+01  0.000000e+00
     vertex -4.840252e+01 -3.058143e+01  2.000000e+00
     vertex -4.837553e+01 -3.050108e+01  2.000000e+00
   endloop
 endfacet
 facet normal -9.479273e-01  3.184867e-01  0.000000e+00
   outer loop
     vertex -4.837553e+01 -3.050108e+01  0.000000e+00
     vertex -4.840252e+01 -3.058143e+01  0.000000e+00
     vertex -4.840252e+01 -3.058143e+01  2.000000e+00
   endloop
 endfacet
 facet normal -9.626242e-01  2.708405e-01  0.000000e+00
   outer loop
     vertex -4.835257e+01 -3.041949e+01  0.000000e+00
     vertex -4.837553e+01 -3.050108e+01  0.000000e+00
     vertex -4.837553e+01 -3.050108e+01  2.000000e+00
   endloop
 endfacet
 facet normal -9.626242e-01  2.708405e-01  0.000000e+00
   outer loop
     vertex -4.835257e+01 -3.041949e+01  0.000000e+00
     vertex -4.837553e+01 -3.050108e+01  2.000000e+00
     vertex -4.835257e+01 -3.041949e+01  2.000000e+00
   endloop
 endfacet
 facet normal -9.749279e-01  2.225209e-01  0.000000e+00
   outer loop
     vertex -4.833371e+01 -3.033685e+01  0.000000e+00
     vertex -4.835257e+01 -3.041949e+01  2.000000e+00
     vertex -4.833371e+01 -3.033685e+01  2.000000e+00
   endloop
 endfacet
 facet normal -9.749279e-01  2.225209e-01  0.000000e+00
   outer loop
     vertex -4.833371e+01 -3.033685e+01  0.000000e+00
     vertex -4.835257e+01 -3.041949e+01  0.000000e+00
     vertex -4.835257e+01 -3.041949e+01  2.000000e+00
   endloop
 endfacet
 facet normal -9.848078e-01  1.736482e-01  0.000000e+00
   outer loop
     vertex -4.831899e+01 -3.025337e+01  0.000000e+00
     vertex -4.833371e+01 -3.033685e+01  2.000000e+00
     vertex -4.831899e+01 -3.025337e+01  2.000000e+00
   endloop
 endfacet
 facet normal -9.848078e-01  1.736482e-01  0.000000e+00
   outer loop
     vertex -4.831899e+01 -3.025337e+01  0.000000e+00
     vertex -4.833371e+01 -3.033685e+01  0.000000e+00
     vertex -4.833371e+01 -3.033685e+01  2.000000e+00
   endloop
 endfacet
 facet normal -9.922392e-01  1.243437e-01  0.000000e+00
   outer loop
     vertex -4.830845e+01 -3.016927e+01  0.000000e+00
     vertex -4.831899e+01 -3.025337e+01  2.000000e+00
     vertex -4.830845e+01 -3.016927e+01  2.000000e+00
   endloop
 endfacet
 facet normal -9.922392e-01  1.243437e-01  0.000000e+00
   outer loop
     vertex -4.830845e+01 -3.016927e+01  0.000000e+00
     vertex -4.831899e+01 -3.025337e+01  0.000000e+00
     vertex -4.831899e+01 -3.025337e+01  2.000000e+00
   endloop
 endfacet
 facet normal -9.972038e-01  7.473009e-02  0.000000e+00
   outer loop
     vertex -4.830211e+01 -3.008474e+01  0.000000e+00
     vertex -4.830845e+01 -3.016927e+01  2.000000e+00
     vertex -4.830211e+01 -3.008474e+01  2.000000e+00
   endloop
 endfacet
 facet normal -9.972038e-01  7.473009e-02  0.000000e+00
   outer loop
     vertex -4.830211e+01 -3.008474e+01  0.000000e+00
     vertex -4.830845e+01 -3.016927e+01  0.000000e+00
     vertex -4.830845e+01 -3.016927e+01  2.000000e+00
   endloop
 endfacet
 facet normal -9.996892e-01  2.493069e-02  0.000000e+00
   outer loop
     vertex -4.830000e+01 -3.000000e+01  0.000000e+00
     vertex -4.830211e+01 -3.008474e+01  2.000000e+00
     vertex -4.830000e+01 -3.000000e+01  2.000000e+00
   endloop
 endfacet
 facet normal -9.996892e-01  2.493069e-02  0.000000e+00
   outer loop
     vertex -4.830000e+01 -3.000000e+01  0.000000e+00
     vertex -4.830211e+01 -3.008474e+01  0.000000e+00
     vertex -4.830211e+01 -3.008474e+01  2.000000e+00
   endloop
 endfacet
 facet normal -9.996892e-01 -2.493069e-02  0.000000e+00
   outer loop
     vertex  5.169789e+01 -2.991526e+01  0.000000e+00
     vertex  5.170000e+01 -3.000000e+01  0.000000e+00
     vertex  5.170000e+01 -3.000000e+01  2.000000e+00
   endloop
 endfacet
 facet normal -9.996892e-01 -2.493069e-02  0.000000e+00
   outer loop
     vertex  5.169789e+01 -2.991526e+01  0.000000e+00
     vertex  5.170000e+01 -3.000000e+01  2.000000e+00
     vertex  5.169789e+01 -2.991526e+01  2.000000e+00
   endloop
 endfacet
 facet normal -9.972038e-01 -7.473009e-02  0.000000e+00
   outer loop
     vertex  5.169155e+01 -2.983073e+01  0.000000e+00
     vertex  5.169789e+01 -2.991526e+01  2.000000e+00
     vertex  5.169155e+01 -2.983073e+01  2.000000e+00
   endloop
 endfacet
 facet normal -9.972038e-01 -7.473009e-02  0.000000e+00
   outer loop
     vertex  5.169155e+01 -2.983073e+01  0.000000e+00
     vertex  5.169789e+01 -2.991526e+01  0.000000e+00
     vertex  5.169789e+01 -2.991526e+01  2.000000e+00
   endloop
 endfacet
 facet normal -9.922392e-01 -1.243437e-01  0.000000e+00
   outer loop
     vertex  5.168101e+01 -2.974663e+01  0.000000e+00
     vertex  5.169155e+01 -2.983073e+01  2.000000e+00
     vertex  5.168101e+01 -2.974663e+01  2.000000e+00
   endloop
 endfacet
 facet normal -9.922392e-01 -1.243437e-01  0.000000e+00
   outer loop
     vertex  5.168101e+01 -2.974663e+01  0.000000e+00
     vertex  5.169155e+01 -2.983073e+01  0.000000e+00
     vertex  5.169155e+01 -2.983073e+01  2.000000e+00
   endloop
 endfacet
 facet normal -9.848078e-01 -1.736482e-01  0.000000e+00
   outer loop
     vertex  5.166629e+01 -2.966315e+01  0.000000e+00
     vertex  5.168101e+01 -2.974663e+01  2.000000e+00
     vertex  5.166629e+01 -2.966315e+01  2.000000e+00
   endloop
 endfacet
 facet normal -9.848078e-01 -1.736482e-01  0.000000e+00
   outer loop
     vertex  5.166629e+01 -2.966315e+01  0.000000e+00
     vertex  5.168101e+01 -2.974663e+01  0.000000e+00
     vertex  5.168101e+01 -2.974663e+01  2.000000e+00
   endloop
 endfacet
 facet normal -9.749279e-01 -2.225209e-01  0.000000e+00
   outer loop
     vertex  5.164743e+01 -2.958051e+01  0.000000e+00
     vertex  5.166629e+01 -2.966315e+01  2.000000e+00
     vertex  5.164743e+01 -2.958051e+01  2.000000e+00
   endloop
 endfacet
 facet normal -9.749279e-01 -2.225209e-01  0.000000e+00
   outer loop
     vertex  5.164743e+01 -2.958051e+01  0.000000e+00
     vertex  5.166629e+01 -2.966315e+01  0.000000e+00
     vertex  5.166629e+01 -2.966315e+01  2.000000e+00
   endloop
 endfacet
 facet normal -9.479273e-01 -3.184867e-01  0.000000e+00
   outer loop
     vertex  5.162447e+01 -2.949892e+01  0.000000e+00
     vertex  5.162447e+01 -2.949892e+01  2.000000e+00
     vertex  5.159748e+01 -2.941857e+01  2.000000e+00
   endloop
 endfacet
 facet normal -9.626242e-01 -2.708405e-01  0.000000e+00
   outer loop
     vertex  5.162447e+01 -2.949892e+01  0.000000e+00
     vertex  5.164743e+01 -2.958051e+01  2.000000e+00
     vertex  5.162447e+01 -2.949892e+01  2.000000e+00
   endloop
 endfacet
 facet normal -9.626242e-01 -2.708405e-01  0.000000e+00
   outer loop
     vertex  5.162447e+01 -2.949892e+01  0.000000e+00
     vertex  5.164743e+01 -2.958051e+01  0.000000e+00
     vertex  5.164743e+01 -2.958051e+01  2.000000e+00
   endloop
 endfacet
 facet normal -9.479273e-01 -3.184867e-01  0.000000e+00
   outer loop
     vertex  5.159748e+01 -2.941857e+01  0.000000e+00
     vertex  5.162447e+01 -2.949892e+01  0.000000e+00
     vertex  5.159748e+01 -2.941857e+01  2.000000e+00
   endloop
 endfacet
 facet normal -9.115059e-01 -4.112871e-01  0.000000e+00
   outer loop
     vertex  5.156651e+01 -2.933966e+01  0.000000e+00
     vertex  5.156651e+01 -2.933966e+01  2.000000e+00
     vertex  5.153165e+01 -2.926240e+01  2.000000e+00
   endloop
 endfacet
 facet normal -9.308737e-01 -3.653410e-01  0.000000e+00
   outer loop
     vertex  5.156651e+01 -2.933966e+01  0.000000e+00
     vertex  5.159748e+01 -2.941857e+01  2.000000e+00
     vertex  5.156651e+01 -2.933966e+01  2.000000e+00
   endloop
 endfacet
 facet normal -9.308737e-01 -3.653410e-01  0.000000e+00
   outer loop
     vertex  5.156651e+01 -2.933966e+01  0.000000e+00
     vertex  5.159748e+01 -2.941857e+01  0.000000e+00
     vertex  5.159748e+01 -2.941857e+01  2.000000e+00
   endloop
 endfacet
 facet normal -9.115059e-01 -4.112871e-01  0.000000e+00
   outer loop
     vertex  5.153165e+01 -2.926240e+01  0.000000e+00
     vertex  5.156651e+01 -2.933966e+01  0.000000e+00
     vertex  5.153165e+01 -2.926240e+01  2.000000e+00
   endloop
 endfacet
 facet normal -8.898718e-01 -4.562107e-01  0.000000e+00
   outer loop
     vertex  5.149298e+01 -2.918697e+01  0.000000e+00
     vertex  5.153165e+01 -2.926240e+01  2.000000e+00
     vertex  5.149298e+01 -2.918697e+01  2.000000e+00
   endloop
 endfacet
 facet normal -8.898718e-01 -4.562107e-01  0.000000e+00
   outer loop
     vertex  5.149298e+01 -2.918697e+01  0.000000e+00
     vertex  5.153165e+01 -2.926240e+01  0.000000e+00
     vertex  5.153165e+01 -2.926240e+01  2.000000e+00
   endloop
 endfacet
 facet normal -8.660254e-01 -5.000000e-01  0.000000e+00
   outer loop
     vertex  5.145059e+01 -2.911356e+01  0.000000e+00
     vertex  5.149298e+01 -2.918697e+01  0.000000e+00
     vertex  5.149298e+01 -2.918697e+01  2.000000e+00
   endloop
 endfacet
 facet normal -8.660254e-01 -5.000000e-01  0.000000e+00
   outer loop
     vertex  5.145059e+01 -2.911356e+01  0.000000e+00
     vertex  5.149298e+01 -2.918697e+01  2.000000e+00
     vertex  5.145059e+01 -2.911356e+01  2.000000e+00
   endloop
 endfacet
 facet normal -8.400259e-01 -5.425463e-01  0.000000e+00
   outer loop
     vertex  5.140461e+01 -2.904236e+01  0.000000e+00
     vertex  5.145059e+01 -2.911356e+01  0.000000e+00
     vertex  5.145059e+01 -2.911356e+01  2.000000e+00
   endloop
 endfacet
 facet normal -8.119380e-01 -5.837437e-01  0.000000e+00
   outer loop
     vertex  5.140461e+01 -2.904236e+01  0.000000e+00
     vertex  5.140461e+01 -2.904236e+01  2.000000e+00
     vertex  5.135513e+01 -2.897353e+01  2.000000e+00
   endloop
 endfacet
 facet normal -8.400259e-01 -5.425463e-01  0.000000e+00
   outer loop
     vertex  5.140461e+01 -2.904236e+01  0.000000e+00
     vertex  5.145059e+01 -2.911356e+01  2.000000e+00
     vertex  5.140461e+01 -2.904236e+01  2.000000e+00
   endloop
 endfacet
 facet normal -8.119380e-01 -5.837437e-01  0.000000e+00
   outer loop
     vertex  5.135513e+01 -2.897353e+01  0.000000e+00
     vertex  5.140461e+01 -2.904236e+01  0.000000e+00
     vertex  5.135513e+01 -2.897353e+01  2.000000e+00
   endloop
 endfacet
 facet normal -7.818315e-01 -6.234898e-01  0.000000e+00
   outer loop
     vertex  5.130228e+01 -2.890726e+01  0.000000e+00
     vertex  5.135513e+01 -2.897353e+01  0.000000e+00
     vertex  5.135513e+01 -2.897353e+01  2.000000e+00
   endloop
 endfacet
 facet normal -7.818315e-01 -6.234898e-01  0.000000e+00
   outer loop
     vertex  5.130228e+01 -2.890726e+01  0.000000e+00
     vertex  5.135513e+01 -2.897353e+01  2.000000e+00
     vertex  5.130228e+01 -2.890726e+01  2.000000e+00
   endloop
 endfacet
 facet normal -7.497812e-01 -6.616858e-01  0.000000e+00
   outer loop
     vertex  5.124619e+01 -2.884371e+01  0.000000e+00
     vertex  5.130228e+01 -2.890726e+01  0.000000e+00
     vertex  5.130228e+01 -2.890726e+01  2.000000e+00
   endloop
 endfacet
 facet normal -7.497812e-01 -6.616858e-01  0.000000e+00
   outer loop
     vertex  5.124619e+01 -2.884371e+01  0.000000e+00
     vertex  5.130228e+01 -2.890726e+01  2.000000e+00
     vertex  5.124619e+01 -2.884371e+01  2.000000e+00
   endloop
 endfacet
 facet normal -7.158668e-01 -6.982368e-01  0.000000e+00
   outer loop
     vertex  5.118700e+01 -2.878303e+01  0.000000e+00
     vertex  5.124619e+01 -2.884371e+01  0.000000e+00
     vertex  5.124619e+01 -2.884371e+01  2.000000e+00
   endloop
 endfacet
 facet normal -6.801727e-01 -7.330519e-01  0.000000e+00
   outer loop
     vertex  5.118700e+01 -2.878303e+01  0.000000e+00
     vertex  5.118700e+01 -2.878303e+01  2.000000e+00
     vertex  5.112487e+01 -2.872537e+01  2.000000e+00
   endloop
 endfacet
 facet normal -7.158668e-01 -6.982368e-01  0.000000e+00
   outer loop
     vertex  5.118700e+01 -2.878303e+01  0.000000e+00
     vertex  5.124619e+01 -2.884371e+01  2.000000e+00
     vertex  5.118700e+01 -2.878303e+01  2.000000e+00
   endloop
 endfacet
 facet normal -6.801727e-01 -7.330519e-01  0.000000e+00
   outer loop
     vertex  5.112487e+01 -2.872537e+01  0.000000e+00
     vertex  5.118700e+01 -2.878303e+01  0.000000e+00
     vertex  5.112487e+01 -2.872537e+01  2.000000e+00
   endloop
 endfacet
 facet normal -6.427876e-01 -7.660444e-01  0.000000e+00
   outer loop
     vertex  5.105993e+01 -2.867089e+01  0.000000e+00
     vertex  5.112487e+01 -2.872537e+01  0.000000e+00
     vertex  5.112487e+01 -2.872537e+01  2.000000e+00
   endloop
 endfacet
 facet normal -6.427876e-01 -7.660444e-01  0.000000e+00
   outer loop
     vertex  5.105993e+01 -2.867089e+01  0.000000e+00
     vertex  5.112487e+01 -2.872537e+01  2.000000e+00
     vertex  5.105993e+01 -2.867089e+01  2.000000e+00
   endloop
 endfacet
 facet normal -5.633201e-01 -8.262388e-01  0.000000e+00
   outer loop
     vertex  5.099236e+01 -2.861971e+01  0.000000e+00
     vertex  5.099236e+01 -2.861971e+01  2.000000e+00
     vertex  5.092233e+01 -2.857196e+01  2.000000e+00
   endloop
 endfacet
 facet normal -6.038044e-01 -7.971325e-01  0.000000e+00
   outer loop
     vertex  5.099236e+01 -2.861971e+01  0.000000e+00
     vertex  5.105993e+01 -2.867089e+01  2.000000e+00
     vertex  5.099236e+01 -2.861971e+01  2.000000e+00
   endloop
 endfacet
 facet normal -6.038044e-01 -7.971325e-01  0.000000e+00
   outer loop
     vertex  5.099236e+01 -2.861971e+01  0.000000e+00
     vertex  5.105993e+01 -2.867089e+01  0.000000e+00
     vertex  5.105993e+01 -2.867089e+01  2.000000e+00
   endloop
 endfacet
 facet normal -5.633201e-01 -8.262388e-01  0.000000e+00
   outer loop
     vertex  5.092233e+01 -2.857196e+01  0.000000e+00
     vertex  5.099236e+01 -2.861971e+01  0.000000e+00
     vertex  5.092233e+01 -2.857196e+01  2.000000e+00
   endloop
 endfacet
 facet normal -5.214352e-01 -8.532909e-01  0.000000e+00
   outer loop
     vertex  5.085000e+01 -2.852776e+01  0.000000e+00
     vertex  5.092233e+01 -2.857196e+01  2.000000e+00
     vertex  5.085000e+01 -2.852776e+01  2.000000e+00
   endloop
 endfacet
 facet normal -5.214352e-01 -8.532909e-01  0.000000e+00
   outer loop
     vertex  5.085000e+01 -2.852776e+01  0.000000e+00
     vertex  5.092233e+01 -2.857196e+01  0.000000e+00
     vertex  5.092233e+01 -2.857196e+01  2.000000e+00
   endloop
 endfacet
 facet normal -4.782540e-01 -8.782216e-01  0.000000e+00
   outer loop
     vertex  5.077556e+01 -2.848722e+01  0.000000e+00
     vertex  5.085000e+01 -2.852776e+01  2.000000e+00
     vertex  5.077556e+01 -2.848722e+01  2.000000e+00
   endloop
 endfacet
 facet normal -4.782540e-01 -8.782216e-01  0.000000e+00
   outer loop
     vertex  5.077556e+01 -2.848722e+01  0.000000e+00
     vertex  5.085000e+01 -2.852776e+01  0.000000e+00
     vertex  5.085000e+01 -2.852776e+01  2.000000e+00
   endloop
 endfacet
 facet normal -4.338837e-01 -9.009689e-01  0.000000e+00
   outer loop
     vertex  5.069919e+01 -2.845044e+01  0.000000e+00
     vertex  5.077556e+01 -2.848722e+01  2.000000e+00
     vertex  5.069919e+01 -2.845044e+01  2.000000e+00
   endloop
 endfacet
 facet normal -4.338837e-01 -9.009689e-01  0.000000e+00
   outer loop
     vertex  5.069919e+01 -2.845044e+01  0.000000e+00
     vertex  5.077556e+01 -2.848722e+01  0.000000e+00
     vertex  5.077556e+01 -2.848722e+01  2.000000e+00
   endloop
 endfacet
 facet normal -3.884348e-01 -9.214762e-01  0.000000e+00
   outer loop
     vertex  5.062108e+01 -2.841751e+01  0.000000e+00
     vertex  5.069919e+01 -2.845044e+01  2.000000e+00
     vertex  5.062108e+01 -2.841751e+01  2.000000e+00
   endloop
 endfacet
 facet normal -3.884348e-01 -9.214762e-01  0.000000e+00
   outer loop
     vertex  5.062108e+01 -2.841751e+01  0.000000e+00
     vertex  5.069919e+01 -2.845044e+01  0.000000e+00
     vertex  5.069919e+01 -2.845044e+01  2.000000e+00
   endloop
 endfacet
 facet normal -3.420201e-01 -9.396926e-01  0.000000e+00
   outer loop
     vertex  5.054143e+01 -2.838852e+01  0.000000e+00
     vertex  5.062108e+01 -2.841751e+01  2.000000e+00
     vertex  5.054143e+01 -2.838852e+01  2.000000e+00
   endloop
 endfacet
 facet normal -3.420201e-01 -9.396926e-01  0.000000e+00
   outer loop
     vertex  5.054143e+01 -2.838852e+01  0.000000e+00
     vertex  5.062108e+01 -2.841751e+01  0.000000e+00
     vertex  5.062108e+01 -2.841751e+01  2.000000e+00
   endloop
 endfacet
 facet normal -2.947552e-01 -9.555728e-01  0.000000e+00
   outer loop
     vertex  5.046043e+01 -2.836354e+01  0.000000e+00
     vertex  5.054143e+01 -2.838852e+01  2.000000e+00
     vertex  5.046043e+01 -2.836354e+01  2.000000e+00
   endloop
 endfacet
 facet normal -2.947552e-01 -9.555728e-01  0.000000e+00
   outer loop
     vertex  5.046043e+01 -2.836354e+01  0.000000e+00
     vertex  5.054143e+01 -2.838852e+01  0.000000e+00
     vertex  5.054143e+01 -2.838852e+01  2.000000e+00
   endloop
 endfacet
 facet normal -2.467574e-01 -9.690773e-01  0.000000e+00
   outer loop
     vertex  5.037829e+01 -2.834262e+01  0.000000e+00
     vertex  5.046043e+01 -2.836354e+01  2.000000e+00
     vertex  5.037829e+01 -2.834262e+01  2.000000e+00
   endloop
 endfacet
 facet normal -2.467574e-01 -9.690773e-01  0.000000e+00
   outer loop
     vertex  5.037829e+01 -2.834262e+01  0.000000e+00
     vertex  5.046043e+01 -2.836354e+01  0.000000e+00
     vertex  5.046043e+01 -2.836354e+01  2.000000e+00
   endloop
 endfacet
 facet normal -1.981461e-01 -9.801725e-01  0.000000e+00
   outer loop
     vertex  5.029520e+01 -2.832583e+01  0.000000e+00
     vertex  5.037829e+01 -2.834262e+01  2.000000e+00
     vertex  5.029520e+01 -2.832583e+01  2.000000e+00
   endloop
 endfacet
 facet normal -1.981461e-01 -9.801725e-01  0.000000e+00
   outer loop
     vertex  5.029520e+01 -2.832583e+01  0.000000e+00
     vertex  5.037829e+01 -2.834262e+01  0.000000e+00
     vertex  5.037829e+01 -2.834262e+01  2.000000e+00
   endloop
 endfacet
 facet normal -1.490423e-01 -9.888308e-01  0.000000e+00
   outer loop
     vertex  5.021138e+01 -2.831319e+01  0.000000e+00
     vertex  5.029520e+01 -2.832583e+01  2.000000e+00
     vertex  5.021138e+01 -2.831319e+01  2.000000e+00
   endloop
 endfacet
 facet normal -1.490423e-01 -9.888308e-01  0.000000e+00
   outer loop
     vertex  5.021138e+01 -2.831319e+01  0.000000e+00
     vertex  5.029520e+01 -2.832583e+01  0.000000e+00
     vertex  5.029520e+01 -2.832583e+01  2.000000e+00
   endloop
 endfacet
 facet normal -4.984589e-02 -9.987569e-01  0.000000e+00
   outer loop
     vertex  5.012704e+01 -2.830475e+01  0.000000e+00
     vertex  5.012704e+01 -2.830475e+01  2.000000e+00
     vertex  5.004238e+01 -2.830053e+01  2.000000e+00
   endloop
 endfacet
 facet normal -9.956785e-02 -9.950308e-01  0.000000e+00
   outer loop
     vertex  5.012704e+01 -2.830475e+01  0.000000e+00
     vertex  5.021138e+01 -2.831319e+01  2.000000e+00
     vertex  5.012704e+01 -2.830475e+01  2.000000e+00
   endloop
 endfacet
 facet normal -9.956785e-02 -9.950308e-01  0.000000e+00
   outer loop
     vertex  5.012704e+01 -2.830475e+01  0.000000e+00
     vertex  5.021138e+01 -2.831319e+01  0.000000e+00
     vertex  5.021138e+01 -2.831319e+01  2.000000e+00
   endloop
 endfacet
 facet normal -4.984589e-02 -9.987569e-01  0.000000e+00
   outer loop
     vertex  5.004238e+01 -2.830053e+01  0.000000e+00
     vertex  5.012704e+01 -2.830475e+01  0.000000e+00
     vertex  5.004238e+01 -2.830053e+01  2.000000e+00
   endloop
 endfacet
 facet normal  0.000000e+00 -1.000000e+00  0.000000e+00
   outer loop
     vertex  4.995762e+01 -2.830053e+01  0.000000e+00
     vertex  5.004238e+01 -2.830053e+01  2.000000e+00
     vertex  4.995762e+01 -2.830053e+01  2.000000e+00
   endloop
 endfacet
 facet normal  0.000000e+00 -1.000000e+00  0.000000e+00
   outer loop
     vertex  4.995762e+01 -2.830053e+01  0.000000e+00
     vertex  5.004238e+01 -2.830053e+01  0.000000e+00
     vertex  5.004238e+01 -2.830053e+01  2.000000e+00
   endloop
 endfacet
 facet normal  4.984589e-02 -9.987569e-01  0.000000e+00
   outer loop
     vertex  4.987296e+01 -2.830475e+01  0.000000e+00
     vertex  4.995762e+01 -2.830053e+01  2.000000e+00
     vertex  4.987296e+01 -2.830475e+01  2.000000e+00
   endloop
 endfacet
 facet normal  4.984589e-02 -9.987569e-01  0.000000e+00
   outer loop
     vertex  4.987296e+01 -2.830475e+01  0.000000e+00
     vertex  4.995762e+01 -2.830053e+01  0.000000e+00
     vertex  4.995762e+01 -2.830053e+01  2.000000e+00
   endloop
 endfacet
 facet normal  9.956785e-02 -9.950308e-01  0.000000e+00
   outer loop
     vertex  4.978862e+01 -2.831319e+01  0.000000e+00
     vertex  4.987296e+01 -2.830475e+01  2.000000e+00
     vertex  4.978862e+01 -2.831319e+01  2.000000e+00
   endloop
 endfacet
 facet normal  9.956785e-02 -9.950308e-01  0.000000e+00
   outer loop
     vertex  4.978862e+01 -2.831319e+01  0.000000e+00
     vertex  4.987296e+01 -2.830475e+01  0.000000e+00
     vertex  4.987296e+01 -2.830475e+01  2.000000e+00
   endloop
 endfacet
 facet normal  1.981461e-01 -9.801725e-01  0.000000e+00
   outer loop
     vertex  4.970480e+01 -2.832583e+01  0.000000e+00
     vertex  4.970480e+01 -2.832583e+01  2.000000e+00
     vertex  4.962171e+01 -2.834262e+01  2.000000e+00
   endloop
 endfacet
 facet normal  1.490423e-01 -9.888308e-01  0.000000e+00
   outer loop
     vertex  4.970480e+01 -2.832583e+01  0.000000e+00
     vertex  4.978862e+01 -2.831319e+01  2.000000e+00
     vertex  4.970480e+01 -2.832583e+01  2.000000e+00
   endloop
 endfacet
 facet normal  1.490423e-01 -9.888308e-01  0.000000e+00
   outer loop
     vertex  4.970480e+01 -2.832583e+01  0.000000e+00
     vertex  4.978862e+01 -2.831319e+01  0.000000e+00
     vertex  4.978862e+01 -2.831319e+01  2.000000e+00
   endloop
 endfacet
 facet normal  1.981461e-01 -9.801725e-01  0.000000e+00
   outer loop
     vertex  4.962171e+01 -2.834262e+01  0.000000e+00
     vertex  4.970480e+01 -2.832583e+01  0.000000e+00
     vertex  4.962171e+01 -2.834262e+01  2.000000e+00
   endloop
 endfacet
 facet normal  2.467574e-01 -9.690773e-01  0.000000e+00
   outer loop
     vertex  4.953957e+01 -2.836354e+01  0.000000e+00
     vertex  4.962171e+01 -2.834262e+01  0.000000e+00
     vertex  4.962171e+01 -2.834262e+01  2.000000e+00
   endloop
 endfacet
 facet normal  2.467574e-01 -9.690773e-01  0.000000e+00
   outer loop
     vertex  4.953957e+01 -2.836354e+01  0.000000e+00
     vertex  4.962171e+01 -2.834262e+01  2.000000e+00
     vertex  4.953957e+01 -2.836354e+01  2.000000e+00
   endloop
 endfacet
 facet normal  2.947552e-01 -9.555728e-01  0.000000e+00
   outer loop
     vertex  4.945857e+01 -2.838852e+01  0.000000e+00
     vertex  4.953957e+01 -2.836354e+01  0.000000e+00
     vertex  4.953957e+01 -2.836354e+01  2.000000e+00
   endloop
 endfacet
 facet normal  2.947552e-01 -9.555728e-01  0.000000e+00
   outer loop
     vertex  4.945857e+01 -2.838852e+01  0.000000e+00
     vertex  4.953957e+01 -2.836354e+01  2.000000e+00
     vertex  4.945857e+01 -2.838852e+01  2.000000e+00
   endloop
 endfacet
 facet normal  3.420201e-01 -9.396926e-01  0.000000e+00
   outer loop
     vertex  4.937892e+01 -2.841751e+01  0.000000e+00
     vertex  4.945857e+01 -2.838852e+01  2.000000e+00
     vertex  4.937892e+01 -2.841751e+01  2.000000e+00
   endloop
 endfacet
 facet normal  3.420201e-01 -9.396926e-01  0.000000e+00
   outer loop
     vertex  4.937892e+01 -2.841751e+01  0.000000e+00
     vertex  4.945857e+01 -2.838852e+01  0.000000e+00
     vertex  4.945857e+01 -2.838852e+01  2.000000e+00
   endloop
 endfacet
 facet normal  3.884348e-01 -9.214762e-01  0.000000e+00
   outer loop
     vertex  4.930081e+01 -2.845044e+01  0.000000e+00
     vertex  4.937892e+01 -2.841751e+01  2.000000e+00
     vertex  4.930081e+01 -2.845044e+01  2.000000e+00
   endloop
 endfacet
 facet normal  3.884348e-01 -9.214762e-01  0.000000e+00
   outer loop
     vertex  4.930081e+01 -2.845044e+01  0.000000e+00
     vertex  4.937892e+01 -2.841751e+01  0.000000e+00
     vertex  4.937892e+01 -2.841751e+01  2.000000e+00
   endloop
 endfacet
 facet normal  4.338837e-01 -9.009689e-01  0.000000e+00
   outer loop
     vertex  4.922444e+01 -2.848722e+01  0.000000e+00
     vertex  4.930081e+01 -2.845044e+01  2.000000e+00
     vertex  4.922444e+01 -2.848722e+01  2.000000e+00
   endloop
 endfacet
 facet normal  4.338837e-01 -9.009689e-01  0.000000e+00
   outer loop
     vertex  4.922444e+01 -2.848722e+01  0.000000e+00
     vertex  4.930081e+01 -2.845044e+01  0.000000e+00
     vertex  4.930081e+01 -2.845044e+01  2.000000e+00
   endloop
 endfacet
 facet normal  5.214352e-01 -8.532909e-01  0.000000e+00
   outer loop
     vertex  4.915000e+01 -2.852776e+01  0.000000e+00
     vertex  4.915000e+01 -2.852776e+01  2.000000e+00
     vertex  4.907767e+01 -2.857196e+01  2.000000e+00
   endloop
 endfacet
 facet normal  4.782540e-01 -8.782216e-01  0.000000e+00
   outer loop
     vertex  4.915000e+01 -2.852776e+01  0.000000e+00
     vertex  4.922444e+01 -2.848722e+01  2.000000e+00
     vertex  4.915000e+01 -2.852776e+01  2.000000e+00
   endloop
 endfacet
 facet normal  4.782540e-01 -8.782216e-01  0.000000e+00
   outer loop
     vertex  4.915000e+01 -2.852776e+01  0.000000e+00
     vertex  4.922444e+01 -2.848722e+01  0.000000e+00
     vertex  4.922444e+01 -2.848722e+01  2.000000e+00
   endloop
 endfacet
 facet normal  5.214352e-01 -8.532909e-01  0.000000e+00
   outer loop
     vertex  4.907767e+01 -2.857196e+01  0.000000e+00
     vertex  4.915000e+01 -2.852776e+01  0.000000e+00
     vertex  4.907767e+01 -2.857196e+01  2.000000e+00
   endloop
 endfacet
 facet normal  6.038044e-01 -7.971325e-01  0.000000e+00
   outer loop
     vertex  4.900764e+01 -2.861971e+01  0.000000e+00
     vertex  4.900764e+01 -2.861971e+01  2.000000e+00
     vertex  4.894007e+01 -2.867089e+01  2.000000e+00
   endloop
 endfacet
 facet normal  5.633201e-01 -8.262388e-01  0.000000e+00
   outer loop
     vertex  4.900764e+01 -2.861971e+01  0.000000e+00
     vertex  4.907767e+01 -2.857196e+01  2.000000e+00
     vertex  4.900764e+01 -2.861971e+01  2.000000e+00
   endloop
 endfacet
 facet normal  5.633201e-01 -8.262388e-01  0.000000e+00
   outer loop
     vertex  4.900764e+01 -2.861971e+01  0.000000e+00
     vertex  4.907767e+01 -2.857196e+01  0.000000e+00
     vertex  4.907767e+01 -2.857196e+01  2.000000e+00
   endloop
 endfacet
 facet normal  6.038044e-01 -7.971325e-01  0.000000e+00
   outer loop
     vertex  4.894007e+01 -2.867089e+01  0.000000e+00
     vertex  4.900764e+01 -2.861971e+01  0.000000e+00
     vertex  4.894007e+01 -2.867089e+01  2.000000e+00
   endloop
 endfacet
 facet normal  6.427876e-01 -7.660444e-01  0.000000e+00
   outer loop
     vertex  4.887513e+01 -2.872537e+01  0.000000e+00
     vertex  4.894007e+01 -2.867089e+01  2.000000e+00
     vertex  4.887513e+01 -2.872537e+01  2.000000e+00
   endloop
 endfacet
 facet normal  6.427876e-01 -7.660444e-01  0.000000e+00
   outer loop
     vertex  4.887513e+01 -2.872537e+01  0.000000e+00
     vertex  4.894007e+01 -2.867089e+01  0.000000e+00
     vertex  4.894007e+01 -2.867089e+01  2.000000e+00
   endloop
 endfacet
 facet normal  6.801727e-01 -7.330519e-01  0.000000e+00
   outer loop
     vertex  4.881300e+01 -2.878303e+01  0.000000e+00
     vertex  4.887513e+01 -2.872537e+01  2.000000e+00
     vertex  4.881300e+01 -2.878303e+01  2.000000e+00
   endloop
 endfacet
 facet normal  6.801727e-01 -7.330519e-01  0.000000e+00
   outer loop
     vertex  4.881300e+01 -2.878303e+01  0.000000e+00
     vertex  4.887513e+01 -2.872537e+01  0.000000e+00
     vertex  4.887513e+01 -2.872537e+01  2.000000e+00
   endloop
 endfacet
 facet normal  7.158668e-01 -6.982368e-01  0.000000e+00
   outer loop
     vertex  4.875381e+01 -2.884371e+01  0.000000e+00
     vertex  4.881300e+01 -2.878303e+01  2.000000e+00
     vertex  4.875381e+01 -2.884371e+01  2.000000e+00
   endloop
 endfacet
 facet normal  7.158668e-01 -6.982368e-01  0.000000e+00
   outer loop
     vertex  4.875381e+01 -2.884371e+01  0.000000e+00
     vertex  4.881300e+01 -2.878303e+01  0.000000e+00
     vertex  4.881300e+01 -2.878303e+01  2.000000e+00
   endloop
 endfacet
 facet normal  7.497812e-01 -6.616858e-01  0.000000e+00
   outer loop
     vertex  4.869772e+01 -2.890726e+01  0.000000e+00
     vertex  4.875381e+01 -2.884371e+01  2.000000e+00
     vertex  4.869772e+01 -2.890726e+01  2.000000e+00
   endloop
 endfacet
 facet normal  7.497812e-01 -6.616858e-01  0.000000e+00
   outer loop
     vertex  4.869772e+01 -2.890726e+01  0.000000e+00
     vertex  4.875381e+01 -2.884371e+01  0.000000e+00
     vertex  4.875381e+01 -2.884371e+01  2.000000e+00
   endloop
 endfacet
 facet normal  7.818315e-01 -6.234898e-01  0.000000e+00
   outer loop
     vertex  4.864487e+01 -2.897353e+01  0.000000e+00
     vertex  4.869772e+01 -2.890726e+01  2.000000e+00
     vertex  4.864487e+01 -2.897353e+01  2.000000e+00
   endloop
 endfacet
 facet normal  7.818315e-01 -6.234898e-01  0.000000e+00
   outer loop
     vertex  4.864487e+01 -2.897353e+01  0.000000e+00
     vertex  4.869772e+01 -2.890726e+01  0.000000e+00
     vertex  4.869772e+01 -2.890726e+01  2.000000e+00
   endloop
 endfacet
 facet normal  8.119380e-01 -5.837437e-01  0.000000e+00
   outer loop
     vertex  4.859539e+01 -2.904236e+01  0.000000e+00
     vertex  4.864487e+01 -2.897353e+01  2.000000e+00
     vertex  4.859539e+01 -2.904236e+01  2.000000e+00
   endloop
 endfacet
 facet normal  8.119380e-01 -5.837437e-01  0.000000e+00
   outer loop
     vertex  4.859539e+01 -2.904236e+01  0.000000e+00
     vertex  4.864487e+01 -2.897353e+01  0.000000e+00
     vertex  4.864487e+01 -2.897353e+01  2.000000e+00
   endloop
 endfacet
 facet normal  8.400259e-01 -5.425463e-01  0.000000e+00
   outer loop
     vertex  4.854941e+01 -2.911356e+01  0.000000e+00
     vertex  4.859539e+01 -2.904236e+01  2.000000e+00
     vertex  4.854941e+01 -2.911356e+01  2.000000e+00
   endloop
 endfacet
 facet normal  8.400259e-01 -5.425463e-01  0.000000e+00
   outer loop
     vertex  4.854941e+01 -2.911356e+01  0.000000e+00
     vertex  4.859539e+01 -2.904236e+01  0.000000e+00
     vertex  4.859539e+01 -2.904236e+01  2.000000e+00
   endloop
 endfacet
 facet normal  8.660254e-01 -5.000000e-01  0.000000e+00
   outer loop
     vertex  4.850702e+01 -2.918697e+01  0.000000e+00
     vertex  4.854941e+01 -2.911356e+01  0.000000e+00
     vertex  4.854941e+01 -2.911356e+01  2.000000e+00
   endloop
 endfacet
 facet normal  8.660254e-01 -5.000000e-01  0.000000e+00
   outer loop
     vertex  4.850702e+01 -2.918697e+01  0.000000e+00
     vertex  4.854941e+01 -2.911356e+01  2.000000e+00
     vertex  4.850702e+01 -2.918697e+01  2.000000e+00
   endloop
 endfacet
 facet normal  8.898718e-01 -4.562107e-01  0.000000e+00
   outer loop
     vertex  4.846835e+01 -2.926240e+01  0.000000e+00
     vertex  4.850702e+01 -2.918697e+01  0.000000e+00
     vertex  4.850702e+01 -2.918697e+01  2.000000e+00
   endloop
 endfacet
 facet normal  8.898718e-01 -4.562107e-01  0.000000e+00
   outer loop
     vertex  4.846835e+01 -2.926240e+01  0.000000e+00
     vertex  4.850702e+01 -2.918697e+01  2.000000e+00
     vertex  4.846835e+01 -2.926240e+01  2.000000e+00
   endloop
 endfacet
 facet normal  9.115059e-01 -4.112871e-01  0.000000e+00
   outer loop
     vertex  4.843349e+01 -2.933966e+01  0.000000e+00
     vertex  4.846835e+01 -2.926240e+01  0.000000e+00
     vertex  4.846835e+01 -2.926240e+01  2.000000e+00
   endloop
 endfacet
 facet normal  9.115059e-01 -4.112871e-01  0.000000e+00
   outer loop
     vertex  4.843349e+01 -2.933966e+01  0.000000e+00
     vertex  4.846835e+01 -2.926240e+01  2.000000e+00
     vertex  4.843349e+01 -2.933966e+01  2.000000e+00
   endloop
 endfacet
 facet normal  9.308737e-01 -3.653410e-01  0.000000e+00
   outer loop
     vertex  4.840252e+01 -2.941857e+01  0.000000e+00
     vertex  4.843349e+01 -2.933966e+01  0.000000e+00
     vertex  4.843349e+01 -2.933966e+01  2.000000e+00
   endloop
 endfacet
 facet normal  9.308737e-01 -3.653410e-01  0.000000e+00
   outer loop
     vertex  4.840252e+01 -2.941857e+01  0.000000e+00
     vertex  4.843349e+01 -2.933966e+01  2.000000e+00
     vertex  4.840252e+01 -2.941857e+01  2.000000e+00
   endloop
 endfacet
 facet normal  9.479273e-01 -3.184867e-01  0.000000e+00
   outer loop
     vertex  4.837553e+01 -2.949892e+01  0.000000e+00
     vertex  4.840252e+01 -2.941857e+01  0.000000e+00
     vertex  4.840252e+01 -2.941857e+01  2.000000e+00
   endloop
 endfacet
 facet normal  9.479273e-01 -3.184867e-01  0.000000e+00
   outer loop
     vertex  4.837553e+01 -2.949892e+01  0.000000e+00
     vertex  4.840252e+01 -2.941857e+01  2.000000e+00
     vertex  4.837553e+01 -2.949892e+01  2.000000e+00
   endloop
 endfacet
 facet normal  9.626242e-01 -2.708405e-01  0.000000e+00
   outer loop
     vertex  4.835257e+01 -2.958051e+01  0.000000e+00
     vertex  4.837553e+01 -2.949892e+01  0.000000e+00
     vertex  4.837553e+01 -2.949892e+01  2.000000e+00
   endloop
 endfacet
 facet normal  9.626242e-01 -2.708405e-01  0.000000e+00
   outer loop
     vertex  4.835257e+01 -2.958051e+01  0.000000e+00
     vertex  4.837553e+01 -2.949892e+01  2.000000e+00
     vertex  4.835257e+01 -2.958051e+01  2.000000e+00
   endloop
 endfacet
 facet normal  9.749279e-01 -2.225209e-01  0.000000e+00
   outer loop
     vertex  4.833371e+01 -2.966315e+01  0.000000e+00
     vertex  4.835257e+01 -2.958051e+01  2.000000e+00
     vertex  4.833371e+01 -2.966315e+01  2.000000e+00
   endloop
 endfacet
 facet normal  9.749279e-01 -2.225209e-01  0.000000e+00
   outer loop
     vertex  4.833371e+01 -2.966315e+01  0.000000e+00
     vertex  4.835257e+01 -2.958051e+01  0.000000e+00
     vertex  4.835257e+01 -2.958051e+01  2.000000e+00
   endloop
 endfacet
 facet normal  9.848078e-01 -1.736482e-01  0.000000e+00
   outer loop
     vertex  4.831899e+01 -2.974663e+01  0.000000e+00
     vertex  4.833371e+01 -2.966315e+01  2.000000e+00
     vertex  4.831899e+01 -2.974663e+01  2.000000e+00
   endloop
 endfacet
 facet normal  9.848078e-01 -1.736482e-01  0.000000e+00
   outer loop
     vertex  4.831899e+01 -2.974663e+01  0.000000e+00
     vertex  4.833371e+01 -2.966315e+01  0.000000e+00
     vertex  4.833371e+01 -2.966315e+01  2.000000e+00
   endloop
 endfacet
 facet normal  9.922392e-01 -1.243437e-01  0.000000e+00
   outer loop
     vertex  4.830845e+01 -2.983073e+01  0.000000e+00
     vertex  4.831899e+01 -2.974663e+01  2.000000e+00
     vertex  4.830845e+01 -2.983073e+01  2.000000e+00
   endloop
 endfacet
 facet normal  9.922392e-01 -1.243437e-01  0.000000e+00
   outer loop
     vertex  4.830845e+01 -2.983073e+01  0.000000e+00
     vertex  4.831899e+01 -2.974663e+01  0.000000e+00
     vertex  4.831899e+01 -2.974663e+01  2.000000e+00
   endloop
 endfacet
 facet normal  9.972038e-01 -7.473009e-02  0.000000e+00
   outer loop
     vertex  4.830211e+01 -2.991526e+01  0.000000e+00
     vertex  4.830845e+01 -2.983073e+01  0.000000e+00
     vertex  4.830845e+01 -2.983073e+01  2.000000e+00
   endloop
 endfacet
 facet normal  9.972038e-01 -7.473009e-02  0.000000e+00
   outer loop
     vertex  4.830211e+01 -2.991526e+01  0.000000e+00
     vertex  4.830845e+01 -2.983073e+01  2.000000e+00
     vertex  4.830211e+01 -2.991526e+01  2.000000e+00
   endloop
 endfacet
 facet normal  9.996892e-01 -2.493069e-02  0.000000e+00
   outer loop
     vertex  4.830000e+01 -3.000000e+01  0.000000e+00
     vertex  4.830211e+01 -2.991526e+01  0.000000e+00
     vertex  4.830211e+01 -2.991526e+01  2.000000e+00
   endloop
 endfacet
 facet normal  9.996892e-01  2.493069e-02 -0.000000e+00
   outer loop
     vertex  4.830000e+01 -3.000000e+01  0.000000e+00
     vertex  4.830000e+01 -3.000000e+01  2.000000e+00
     vertex  4.830211e+01 -3.008474e+01  2.000000e+00
   endloop
 endfacet
 facet normal  9.996892e-01 -2.493069e-02  0.000000e+00
   outer loop
     vertex  4.830000e+01 -3.000000e+01  0.000000e+00
     vertex  4.830211e+01 -2.991526e+01  2.000000e+00
     vertex  4.830000e+01 -3.000000e+01  2.000000e+00
   endloop
 endfacet
 facet normal  9.996892e-01  2.493069e-02 -0.000000e+00
   outer loop
     vertex  4.830211e+01 -3.008474e+01  0.000000e+00
     vertex  4.830000e+01 -3.000000e+01  0.000000e+00
     vertex  4.830211e+01 -3.008474e+01  2.000000e+00
   endloop
 endfacet
 facet normal  9.972038e-01  7.473009e-02 -0.000000e+00
   outer loop
     vertex  4.830845e+01 -3.016927e+01  0.000000e+00
     vertex  4.830211e+01 -3.008474e+01  2.000000e+00
     vertex  4.830845e+01 -3.016927e+01  2.000000e+00
   endloop
 endfacet
 facet normal  9.972038e-01  7.473009e-02  0.000000e+00
   outer loop
     vertex  4.830845e+01 -3.016927e+01  0.000000e+00
     vertex  4.830211e+01 -3.008474e+01  0.000000e+00
     vertex  4.830211e+01 -3.008474e+01  2.000000e+00
   endloop
 endfacet
 facet normal  9.922392e-01  1.243437e-01  0.000000e+00
   outer loop
     vertex  4.831899e+01 -3.025337e+01  0.000000e+00
     vertex  4.830845e+01 -3.016927e+01  0.000000e+00
     vertex  4.830845e+01 -3.016927e+01  2.000000e+00
   endloop
 endfacet
 facet normal  9.922392e-01  1.243437e-01 -0.000000e+00
   outer loop
     vertex  4.831899e+01 -3.025337e+01  0.000000e+00
     vertex  4.830845e+01 -3.016927e+01  2.000000e+00
     vertex  4.831899e+01 -3.025337e+01  2.000000e+00
   endloop
 endfacet
 facet normal  9.848078e-01  1.736482e-01  0.000000e+00
   outer loop
     vertex  4.833371e+01 -3.033685e+01  0.000000e+00
     vertex  4.831899e+01 -3.025337e+01  0.000000e+00
     vertex  4.831899e+01 -3.025337e+01  2.000000e+00
   endloop
 endfacet
 facet normal  9.848078e-01  1.736482e-01 -0.000000e+00
   outer loop
     vertex  4.833371e+01 -3.033685e+01  0.000000e+00
     vertex  4.831899e+01 -3.025337e+01  2.000000e+00
     vertex  4.833371e+01 -3.033685e+01  2.000000e+00
   endloop
 endfacet
 facet normal  9.749279e-01  2.225209e-01  0.000000e+00
   outer loop
     vertex  4.835257e+01 -3.041949e+01  0.000000e+00
     vertex  4.833371e+01 -3.033685e+01  0.000000e+00
     vertex  4.833371e+01 -3.033685e+01  2.000000e+00
   endloop
 endfacet
 facet normal  9.749279e-01  2.225209e-01 -0.000000e+00
   outer loop
     vertex  4.835257e+01 -3.041949e+01  0.000000e+00
     vertex  4.833371e+01 -3.033685e+01  2.000000e+00
     vertex  4.835257e+01 -3.041949e+01  2.000000e+00
   endloop
 endfacet
 facet normal  9.626242e-01  2.708405e-01  0.000000e+00
   outer loop
     vertex  4.837553e+01 -3.050108e+01  0.000000e+00
     vertex  4.835257e+01 -3.041949e+01  0.000000e+00
     vertex  4.835257e+01 -3.041949e+01  2.000000e+00
   endloop
 endfacet
 facet normal  9.626242e-01  2.708405e-01 -0.000000e+00
   outer loop
     vertex  4.837553e+01 -3.050108e+01  0.000000e+00
     vertex  4.835257e+01 -3.041949e+01  2.000000e+00
     vertex  4.837553e+01 -3.050108e+01  2.000000e+00
   endloop
 endfacet
 facet normal  9.479273e-01  3.184867e-01  0.000000e+00
   outer loop
     vertex  4.840252e+01 -3.058143e+01  0.000000e+00
     vertex  4.837553e+01 -3.050108e+01  0.000000e+00
     vertex  4.837553e+01 -3.050108e+01  2.000000e+00
   endloop
 endfacet
 facet normal  9.479273e-01  3.184867e-01 -0.000000e+00
   outer loop
     vertex  4.840252e+01 -3.058143e+01  0.000000e+00
     vertex  4.837553e+01 -3.050108e+01  2.000000e+00
     vertex  4.840252e+01 -3.058143e+01  2.000000e+00
   endloop
 endfacet
 facet normal  9.308737e-01  3.653410e-01  0.000000e+00
   outer loop
     vertex  4.843349e+01 -3.066034e+01  0.000000e+00
     vertex  4.840252e+01 -3.058143e+01  0.000000e+00
     vertex  4.840252e+01 -3.058143e+01  2.000000e+00
   endloop
 endfacet
 facet normal  9.308737e-01  3.653410e-01 -0.000000e+00
   outer loop
     vertex  4.843349e+01 -3.066034e+01  0.000000e+00
     vertex  4.840252e+01 -3.058143e+01  2.000000e+00
     vertex  4.843349e+01 -3.066034e+01  2.000000e+00
   endloop
 endfacet
 facet normal  9.115059e-01  4.112871e-01  0.000000e+00
   outer loop
     vertex  4.846835e+01 -3.073760e+01  0.000000e+00
     vertex  4.843349e+01 -3.066034e+01  0.000000e+00
     vertex  4.843349e+01 -3.066034e+01  2.000000e+00
   endloop
 endfacet
 facet normal  9.115059e-01  4.112871e-01 -0.000000e+00
   outer loop
     vertex  4.846835e+01 -3.073760e+01  0.000000e+00
     vertex  4.843349e+01 -3.066034e+01  2.000000e+00
     vertex  4.846835e+01 -3.073760e+01  2.000000e+00
   endloop
 endfacet
 facet normal  8.898718e-01  4.562107e-01  0.000000e+00
   outer loop
     vertex  4.850702e+01 -3.081303e+01  0.000000e+00
     vertex  4.846835e+01 -3.073760e+01  0.000000e+00
     vertex  4.846835e+01 -3.073760e+01  2.000000e+00
   endloop
 endfacet
 facet normal  8.898718e-01  4.562107e-01 -0.000000e+00
   outer loop
     vertex  4.850702e+01 -3.081303e+01  0.000000e+00
     vertex  4.846835e+01 -3.073760e+01  2.000000e+00
     vertex  4.850702e+01 -3.081303e+01  2.000000e+00
   endloop
 endfacet
 facet normal  8.660254e-01  5.000000e-01  0.000000e+00
   outer loop
     vertex  4.854941e+01 -3.088644e+01  0.000000e+00
     vertex  4.850702e+01 -3.081303e+01  0.000000e+00
     vertex  4.850702e+01 -3.081303e+01  2.000000e+00
   endloop
 endfacet
 facet normal  8.660254e-01  5.000000e-01 -0.000000e+00
   outer loop
     vertex  4.854941e+01 -3.088644e+01  0.000000e+00
     vertex  4.850702e+01 -3.081303e+01  2.000000e+00
     vertex  4.854941e+01 -3.088644e+01  2.000000e+00
   endloop
 endfacet
 facet normal  8.400259e-01  5.425463e-01  0.000000e+00
   outer loop
     vertex  4.859539e+01 -3.095764e+01  0.000000e+00
     vertex  4.854941e+01 -3.088644e+01  0.000000e+00
     vertex  4.854941e+01 -3.088644e+01  2.000000e+00
   endloop
 endfacet
 facet normal  8.400259e-01  5.425463e-01 -0.000000e+00
   outer loop
     vertex  4.859539e+01 -3.095764e+01  0.000000e+00
     vertex  4.854941e+01 -3.088644e+01  2.000000e+00
     vertex  4.859539e+01 -3.095764e+01  2.000000e+00
   endloop
 endfacet
 facet normal  8.119380e-01  5.837437e-01  0.000000e+00
   outer loop
     vertex  4.864487e+01 -3.102647e+01  0.000000e+00
     vertex  4.859539e+01 -3.095764e+01  0.000000e+00
     vertex  4.859539e+01 -3.095764e+01  2.000000e+00
   endloop
 endfacet
 facet normal  8.119380e-01  5.837437e-01 -0.000000e+00
   outer loop
     vertex  4.864487e+01 -3.102647e+01  0.000000e+00
     vertex  4.859539e+01 -3.095764e+01  2.000000e+00
     vertex  4.864487e+01 -3.102647e+01  2.000000e+00
   endloop
 endfacet
 facet normal  7.818315e-01  6.234898e-01  0.000000e+00
   outer loop
     vertex  4.869772e+01 -3.109274e+01  0.000000e+00
     vertex  4.864487e+01 -3.102647e+01  0.000000e+00
     vertex  4.864487e+01 -3.102647e+01  2.000000e+00
   endloop
 endfacet
 facet normal  7.818315e-01  6.234898e-01 -0.000000e+00
   outer loop
     vertex  4.869772e+01 -3.109274e+01  0.000000e+00
     vertex  4.864487e+01 -3.102647e+01  2.000000e+00
     vertex  4.869772e+01 -3.109274e+01  2.000000e+00
   endloop
 endfacet
 facet normal  7.497812e-01  6.616858e-01  0.000000e+00
   outer loop
     vertex  4.875381e+01 -3.115629e+01  0.000000e+00
     vertex  4.869772e+01 -3.109274e+01  0.000000e+00
     vertex  4.869772e+01 -3.109274e+01  2.000000e+00
   endloop
 endfacet
 facet normal  7.497812e-01  6.616858e-01 -0.000000e+00
   outer loop
     vertex  4.875381e+01 -3.115629e+01  0.000000e+00
     vertex  4.869772e+01 -3.109274e+01  2.000000e+00
     vertex  4.875381e+01 -3.115629e+01  2.000000e+00
   endloop
 endfacet
 facet normal  7.158668e-01  6.982368e-01  0.000000e+00
   outer loop
     vertex  4.881300e+01 -3.121697e+01  0.000000e+00
     vertex  4.875381e+01 -3.115629e+01  0.000000e+00
     vertex  4.875381e+01 -3.115629e+01  2.000000e+00
   endloop
 endfacet
 facet normal  7.158668e-01  6.982368e-01 -0.000000e+00
   outer loop
     vertex  4.881300e+01 -3.121697e+01  0.000000e+00
     vertex  4.875381e+01 -3.115629e+01  2.000000e+00
     vertex  4.881300e+01 -3.121697e+01  2.000000e+00
   endloop
 endfacet
 facet normal  6.801727e-01  7.330519e-01 -0.000000e+00
   outer loop
     vertex  4.887513e+01 -3.127463e+01  0.000000e+00
     vertex  4.881300e+01 -3.121697e+01  2.000000e+00
     vertex  4.887513e+01 -3.127463e+01  2.000000e+00
   endloop
 endfacet
 facet normal  6.801727e-01  7.330519e-01  0.000000e+00
   outer loop
     vertex  4.887513e+01 -3.127463e+01  0.000000e+00
     vertex  4.881300e+01 -3.121697e+01  0.000000e+00
     vertex  4.881300e+01 -3.121697e+01  2.000000e+00
   endloop
 endfacet
 facet normal  6.427876e-01  7.660444e-01  0.000000e+00
   outer loop
     vertex  4.894007e+01 -3.132911e+01  0.000000e+00
     vertex  4.887513e+01 -3.127463e+01  0.000000e+00
     vertex  4.887513e+01 -3.127463e+01  2.000000e+00
   endloop
 endfacet
 facet normal  6.427876e-01  7.660444e-01 -0.000000e+00
   outer loop
     vertex  4.894007e+01 -3.132911e+01  0.000000e+00
     vertex  4.887513e+01 -3.127463e+01  2.000000e+00
     vertex  4.894007e+01 -3.132911e+01  2.000000e+00
   endloop
 endfacet
 facet normal  6.038044e-01  7.971325e-01 -0.000000e+00
   outer loop
     vertex  4.900764e+01 -3.138029e+01  0.000000e+00
     vertex  4.894007e+01 -3.132911e+01  2.000000e+00
     vertex  4.900764e+01 -3.138029e+01  2.000000e+00
   endloop
 endfacet
 facet normal  6.038044e-01  7.971325e-01  0.000000e+00
   outer loop
     vertex  4.900764e+01 -3.138029e+01  0.000000e+00
     vertex  4.894007e+01 -3.132911e+01  0.000000e+00
     vertex  4.894007e+01 -3.132911e+01  2.000000e+00
   endloop
 endfacet
 facet normal  5.633201e-01  8.262388e-01 -0.000000e+00
   outer loop
     vertex  4.907767e+01 -3.142804e+01  0.000000e+00
     vertex  4.900764e+01 -3.138029e+01  2.000000e+00
     vertex  4.907767e+01 -3.142804e+01  2.000000e+00
   endloop
 endfacet
 facet normal  5.633201e-01  8.262388e-01  0.000000e+00
   outer loop
     vertex  4.907767e+01 -3.142804e+01  0.000000e+00
     vertex  4.900764e+01 -3.138029e+01  0.000000e+00
     vertex  4.900764e+01 -3.138029e+01  2.000000e+00
   endloop
 endfacet
 facet normal  5.214352e-01  8.532909e-01 -0.000000e+00
   outer loop
     vertex  4.915000e+01 -3.147224e+01  0.000000e+00
     vertex  4.907767e+01 -3.142804e+01  2.000000e+00
     vertex  4.915000e+01 -3.147224e+01  2.000000e+00
   endloop
 endfacet
 facet normal  5.214352e-01  8.532909e-01  0.000000e+00
   outer loop
     vertex  4.915000e+01 -3.147224e+01  0.000000e+00
     vertex  4.907767e+01 -3.142804e+01  0.000000e+00
     vertex  4.907767e+01 -3.142804e+01  2.000000e+00
   endloop
 endfacet
 facet normal  4.782540e-01  8.782216e-01 -0.000000e+00
   outer loop
     vertex  4.922444e+01 -3.151278e+01  0.000000e+00
     vertex  4.915000e+01 -3.147224e+01  2.000000e+00
     vertex  4.922444e+01 -3.151278e+01  2.000000e+00
   endloop
 endfacet
 facet normal  4.782540e-01  8.782216e-01  0.000000e+00
   outer loop
     vertex  4.922444e+01 -3.151278e+01  0.000000e+00
     vertex  4.915000e+01 -3.147224e+01  0.000000e+00
     vertex  4.915000e+01 -3.147224e+01  2.000000e+00
   endloop
 endfacet
 facet normal  4.338837e-01  9.009689e-01 -0.000000e+00
   outer loop
     vertex  4.930081e+01 -3.154956e+01  0.000000e+00
     vertex  4.922444e+01 -3.151278e+01  2.000000e+00
     vertex  4.930081e+01 -3.154956e+01  2.000000e+00
   endloop
 endfacet
 facet normal  4.338837e-01  9.009689e-01  0.000000e+00
   outer loop
     vertex  4.930081e+01 -3.154956e+01  0.000000e+00
     vertex  4.922444e+01 -3.151278e+01  0.000000e+00
     vertex  4.922444e+01 -3.151278e+01  2.000000e+00
   endloop
 endfacet
 facet normal  3.884348e-01  9.214762e-01  0.000000e+00
   outer loop
     vertex  4.937892e+01 -3.158249e+01  0.000000e+00
     vertex  4.930081e+01 -3.154956e+01  0.000000e+00
     vertex  4.930081e+01 -3.154956e+01  2.000000e+00
   endloop
 endfacet
 facet normal  3.884348e-01  9.214762e-01 -0.000000e+00
   outer loop
     vertex  4.937892e+01 -3.158249e+01  0.000000e+00
     vertex  4.930081e+01 -3.154956e+01  2.000000e+00
     vertex  4.937892e+01 -3.158249e+01  2.000000e+00
   endloop
 endfacet
 facet normal  3.420201e-01  9.396926e-01  0.000000e+00
   outer loop
     vertex  4.945857e+01 -3.161148e+01  0.000000e+00
     vertex  4.937892e+01 -3.158249e+01  0.000000e+00
     vertex  4.937892e+01 -3.158249e+01  2.000000e+00
   endloop
 endfacet
 facet normal  3.420201e-01  9.396926e-01 -0.000000e+00
   outer loop
     vertex  4.945857e+01 -3.161148e+01  0.000000e+00
     vertex  4.937892e+01 -3.158249e+01  2.000000e+00
     vertex  4.945857e+01 -3.161148e+01  2.000000e+00
   endloop
 endfacet
 facet normal  2.947552e-01  9.555728e-01  0.000000e+00
   outer loop
     vertex  4.953957e+01 -3.163646e+01  0.000000e+00
     vertex  4.945857e+01 -3.161148e+01  0.000000e+00
     vertex  4.945857e+01 -3.161148e+01  2.000000e+00
   endloop
 endfacet
 facet normal  2.947552e-01  9.555728e-01 -0.000000e+00
   outer loop
     vertex  4.953957e+01 -3.163646e+01  0.000000e+00
     vertex  4.945857e+01 -3.161148e+01  2.000000e+00
     vertex  4.953957e+01 -3.163646e+01  2.000000e+00
   endloop
 endfacet
 facet normal  2.467574e-01  9.690773e-01  0.000000e+00
   outer loop
     vertex  4.962171e+01 -3.165738e+01  0.000000e+00
     vertex  4.953957e+01 -3.163646e+01  0.000000e+00
     vertex  4.953957e+01 -3.163646e+01  2.000000e+00
   endloop
 endfacet
 facet normal  2.467574e-01  9.690773e-01 -0.000000e+00
   outer loop
     vertex  4.962171e+01 -3.165738e+01  0.000000e+00
     vertex  4.953957e+01 -3.163646e+01  2.000000e+00
     vertex  4.962171e+01 -3.165738e+01  2.000000e+00
   endloop
 endfacet
 facet normal  1.981461e-01  9.801725e-01  0.000000e+00
   outer loop
     vertex  4.970480e+01 -3.167417e+01  0.000000e+00
     vertex  4.962171e+01 -3.165738e+01  0.000000e+00
     vertex  4.962171e+01 -3.165738e+01  2.000000e+00
   endloop
 endfacet
 facet normal  1.981461e-01  9.801725e-01 -0.000000e+00
   outer loop
     vertex  4.970480e+01 -3.167417e+01  0.000000e+00
     vertex  4.962171e+01 -3.165738e+01  2.000000e+00
     vertex  4.970480e+01 -3.167417e+01  2.000000e+00
   endloop
 endfacet
 facet normal  1.490423e-01  9.888308e-01  0.000000e+00
   outer loop
     vertex  4.978862e+01 -3.168681e+01  0.000000e+00
     vertex  4.970480e+01 -3.167417e+01  0.000000e+00
     vertex  4.970480e+01 -3.167417e+01  2.000000e+00
   endloop
 endfacet
 facet normal  1.490423e-01  9.888308e-01 -0.000000e+00
   outer loop
     vertex  4.978862e+01 -3.168681e+01  0.000000e+00
     vertex  4.970480e+01 -3.167417e+01  2.000000e+00
     vertex  4.978862e+01 -3.168681e+01  2.000000e+00
   endloop
 endfacet
 facet normal  9.956785e-02  9.950308e-01  0.000000e+00
   outer loop
     vertex  4.987296e+01 -3.169525e+01  0.000000e+00
     vertex  4.978862e+01 -3.168681e+01  0.000000e+00
     vertex  4.978862e+01 -3.168681e+01  2.000000e+00
   endloop
 endfacet
 facet normal  9.956785e-02  9.950308e-01 -0.000000e+00
   outer loop
     vertex  4.987296e+01 -3.169525e+01  0.000000e+00
     vertex  4.978862e+01 -3.168681e+01  2.000000e+00
     vertex  4.987296e+01 -3.169525e+01  2.000000e+00
   endloop
 endfacet
 facet normal  4.984589e-02  9.987569e-01  0.000000e+00
   outer loop
     vertex  4.995762e+01 -3.169947e+01  0.000000e+00
     vertex  4.987296e+01 -3.169525e+01  0.000000e+00
     vertex  4.987296e+01 -3.169525e+01  2.000000e+00
   endloop
 endfacet
 facet normal  4.984589e-02  9.987569e-01 -0.000000e+00
   outer loop
     vertex  4.995762e+01 -3.169947e+01  0.000000e+00
     vertex  4.987296e+01 -3.169525e+01  2.000000e+00
     vertex  4.995762e+01 -3.169947e+01  2.000000e+00
   endloop
 endfacet
 facet normal  0.000000e+00  1.000000e+00  0.000000e+00
   outer loop
     vertex  5.004238e+01 -3.169947e+01  0.000000e+00
     vertex  4.995762e+01 -3.169947e+01  0.000000e+00
     vertex  4.995762e+01 -3.169947e+01  2.000000e+00
   endloop
 endfacet
 facet normal  0.000000e+00  1.000000e+00 -0.000000e+00
   outer loop
     vertex  5.004238e+01 -3.169947e+01  0.000000e+00
     vertex  4.995762e+01 -3.169947e+01  2.000000e+00
     vertex  5.004238e+01 -3.169947e+01  2.000000e+00
   endloop
 endfacet
 facet normal -4.984589e-02  9.987569e-01  0.000000e+00
   outer loop
     vertex  5.012704e+01 -3.169525e+01  0.000000e+00
     vertex  5.004238e+01 -3.169947e+01  0.000000e+00
     vertex  5.004238e+01 -3.169947e+01  2.000000e+00
   endloop
 endfacet
 facet normal -4.984589e-02  9.987569e-01  0.000000e+00
   outer loop
     vertex  5.012704e+01 -3.169525e+01  0.000000e+00
     vertex  5.004238e+01 -3.169947e+01  2.000000e+00
     vertex  5.012704e+01 -3.169525e+01  2.000000e+00
   endloop
 endfacet
 facet normal -9.956785e-02  9.950308e-01  0.000000e+00
   outer loop
     vertex  5.021138e+01 -3.168681e+01  0.000000e+00
     vertex  5.012704e+01 -3.169525e+01  0.000000e+00
     vertex  5.012704e+01 -3.169525e+01  2.000000e+00
   endloop
 endfacet
 facet normal -9.956785e-02  9.950308e-01  0.000000e+00
   outer loop
     vertex  5.021138e+01 -3.168681e+01  0.000000e+00
     vertex  5.012704e+01 -3.169525e+01  2.000000e+00
     vertex  5.021138e+01 -3.168681e+01  2.000000e+00
   endloop
 endfacet
 facet normal -1.490423e-01  9.888308e-01  0.000000e+00
   outer loop
     vertex  5.029520e+01 -3.167417e+01  0.000000e+00
     vertex  5.021138e+01 -3.168681e+01  0.000000e+00
     vertex  5.021138e+01 -3.168681e+01  2.000000e+00
   endloop
 endfacet
 facet normal -1.490423e-01  9.888308e-01  0.000000e+00
   outer loop
     vertex  5.029520e+01 -3.167417e+01  0.000000e+00
     vertex  5.021138e+01 -3.168681e+01  2.000000e+00
     vertex  5.029520e+01 -3.167417e+01  2.000000e+00
   endloop
 endfacet
 facet normal -1.981461e-01  9.801725e-01  0.000000e+00
   outer loop
     vertex  5.037829e+01 -3.165738e+01  0.000000e+00
     vertex  5.029520e+01 -3.167417e+01  0.000000e+00
     vertex  5.029520e+01 -3.167417e+01  2.000000e+00
   endloop
 endfacet
 facet normal -1.981461e-01  9.801725e-01  0.000000e+00
   outer loop
     vertex  5.037829e+01 -3.165738e+01  0.000000e+00
     vertex  5.029520e+01 -3.167417e+01  2.000000e+00
     vertex  5.037829e+01 -3.165738e+01  2.000000e+00
   endloop
 endfacet
 facet normal -2.467574e-01  9.690773e-01  0.000000e+00
   outer loop
     vertex  5.046043e+01 -3.163646e+01  0.000000e+00
     vertex  5.037829e+01 -3.165738e+01  2.000000e+00
     vertex  5.046043e+01 -3.163646e+01  2.000000e+00
   endloop
 endfacet
 facet normal -2.467574e-01  9.690773e-01  0.000000e+00
   outer loop
     vertex  5.046043e+01 -3.163646e+01  0.000000e+00
     vertex  5.037829e+01 -3.165738e+01  0.000000e+00
     vertex  5.037829e+01 -3.165738e+01  2.000000e+00
   endloop
 endfacet
 facet normal -2.947552e-01  9.555728e-01  0.000000e+00
   outer loop
     vertex  5.054143e+01 -3.161148e+01  0.000000e+00
     vertex  5.046043e+01 -3.163646e+01  0.000000e+00
     vertex  5.046043e+01 -3.163646e+01  2.000000e+00
   endloop
 endfacet
 facet normal -2.947552e-01  9.555728e-01  0.000000e+00
   outer loop
     vertex  5.054143e+01 -3.161148e+01  0.000000e+00
     vertex  5.046043e+01 -3.163646e+01  2.000000e+00
     vertex  5.054143e+01 -3.161148e+01  2.000000e+00
   endloop
 endfacet
 facet normal -3.420201e-01  9.396926e-01  0.000000e+00
   outer loop
     vertex  5.062108e+01 -3.158249e+01  0.000000e+00
     vertex  5.054143e+01 -3.161148e+01  2.000000e+00
     vertex  5.062108e+01 -3.158249e+01  2.000000e+00
   endloop
 endfacet
 facet normal -3.420201e-01  9.396926e-01  0.000000e+00
   outer loop
     vertex  5.062108e+01 -3.158249e+01  0.000000e+00
     vertex  5.054143e+01 -3.161148e+01  0.000000e+00
     vertex  5.054143e+01 -3.161148e+01  2.000000e+00
   endloop
 endfacet
 facet normal -3.884348e-01  9.214762e-01  0.000000e+00
   outer loop
     vertex  5.069919e+01 -3.154956e+01  0.000000e+00
     vertex  5.062108e+01 -3.158249e+01  2.000000e+00
     vertex  5.069919e+01 -3.154956e+01  2.000000e+00
   endloop
 endfacet
 facet normal -3.884348e-01  9.214762e-01  0.000000e+00
   outer loop
     vertex  5.069919e+01 -3.154956e+01  0.000000e+00
     vertex  5.062108e+01 -3.158249e+01  0.000000e+00
     vertex  5.062108e+01 -3.158249e+01  2.000000e+00
   endloop
 endfacet
 facet normal -4.338837e-01  9.009689e-01  0.000000e+00
   outer loop
     vertex  5.077556e+01 -3.151278e+01  0.000000e+00
     vertex  5.069919e+01 -3.154956e+01  2.000000e+00
     vertex  5.077556e+01 -3.151278e+01  2.000000e+00
   endloop
 endfacet
 facet normal -4.338837e-01  9.009689e-01  0.000000e+00
   outer loop
     vertex  5.077556e+01 -3.151278e+01  0.000000e+00
     vertex  5.069919e+01 -3.154956e+01  0.000000e+00
     vertex  5.069919e+01 -3.154956e+01  2.000000e+00
   endloop
 endfacet
 facet normal -4.782540e-01  8.782216e-01  0.000000e+00
   outer loop
     vertex  5.085000e+01 -3.147224e+01  0.000000e+00
     vertex  5.077556e+01 -3.151278e+01  2.000000e+00
     vertex  5.085000e+01 -3.147224e+01  2.000000e+00
   endloop
 endfacet
 facet normal -4.782540e-01  8.782216e-01  0.000000e+00
   outer loop
     vertex  5.085000e+01 -3.147224e+01  0.000000e+00
     vertex  5.077556e+01 -3.151278e+01  0.000000e+00
     vertex  5.077556e+01 -3.151278e+01  2.000000e+00
   endloop
 endfacet
 facet normal -5.214352e-01  8.532909e-01  0.000000e+00
   outer loop
     vertex  5.092233e+01 -3.142804e+01  0.000000e+00
     vertex  5.085000e+01 -3.147224e+01  2.000000e+00
     vertex  5.092233e+01 -3.142804e+01  2.000000e+00
   endloop
 endfacet
 facet normal -5.214352e-01  8.532909e-01  0.000000e+00
   outer loop
     vertex  5.092233e+01 -3.142804e+01  0.000000e+00
     vertex  5.085000e+01 -3.147224e+01  0.000000e+00
     vertex  5.085000e+01 -3.147224e+01  2.000000e+00
   endloop
 endfacet
 facet normal -5.633201e-01  8.262388e-01  0.000000e+00
   outer loop
     vertex  5.099236e+01 -3.138029e+01  0.000000e+00
     vertex  5.092233e+01 -3.142804e+01  2.000000e+00
     vertex  5.099236e+01 -3.138029e+01  2.000000e+00
   endloop
 endfacet
 facet normal -5.633201e-01  8.262388e-01  0.000000e+00
   outer loop
     vertex  5.099236e+01 -3.138029e+01  0.000000e+00
     vertex  5.092233e+01 -3.142804e+01  0.000000e+00
     vertex  5.092233e+01 -3.142804e+01  2.000000e+00
   endloop
 endfacet
 facet normal -6.038044e-01  7.971325e-01  0.000000e+00
   outer loop
     vertex  5.105993e+01 -3.132911e+01  0.000000e+00
     vertex  5.099236e+01 -3.138029e+01  2.000000e+00
     vertex  5.105993e+01 -3.132911e+01  2.000000e+00
   endloop
 endfacet
 facet normal -6.038044e-01  7.971325e-01  0.000000e+00
   outer loop
     vertex  5.105993e+01 -3.132911e+01  0.000000e+00
     vertex  5.099236e+01 -3.138029e+01  0.000000e+00
     vertex  5.099236e+01 -3.138029e+01  2.000000e+00
   endloop
 endfacet
 facet normal -6.427876e-01  7.660444e-01  0.000000e+00
   outer loop
     vertex  5.112487e+01 -3.127463e+01  0.000000e+00
     vertex  5.105993e+01 -3.132911e+01  2.000000e+00
     vertex  5.112487e+01 -3.127463e+01  2.000000e+00
   endloop
 endfacet
 facet normal -6.427876e-01  7.660444e-01  0.000000e+00
   outer loop
     vertex  5.112487e+01 -3.127463e+01  0.000000e+00
     vertex  5.105993e+01 -3.132911e+01  0.000000e+00
     vertex  5.105993e+01 -3.132911e+01  2.000000e+00
   endloop
 endfacet
 facet normal -6.801727e-01  7.330519e-01  0.000000e+00
   outer loop
     vertex  5.118700e+01 -3.121697e+01  0.000000e+00
     vertex  5.112487e+01 -3.127463e+01  2.000000e+00
     vertex  5.118700e+01 -3.121697e+01  2.000000e+00
   endloop
 endfacet
 facet normal -6.801727e-01  7.330519e-01  0.000000e+00
   outer loop
     vertex  5.118700e+01 -3.121697e+01  0.000000e+00
     vertex  5.112487e+01 -3.127463e+01  0.000000e+00
     vertex  5.112487e+01 -3.127463e+01  2.000000e+00
   endloop
 endfacet
 facet normal -7.158668e-01  6.982368e-01  0.000000e+00
   outer loop
     vertex  5.124619e+01 -3.115629e+01  0.000000e+00
     vertex  5.118700e+01 -3.121697e+01  2.000000e+00
     vertex  5.124619e+01 -3.115629e+01  2.000000e+00
   endloop
 endfacet
 facet normal -7.158668e-01  6.982368e-01  0.000000e+00
   outer loop
     vertex  5.124619e+01 -3.115629e+01  0.000000e+00
     vertex  5.118700e+01 -3.121697e+01  0.000000e+00
     vertex  5.118700e+01 -3.121697e+01  2.000000e+00
   endloop
 endfacet
 facet normal -7.497812e-01  6.616858e-01  0.000000e+00
   outer loop
     vertex  5.130228e+01 -3.109274e+01  0.000000e+00
     vertex  5.124619e+01 -3.115629e+01  2.000000e+00
     vertex  5.130228e+01 -3.109274e+01  2.000000e+00
   endloop
 endfacet
 facet normal -7.497812e-01  6.616858e-01  0.000000e+00
   outer loop
     vertex  5.130228e+01 -3.109274e+01  0.000000e+00
     vertex  5.124619e+01 -3.115629e+01  0.000000e+00
     vertex  5.124619e+01 -3.115629e+01  2.000000e+00
   endloop
 endfacet
 facet normal -7.818315e-01  6.234898e-01  0.000000e+00
   outer loop
     vertex  5.135513e+01 -3.102647e+01  0.000000e+00
     vertex  5.130228e+01 -3.109274e+01  0.000000e+00
     vertex  5.130228e+01 -3.109274e+01  2.000000e+00
   endloop
 endfacet
 facet normal -7.818315e-01  6.234898e-01  0.000000e+00
   outer loop
     vertex  5.135513e+01 -3.102647e+01  0.000000e+00
     vertex  5.130228e+01 -3.109274e+01  2.000000e+00
     vertex  5.135513e+01 -3.102647e+01  2.000000e+00
   endloop
 endfacet
 facet normal -8.119380e-01  5.837437e-01  0.000000e+00
   outer loop
     vertex  5.140461e+01 -3.095764e+01  0.000000e+00
     vertex  5.135513e+01 -3.102647e+01  0.000000e+00
     vertex  5.135513e+01 -3.102647e+01  2.000000e+00
   endloop
 endfacet
 facet normal -8.119380e-01  5.837437e-01  0.000000e+00
   outer loop
     vertex  5.140461e+01 -3.095764e+01  0.000000e+00
     vertex  5.135513e+01 -3.102647e+01  2.000000e+00
     vertex  5.140461e+01 -3.095764e+01  2.000000e+00
   endloop
 endfacet
 facet normal -8.400259e-01  5.425463e-01  0.000000e+00
   outer loop
     vertex  5.145059e+01 -3.088644e+01  0.000000e+00
     vertex  5.140461e+01 -3.095764e+01  0.000000e+00
     vertex  5.140461e+01 -3.095764e+01  2.000000e+00
   endloop
 endfacet
 facet normal -8.400259e-01  5.425463e-01  0.000000e+00
   outer loop
     vertex  5.145059e+01 -3.088644e+01  0.000000e+00
     vertex  5.140461e+01 -3.095764e+01  2.000000e+00
     vertex  5.145059e+01 -3.088644e+01  2.000000e+00
   endloop
 endfacet
 facet normal -8.660254e-01  5.000000e-01  0.000000e+00
   outer loop
     vertex  5.149298e+01 -3.081303e+01  0.000000e+00
     vertex  5.145059e+01 -3.088644e+01  0.000000e+00
     vertex  5.145059e+01 -3.088644e+01  2.000000e+00
   endloop
 endfacet
 facet normal -8.660254e-01  5.000000e-01  0.000000e+00
   outer loop
     vertex  5.149298e+01 -3.081303e+01  0.000000e+00
     vertex  5.145059e+01 -3.088644e+01  2.000000e+00
     vertex  5.149298e+01 -3.081303e+01  2.000000e+00
   endloop
 endfacet
 facet normal -8.898718e-01  4.562107e-01  0.000000e+00
   outer loop
     vertex  5.153165e+01 -3.073760e+01  0.000000e+00
     vertex  5.149298e+01 -3.081303e+01  0.000000e+00
     vertex  5.149298e+01 -3.081303e+01  2.000000e+00
   endloop
 endfacet
 facet normal -8.898718e-01  4.562107e-01  0.000000e+00
   outer loop
     vertex  5.153165e+01 -3.073760e+01  0.000000e+00
     vertex  5.149298e+01 -3.081303e+01  2.000000e+00
     vertex  5.153165e+01 -3.073760e+01  2.000000e+00
   endloop
 endfacet
 facet normal -9.115059e-01  4.112871e-01  0.000000e+00
   outer loop
     vertex  5.156651e+01 -3.066034e+01  0.000000e+00
     vertex  5.153165e+01 -3.073760e+01  0.000000e+00
     vertex  5.153165e+01 -3.073760e+01  2.000000e+00
   endloop
 endfacet
 facet normal -9.115059e-01  4.112871e-01  0.000000e+00
   outer loop
     vertex  5.156651e+01 -3.066034e+01  0.000000e+00
     vertex  5.153165e+01 -3.073760e+01  2.000000e+00
     vertex  5.156651e+01 -3.066034e+01  2.000000e+00
   endloop
 endfacet
 facet normal -9.308737e-01  3.653410e-01  0.000000e+00
   outer loop
     vertex  5.159748e+01 -3.058143e+01  0.000000e+00
     vertex  5.156651e+01 -3.066034e+01  0.000000e+00
     vertex  5.156651e+01 -3.066034e+01  2.000000e+00
   endloop
 endfacet
 facet normal -9.308737e-01  3.653410e-01  0.000000e+00
   outer loop
     vertex  5.159748e+01 -3.058143e+01  0.000000e+00
     vertex  5.156651e+01 -3.066034e+01  2.000000e+00
     vertex  5.159748e+01 -3.058143e+01  2.000000e+00
   endloop
 endfacet
 facet normal -9.479273e-01  3.184867e-01  0.000000e+00
   outer loop
     vertex  5.162447e+01 -3.050108e+01  0.000000e+00
     vertex  5.159748e+01 -3.058143e+01  2.000000e+00
     vertex  5.162447e+01 -3.050108e+01  2.000000e+00
   endloop
 endfacet
 facet normal -9.479273e-01  3.184867e-01  0.000000e+00
   outer loop
     vertex  5.162447e+01 -3.050108e+01  0.000000e+00
     vertex  5.159748e+01 -3.058143e+01  0.000000e+00
     vertex  5.159748e+01 -3.058143e+01  2.000000e+00
   endloop
 endfacet
 facet normal -9.626242e-01  2.708405e-01  0.000000e+00
   outer loop
     vertex  5.164743e+01 -3.041949e+01  0.000000e+00
     vertex  5.162447e+01 -3.050108e+01  0.000000e+00
     vertex  5.162447e+01 -3.050108e+01  2.000000e+00
   endloop
 endfacet
 facet normal -9.626242e-01  2.708405e-01  0.000000e+00
   outer loop
     vertex  5.164743e+01 -3.041949e+01  0.000000e+00
     vertex  5.162447e+01 -3.050108e+01  2.000000e+00
     vertex  5.164743e+01 -3.041949e+01  2.000000e+00
   endloop
 endfacet
 facet normal -9.749279e-01  2.225209e-01  0.000000e+00
   outer loop
     vertex  5.166629e+01 -3.033685e+01  0.000000e+00
     vertex  5.164743e+01 -3.041949e+01  2.000000e+00
     vertex  5.166629e+01 -3.033685e+01  2.000000e+00
   endloop
 endfacet
 facet normal -9.749279e-01  2.225209e-01  0.000000e+00
   outer loop
     vertex  5.166629e+01 -3.033685e+01  0.000000e+00
     vertex  5.164743e+01 -3.041949e+01  0.000000e+00
     vertex  5.164743e+01 -3.041949e+01  2.000000e+00
   endloop
 endfacet
 facet normal -9.848078e-01  1.736482e-01  0.000000e+00
   outer loop
     vertex  5.168101e+01 -3.025337e+01  0.000000e+00
     vertex  5.166629e+01 -3.033685e+01  2.000000e+00
     vertex  5.168101e+01 -3.025337e+01  2.000000e+00
   endloop
 endfacet
 facet normal -9.848078e-01  1.736482e-01  0.000000e+00
   outer loop
     vertex  5.168101e+01 -3.025337e+01  0.000000e+00
     vertex  5.166629e+01 -3.033685e+01  0.000000e+00
     vertex  5.166629e+01 -3.033685e+01  2.000000e+00
   endloop
 endfacet
 facet normal -9.922392e-01  1.243437e-01  0.000000e+00
   outer loop
     vertex  5.169155e+01 -3.016927e+01  0.000000e+00
     vertex  5.168101e+01 -3.025337e+01  2.000000e+00
     vertex  5.169155e+01 -3.016927e+01  2.000000e+00
   endloop
 endfacet
 facet normal -9.922392e-01  1.243437e-01  0.000000e+00
   outer loop
     vertex  5.169155e+01 -3.016927e+01  0.000000e+00
     vertex  5.168101e+01 -3.025337e+01  0.000000e+00
     vertex  5.168101e+01 -3.025337e+01  2.000000e+00
   endloop
 endfacet
 facet normal -9.972038e-01  7.473009e-02  0.000000e+00
   outer loop
     vertex  5.169789e+01 -3.008474e+01  0.000000e+00
     vertex  5.169155e+01 -3.016927e+01  2.000000e+00
     vertex  5.169789e+01 -3.008474e+01  2.000000e+00
   endloop
 endfacet
 facet normal -9.972038e-01  7.473009e-02  0.000000e+00
   outer loop
     vertex  5.169789e+01 -3.008474e+01  0.000000e+00
     vertex  5.169155e+01 -3.016927e+01  0.000000e+00
     vertex  5.169155e+01 -3.016927e+01  2.000000e+00
   endloop
 endfacet
 facet normal -9.996892e-01  2.493069e-02  0.000000e+00
   outer loop
     vertex  5.170000e+01 -3.000000e+01  0.000000e+00
     vertex  5.169789e+01 -3.008474e+01  2.000000e+00
     vertex  5.170000e+01 -3.000000e+01  2.000000e+00
   endloop
 endfacet
 facet normal -9.996892e-01  2.493069e-02  0.000000e+00
   outer loop
     vertex  5.170000e+01 -3.000000e+01  0.000000e+00
     vertex  5.169789e+01 -3.008474e+01  0.000000e+00
     vertex  5.169789e+01 -3.008474e+01  2.000000e+00
   endloop
 endfacet
 facet normal -9.996892e-01 -2.493069e-02  0.000000e+00
   outer loop
     vertex -4.830211e+01  3.008474e+01  0.000000e+00
     vertex -4.830000e+01  3.000000e+01  0.000000e+00
     vertex -4.830000e+01  3.000000e+01  2.000000e+00
   endloop
 endfacet
 facet normal -9.996892e-01 -2.493069e-02  0.000000e+00
   outer loop
     vertex -4.830211e+01  3.008474e+01  0.000000e+00
     vertex -4.830000e+01  3.000000e+01  2.000000e+00
     vertex -4.830211e+01  3.008474e+01  2.000000e+00
   endloop
 endfacet
 facet normal -9.972038e-01 -7.473009e-02  0.000000e+00
   outer loop
     vertex -4.830845e+01  3.016927e+01  0.000000e+00
     vertex -4.830211e+01  3.008474e+01  2.000000e+00
     vertex -4.830845e+01  3.016927e+01  2.000000e+00
   endloop
 endfacet
 facet normal -9.972038e-01 -7.473009e-02  0.000000e+00
   outer loop
     vertex -4.830845e+01  3.016927e+01  0.000000e+00
     vertex -4.830211e+01  3.008474e+01  0.000000e+00
     vertex -4.830211e+01  3.008474e+01  2.000000e+00
   endloop
 endfacet
 facet normal -9.922392e-01 -1.243437e-01  0.000000e+00
   outer loop
     vertex -4.831899e+01  3.025337e+01  0.000000e+00
     vertex -4.830845e+01  3.016927e+01  2.000000e+00
     vertex -4.831899e+01  3.025337e+01  2.000000e+00
   endloop
 endfacet
 facet normal -9.922392e-01 -1.243437e-01  0.000000e+00
   outer loop
     vertex -4.831899e+01  3.025337e+01  0.000000e+00
     vertex -4.830845e+01  3.016927e+01  0.000000e+00
     vertex -4.830845e+01  3.016927e+01  2.000000e+00
   endloop
 endfacet
 facet normal -9.848078e-01 -1.736482e-01  0.000000e+00
   outer loop
     vertex -4.833371e+01  3.033685e+01  0.000000e+00
     vertex -4.831899e+01  3.025337e+01  2.000000e+00
     vertex -4.833371e+01  3.033685e+01  2.000000e+00
   endloop
 endfacet
 facet normal -9.848078e-01 -1.736482e-01  0.000000e+00
   outer loop
     vertex -4.833371e+01  3.033685e+01  0.000000e+00
     vertex -4.831899e+01  3.025337e+01  0.000000e+00
     vertex -4.831899e+01  3.025337e+01  2.000000e+00
   endloop
 endfacet
 facet normal -9.749279e-01 -2.225209e-01  0.000000e+00
   outer loop
     vertex -4.835257e+01  3.041949e+01  0.000000e+00
     vertex -4.833371e+01  3.033685e+01  2.000000e+00
     vertex -4.835257e+01  3.041949e+01  2.000000e+00
   endloop
 endfacet
 facet normal -9.749279e-01 -2.225209e-01  0.000000e+00
   outer loop
     vertex -4.835257e+01  3.041949e+01  0.000000e+00
     vertex -4.833371e+01  3.033685e+01  0.000000e+00
     vertex -4.833371e+01  3.033685e+01  2.000000e+00
   endloop
 endfacet
 facet normal -9.479273e-01 -3.184867e-01  0.000000e+00
   outer loop
     vertex -4.837553e+01  3.050108e+01  0.000000e+00
     vertex -4.837553e+01  3.050108e+01  2.000000e+00
     vertex -4.840252e+01  3.058143e+01  2.000000e+00
   endloop
 endfacet
 facet normal -9.626242e-01 -2.708405e-01  0.000000e+00
   outer loop
     vertex -4.837553e+01  3.050108e+01  0.000000e+00
     vertex -4.835257e+01  3.041949e+01  2.000000e+00
     vertex -4.837553e+01  3.050108e+01  2.000000e+00
   endloop
 endfacet
 facet normal -9.626242e-01 -2.708405e-01  0.000000e+00
   outer loop
     vertex -4.837553e+01  3.050108e+01  0.000000e+00
     vertex -4.835257e+01  3.041949e+01  0.000000e+00
     vertex -4.835257e+01  3.041949e+01  2.000000e+00
   endloop
 endfacet
 facet normal -9.479273e-01 -3.184867e-01  0.000000e+00
   outer loop
     vertex -4.840252e+01  3.058143e+01  0.000000e+00
     vertex -4.837553e+01  3.050108e+01  0.000000e+00
     vertex -4.840252e+01  3.058143e+01  2.000000e+00
   endloop
 endfacet
 facet normal -9.115059e-01 -4.112871e-01  0.000000e+00
   outer loop
     vertex -4.843349e+01  3.066034e+01  0.000000e+00
     vertex -4.843349e+01  3.066034e+01  2.000000e+00
     vertex -4.846835e+01  3.073760e+01  2.000000e+00
   endloop
 endfacet
 facet normal -9.308737e-01 -3.653410e-01  0.000000e+00
   outer loop
     vertex -4.843349e+01  3.066034e+01  0.000000e+00
     vertex -4.840252e+01  3.058143e+01  2.000000e+00
     vertex -4.843349e+01  3.066034e+01  2.000000e+00
   endloop
 endfacet
 facet normal -9.308737e-01 -3.653410e-01  0.000000e+00
   outer loop
     vertex -4.843349e+01  3.066034e+01  0.000000e+00
     vertex -4.840252e+01  3.058143e+01  0.000000e+00
     vertex -4.840252e+01  3.058143e+01  2.000000e+00
   endloop
 endfacet
 facet normal -9.115059e-01 -4.112871e-01  0.000000e+00
   outer loop
     vertex -4.846835e+01  3.073760e+01  0.000000e+00
     vertex -4.843349e+01  3.066034e+01  0.000000e+00
     vertex -4.846835e+01  3.073760e+01  2.000000e+00
   endloop
 endfacet
 facet normal -8.898718e-01 -4.562107e-01  0.000000e+00
   outer loop
     vertex -4.850702e+01  3.081303e+01  0.000000e+00
     vertex -4.846835e+01  3.073760e+01  2.000000e+00
     vertex -4.850702e+01  3.081303e+01  2.000000e+00
   endloop
 endfacet
 facet normal -8.898718e-01 -4.562107e-01  0.000000e+00
   outer loop
     vertex -4.850702e+01  3.081303e+01  0.000000e+00
     vertex -4.846835e+01  3.073760e+01  0.000000e+00
     vertex -4.846835e+01  3.073760e+01  2.000000e+00
   endloop
 endfacet
 facet normal -8.660254e-01 -5.000000e-01  0.000000e+00
   outer loop
     vertex -4.854941e+01  3.088644e+01  0.000000e+00
     vertex -4.850702e+01  3.081303e+01  0.000000e+00
     vertex -4.850702e+01  3.081303e+01  2.000000e+00
   endloop
 endfacet
 facet normal -8.660254e-01 -5.000000e-01  0.000000e+00
   outer loop
     vertex -4.854941e+01  3.088644e+01  0.000000e+00
     vertex -4.850702e+01  3.081303e+01  2.000000e+00
     vertex -4.854941e+01  3.088644e+01  2.000000e+00
   endloop
 endfacet
 facet normal -8.400259e-01 -5.425463e-01  0.000000e+00
   outer loop
     vertex -4.859539e+01  3.095764e+01  0.000000e+00
     vertex -4.854941e+01  3.088644e+01  0.000000e+00
     vertex -4.854941e+01  3.088644e+01  2.000000e+00
   endloop
 endfacet
 facet normal -8.119380e-01 -5.837437e-01  0.000000e+00
   outer loop
     vertex -4.859539e+01  3.095764e+01  0.000000e+00
     vertex -4.859539e+01  3.095764e+01  2.000000e+00
     vertex -4.864487e+01  3.102647e+01  2.000000e+00
   endloop
 endfacet
 facet normal -8.400259e-01 -5.425463e-01  0.000000e+00
   outer loop
     vertex -4.859539e+01  3.095764e+01  0.000000e+00
     vertex -4.854941e+01  3.088644e+01  2.000000e+00
     vertex -4.859539e+01  3.095764e+01  2.000000e+00
   endloop
 endfacet
 facet normal -8.119380e-01 -5.837437e-01  0.000000e+00
   outer loop
     vertex -4.864487e+01  3.102647e+01  0.000000e+00
     vertex -4.859539e+01  3.095764e+01  0.000000e+00
     vertex -4.864487e+01  3.102647e+01  2.000000e+00
   endloop
 endfacet
 facet normal -7.818315e-01 -6.234898e-01  0.000000e+00
   outer loop
     vertex -4.869772e+01  3.109274e+01  0.000000e+00
     vertex -4.864487e+01  3.102647e+01  0.000000e+00
     vertex -4.864487e+01  3.102647e+01  2.000000e+00
   endloop
 endfacet
 facet normal -7.818315e-01 -6.234898e-01  0.000000e+00
   outer loop
     vertex -4.869772e+01  3.109274e+01  0.000000e+00
     vertex -4.864487e+01  3.102647e+01  2.000000e+00
     vertex -4.869772e+01  3.109274e+01  2.000000e+00
   endloop
 endfacet
 facet normal -7.497812e-01 -6.616858e-01  0.000000e+00
   outer loop
     vertex -4.875381e+01  3.115629e+01  0.000000e+00
     vertex -4.869772e+01  3.109274e+01  0.000000e+00
     vertex -4.869772e+01  3.109274e+01  2.000000e+00
   endloop
 endfacet
 facet normal -7.497812e-01 -6.616858e-01  0.000000e+00
   outer loop
     vertex -4.875381e+01  3.115629e+01  0.000000e+00
     vertex -4.869772e+01  3.109274e+01  2.000000e+00
     vertex -4.875381e+01  3.115629e+01  2.000000e+00
   endloop
 endfacet
 facet normal -7.158668e-01 -6.982368e-01  0.000000e+00
   outer loop
     vertex -4.881300e+01  3.121697e+01  0.000000e+00
     vertex -4.875381e+01  3.115629e+01  0.000000e+00
     vertex -4.875381e+01  3.115629e+01  2.000000e+00
   endloop
 endfacet
 facet normal -6.801727e-01 -7.330519e-01  0.000000e+00
   outer loop
     vertex -4.881300e+01  3.121697e+01  0.000000e+00
     vertex -4.881300e+01  3.121697e+01  2.000000e+00
     vertex -4.887513e+01  3.127463e+01  2.000000e+00
   endloop
 endfacet
 facet normal -7.158668e-01 -6.982368e-01  0.000000e+00
   outer loop
     vertex -4.881300e+01  3.121697e+01  0.000000e+00
     vertex -4.875381e+01  3.115629e+01  2.000000e+00
     vertex -4.881300e+01  3.121697e+01  2.000000e+00
   endloop
 endfacet
 facet normal -6.801727e-01 -7.330519e-01  0.000000e+00
   outer loop
     vertex -4.887513e+01  3.127463e+01  0.000000e+00
     vertex -4.881300e+01  3.121697e+01  0.000000e+00
     vertex -4.887513e+01  3.127463e+01  2.000000e+00
   endloop
 endfacet
 facet normal -6.427876e-01 -7.660444e-01  0.000000e+00
   outer loop
     vertex -4.894007e+01  3.132911e+01  0.000000e+00
     vertex -4.887513e+01  3.127463e+01  0.000000e+00
     vertex -4.887513e+01  3.127463e+01  2.000000e+00
   endloop
 endfacet
 facet normal -6.427876e-01 -7.660444e-01  0.000000e+00
   outer loop
     vertex -4.894007e+01  3.132911e+01  0.000000e+00
     vertex -4.887513e+01  3.127463e+01  2.000000e+00
     vertex -4.894007e+01  3.132911e+01  2.000000e+00
   endloop
 endfacet
 facet normal -5.633201e-01 -8.262388e-01  0.000000e+00
   outer loop
     vertex -4.900764e+01  3.138029e+01  0.000000e+00
     vertex -4.900764e+01  3.138029e+01  2.000000e+00
     vertex -4.907767e+01  3.142804e+01  2.000000e+00
   endloop
 endfacet
 facet normal -6.038044e-01 -7.971325e-01  0.000000e+00
   outer loop
     vertex -4.900764e+01  3.138029e+01  0.000000e+00
     vertex -4.894007e+01  3.132911e+01  2.000000e+00
     vertex -4.900764e+01  3.138029e+01  2.000000e+00
   endloop
 endfacet
 facet normal -6.038044e-01 -7.971325e-01  0.000000e+00
   outer loop
     vertex -4.900764e+01  3.138029e+01  0.000000e+00
     vertex -4.894007e+01  3.132911e+01  0.000000e+00
     vertex -4.894007e+01  3.132911e+01  2.000000e+00
   endloop
 endfacet
 facet normal -5.633201e-01 -8.262388e-01  0.000000e+00
   outer loop
     vertex -4.907767e+01  3.142804e+01  0.000000e+00
     vertex -4.900764e+01  3.138029e+01  0.000000e+00
     vertex -4.907767e+01  3.142804e+01  2.000000e+00
   endloop
 endfacet
 facet normal -5.214352e-01 -8.532909e-01  0.000000e+00
   outer loop
     vertex -4.915000e+01  3.147224e+01  0.000000e+00
     vertex -4.907767e+01  3.142804e+01  2.000000e+00
     vertex -4.915000e+01  3.147224e+01  2.000000e+00
   endloop
 endfacet
 facet normal -5.214352e-01 -8.532909e-01  0.000000e+00
   outer loop
     vertex -4.915000e+01  3.147224e+01  0.000000e+00
     vertex -4.907767e+01  3.142804e+01  0.000000e+00
     vertex -4.907767e+01  3.142804e+01  2.000000e+00
   endloop
 endfacet
 facet normal -4.782540e-01 -8.782216e-01  0.000000e+00
   outer loop
     vertex -4.922444e+01  3.151278e+01  0.000000e+00
     vertex -4.915000e+01  3.147224e+01  2.000000e+00
     vertex -4.922444e+01  3.151278e+01  2.000000e+00
   endloop
 endfacet
 facet normal -4.782540e-01 -8.782216e-01  0.000000e+00
   outer loop
     vertex -4.922444e+01  3.151278e+01  0.000000e+00
     vertex -4.915000e+01  3.147224e+01  0.000000e+00
     vertex -4.915000e+01  3.147224e+01  2.000000e+00
   endloop
 endfacet
 facet normal -4.338837e-01 -9.009689e-01  0.000000e+00
   outer loop
     vertex -4.930081e+01  3.154956e+01  0.000000e+00
     vertex -4.922444e+01  3.151278e+01  2.000000e+00
     vertex -4.930081e+01  3.154956e+01  2.000000e+00
   endloop
 endfacet
 facet normal -4.338837e-01 -9.009689e-01  0.000000e+00
   outer loop
     vertex -4.930081e+01  3.154956e+01  0.000000e+00
     vertex -4.922444e+01  3.151278e+01  0.000000e+00
     vertex -4.922444e+01  3.151278e+01  2.000000e+00
   endloop
 endfacet
 facet normal -3.884348e-01 -9.214762e-01  0.000000e+00
   outer loop
     vertex -4.937892e+01  3.158249e+01  0.000000e+00
     vertex -4.930081e+01  3.154956e+01  2.000000e+00
     vertex -4.937892e+01  3.158249e+01  2.000000e+00
   endloop
 endfacet
 facet normal -3.884348e-01 -9.214762e-01  0.000000e+00
   outer loop
     vertex -4.937892e+01  3.158249e+01  0.000000e+00
     vertex -4.930081e+01  3.154956e+01  0.000000e+00
     vertex -4.930081e+01  3.154956e+01  2.000000e+00
   endloop
 endfacet
 facet normal -3.420201e-01 -9.396926e-01  0.000000e+00
   outer loop
     vertex -4.945857e+01  3.161148e+01  0.000000e+00
     vertex -4.937892e+01  3.158249e+01  2.000000e+00
     vertex -4.945857e+01  3.161148e+01  2.000000e+00
   endloop
 endfacet
 facet normal -3.420201e-01 -9.396926e-01  0.000000e+00
   outer loop
     vertex -4.945857e+01  3.161148e+01  0.000000e+00
     vertex -4.937892e+01  3.158249e+01  0.000000e+00
     vertex -4.937892e+01  3.158249e+01  2.000000e+00
   endloop
 endfacet
 facet normal -2.947552e-01 -9.555728e-01  0.000000e+00
   outer loop
     vertex -4.953957e+01  3.163646e+01  0.000000e+00
     vertex -4.945857e+01  3.161148e+01  2.000000e+00
     vertex -4.953957e+01  3.163646e+01  2.000000e+00
   endloop
 endfacet
 facet normal -2.947552e-01 -9.555728e-01  0.000000e+00
   outer loop
     vertex -4.953957e+01  3.163646e+01  0.000000e+00
     vertex -4.945857e+01  3.161148e+01  0.000000e+00
     vertex -4.945857e+01  3.161148e+01  2.000000e+00
   endloop
 endfacet
 facet normal -2.467574e-01 -9.690773e-01  0.000000e+00
   outer loop
     vertex -4.962171e+01  3.165738e+01  0.000000e+00
     vertex -4.953957e+01  3.163646e+01  2.000000e+00
     vertex -4.962171e+01  3.165738e+01  2.000000e+00
   endloop
 endfacet
 facet normal -2.467574e-01 -9.690773e-01  0.000000e+00
   outer loop
     vertex -4.962171e+01  3.165738e+01  0.000000e+00
     vertex -4.953957e+01  3.163646e+01  0.000000e+00
     vertex -4.953957e+01  3.163646e+01  2.000000e+00
   endloop
 endfacet
 facet normal -1.981461e-01 -9.801725e-01  0.000000e+00
   outer loop
     vertex -4.970480e+01  3.167417e+01  0.000000e+00
     vertex -4.962171e+01  3.165738e+01  2.000000e+00
     vertex -4.970480e+01  3.167417e+01  2.000000e+00
   endloop
 endfacet
 facet normal -1.981461e-01 -9.801725e-01  0.000000e+00
   outer loop
     vertex -4.970480e+01  3.167417e+01  0.000000e+00
     vertex -4.962171e+01  3.165738e+01  0.000000e+00
     vertex -4.962171e+01  3.165738e+01  2.000000e+00
   endloop
 endfacet
 facet normal -1.490423e-01 -9.888308e-01  0.000000e+00
   outer loop
     vertex -4.978862e+01  3.168681e+01  0.000000e+00
     vertex -4.970480e+01  3.167417e+01  2.000000e+00
     vertex -4.978862e+01  3.168681e+01  2.000000e+00
   endloop
 endfacet
 facet normal -1.490423e-01 -9.888308e-01  0.000000e+00
   outer loop
     vertex -4.978862e+01  3.168681e+01  0.000000e+00
     vertex -4.970480e+01  3.167417e+01  0.000000e+00
     vertex -4.970480e+01  3.167417e+01  2.000000e+00
   endloop
 endfacet
 facet normal -4.984589e-02 -9.987569e-01  0.000000e+00
   outer loop
     vertex -4.987296e+01  3.169525e+01  0.000000e+00
     vertex -4.987296e+01  3.169525e+01  2.000000e+00
     vertex -4.995762e+01  3.169947e+01  2.000000e+00
   endloop
 endfacet
 facet normal -9.956785e-02 -9.950308e-01  0.000000e+00
   outer loop
     vertex -4.987296e+01  3.169525e+01  0.000000e+00
     vertex -4.978862e+01  3.168681e+01  2.000000e+00
     vertex -4.987296e+01  3.169525e+01  2.000000e+00
   endloop
 endfacet
 facet normal -9.956785e-02 -9.950308e-01  0.000000e+00
   outer loop
     vertex -4.987296e+01  3.169525e+01  0.000000e+00
     vertex -4.978862e+01  3.168681e+01  0.000000e+00
     vertex -4.978862e+01  3.168681e+01  2.000000e+00
   endloop
 endfacet
 facet normal -4.984589e-02 -9.987569e-01  0.000000e+00
   outer loop
     vertex -4.995762e+01  3.169947e+01  0.000000e+00
     vertex -4.987296e+01  3.169525e+01  0.000000e+00
     vertex -4.995762e+01  3.169947e+01  2.000000e+00
   endloop
 endfacet
 facet normal  0.000000e+00 -1.000000e+00  0.000000e+00
   outer loop
     vertex -5.004238e+01  3.169947e+01  0.000000e+00
     vertex -4.995762e+01  3.169947e+01  2.000000e+00
     vertex -5.004238e+01  3.169947e+01  2.000000e+00
   endloop
 endfacet
 facet normal  0.000000e+00 -1.000000e+00  0.000000e+00
   outer loop
     vertex -5.004238e+01  3.169947e+01  0.000000e+00
     vertex -4.995762e+01  3.169947e+01  0.000000e+00
     vertex -4.995762e+01  3.169947e+01  2.000000e+00
   endloop
 endfacet
 facet normal  4.984589e-02 -9.987569e-01  0.000000e+00
   outer loop
     vertex -5.012704e+01  3.169525e+01  0.000000e+00
     vertex -5.004238e+01  3.169947e+01  2.000000e+00
     vertex -5.012704e+01  3.169525e+01  2.000000e+00
   endloop
 endfacet
 facet normal  4.984589e-02 -9.987569e-01  0.000000e+00
   outer loop
     vertex -5.012704e+01  3.169525e+01  0.000000e+00
     vertex -5.004238e+01  3.169947e+01  0.000000e+00
     vertex -5.004238e+01  3.169947e+01  2.000000e+00
   endloop
 endfacet
 facet normal  9.956785e-02 -9.950308e-01  0.000000e+00
   outer loop
     vertex -5.021138e+01  3.168681e+01  0.000000e+00
     vertex -5.012704e+01  3.169525e+01  2.000000e+00
     vertex -5.021138e+01  3.168681e+01  2.000000e+00
   endloop
 endfacet
 facet normal  9.956785e-02 -9.950308e-01  0.000000e+00
   outer loop
     vertex -5.021138e+01  3.168681e+01  0.000000e+00
     vertex -5.012704e+01  3.169525e+01  0.000000e+00
     vertex -5.012704e+01  3.169525e+01  2.000000e+00
   endloop
 endfacet
 facet normal  1.981461e-01 -9.801725e-01  0.000000e+00
   outer loop
     vertex -5.029520e+01  3.167417e+01  0.000000e+00
     vertex -5.029520e+01  3.167417e+01  2.000000e+00
     vertex -5.037829e+01  3.165738e+01  2.000000e+00
   endloop
 endfacet
 facet normal  1.490423e-01 -9.888308e-01  0.000000e+00
   outer loop
     vertex -5.029520e+01  3.167417e+01  0.000000e+00
     vertex -5.021138e+01  3.168681e+01  2.000000e+00
     vertex -5.029520e+01  3.167417e+01  2.000000e+00
   endloop
 endfacet
 facet normal  1.490423e-01 -9.888308e-01  0.000000e+00
   outer loop
     vertex -5.029520e+01  3.167417e+01  0.000000e+00
     vertex -5.021138e+01  3.168681e+01  0.000000e+00
     vertex -5.021138e+01  3.168681e+01  2.000000e+00
   endloop
 endfacet
 facet normal  1.981461e-01 -9.801725e-01  0.000000e+00
   outer loop
     vertex -5.037829e+01  3.165738e+01  0.000000e+00
     vertex -5.029520e+01  3.167417e+01  0.000000e+00
     vertex -5.037829e+01  3.165738e+01  2.000000e+00
   endloop
 endfacet
 facet normal  2.467574e-01 -9.690773e-01  0.000000e+00
   outer loop
     vertex -5.046043e+01  3.163646e+01  0.000000e+00
     vertex -5.037829e+01  3.165738e+01  0.000000e+00
     vertex -5.037829e+01  3.165738e+01  2.000000e+00
   endloop
 endfacet
 facet normal  2.467574e-01 -9.690773e-01  0.000000e+00
   outer loop
     vertex -5.046043e+01  3.163646e+01  0.000000e+00
     vertex -5.037829e+01  3.165738e+01  2.000000e+00
     vertex -5.046043e+01  3.163646e+01  2.000000e+00
   endloop
 endfacet
 facet normal  2.947552e-01 -9.555728e-01  0.000000e+00
   outer loop
     vertex -5.054143e+01  3.161148e+01  0.000000e+00
     vertex -5.046043e+01  3.163646e+01  0.000000e+00
     vertex -5.046043e+01  3.163646e+01  2.000000e+00
   endloop
 endfacet
 facet normal  2.947552e-01 -9.555728e-01  0.000000e+00
   outer loop
     vertex -5.054143e+01  3.161148e+01  0.000000e+00
     vertex -5.046043e+01  3.163646e+01  2.000000e+00
     vertex -5.054143e+01  3.161148e+01  2.000000e+00
   endloop
 endfacet
 facet normal  3.420201e-01 -9.396926e-01  0.000000e+00
   outer loop
     vertex -5.062108e+01  3.158249e+01  0.000000e+00
     vertex -5.054143e+01  3.161148e+01  2.000000e+00
     vertex -5.062108e+01  3.158249e+01  2.000000e+00
   endloop
 endfacet
 facet normal  3.420201e-01 -9.396926e-01  0.000000e+00
   outer loop
     vertex -5.062108e+01  3.158249e+01  0.000000e+00
     vertex -5.054143e+01  3.161148e+01  0.000000e+00
     vertex -5.054143e+01  3.161148e+01  2.000000e+00
   endloop
 endfacet
 facet normal  3.884348e-01 -9.214762e-01  0.000000e+00
   outer loop
     vertex -5.069919e+01  3.154956e+01  0.000000e+00
     vertex -5.062108e+01  3.158249e+01  2.000000e+00
     vertex -5.069919e+01  3.154956e+01  2.000000e+00
   endloop
 endfacet
 facet normal  3.884348e-01 -9.214762e-01  0.000000e+00
   outer loop
     vertex -5.069919e+01  3.154956e+01  0.000000e+00
     vertex -5.062108e+01  3.158249e+01  0.000000e+00
     vertex -5.062108e+01  3.158249e+01  2.000000e+00
   endloop
 endfacet
 facet normal  4.338837e-01 -9.009689e-01  0.000000e+00
   outer loop
     vertex -5.077556e+01  3.151278e+01  0.000000e+00
     vertex -5.069919e+01  3.154956e+01  2.000000e+00
     vertex -5.077556e+01  3.151278e+01  2.000000e+00
   endloop
 endfacet
 facet normal  4.338837e-01 -9.009689e-01  0.000000e+00
   outer loop
     vertex -5.077556e+01  3.151278e+01  0.000000e+00
     vertex -5.069919e+01  3.154956e+01  0.000000e+00
     vertex -5.069919e+01  3.154956e+01  2.000000e+00
   endloop
 endfacet
 facet normal  5.214352e-01 -8.532909e-01  0.000000e+00
   outer loop
     vertex -5.085000e+01  3.147224e+01  0.000000e+00
     vertex -5.085000e+01  3.147224e+01  2.000000e+00
     vertex -5.092233e+01  3.142804e+01  2.000000e+00
   endloop
 endfacet
 facet normal  4.782540e-01 -8.782216e-01  0.000000e+00
   outer loop
     vertex -5.085000e+01  3.147224e+01  0.000000e+00
     vertex -5.077556e+01  3.151278e+01  2.000000e+00
     vertex -5.085000e+01  3.147224e+01  2.000000e+00
   endloop
 endfacet
 facet normal  4.782540e-01 -8.782216e-01  0.000000e+00
   outer loop
     vertex -5.085000e+01  3.147224e+01  0.000000e+00
     vertex -5.077556e+01  3.151278e+01  0.000000e+00
     vertex -5.077556e+01  3.151278e+01  2.000000e+00
   endloop
 endfacet
 facet normal  5.214352e-01 -8.532909e-01  0.000000e+00
   outer loop
     vertex -5.092233e+01  3.142804e+01  0.000000e+00
     vertex -5.085000e+01  3.147224e+01  0.000000e+00
     vertex -5.092233e+01  3.142804e+01  2.000000e+00
   endloop
 endfacet
 facet normal  6.038044e-01 -7.971325e-01  0.000000e+00
   outer loop
     vertex -5.099236e+01  3.138029e+01  0.000000e+00
     vertex -5.099236e+01  3.138029e+01  2.000000e+00
     vertex -5.105993e+01  3.132911e+01  2.000000e+00
   endloop
 endfacet
 facet normal  5.633201e-01 -8.262388e-01  0.000000e+00
   outer loop
     vertex -5.099236e+01  3.138029e+01  0.000000e+00
     vertex -5.092233e+01  3.142804e+01  2.000000e+00
     vertex -5.099236e+01  3.138029e+01  2.000000e+00
   endloop
 endfacet
 facet normal  5.633201e-01 -8.262388e-01  0.000000e+00
   outer loop
     vertex -5.099236e+01  3.138029e+01  0.000000e+00
     vertex -5.092233e+01  3.142804e+01  0.000000e+00
     vertex -5.092233e+01  3.142804e+01  2.000000e+00
   endloop
 endfacet
 facet normal  6.038044e-01 -7.971325e-01  0.000000e+00
   outer loop
     vertex -5.105993e+01  3.132911e+01  0.000000e+00
     vertex -5.099236e+01  3.138029e+01  0.000000e+00
     vertex -5.105993e+01  3.132911e+01  2.000000e+00
   endloop
 endfacet
 facet normal  6.427876e-01 -7.660444e-01  0.000000e+00
   outer loop
     vertex -5.112487e+01  3.127463e+01  0.000000e+00
     vertex -5.105993e+01  3.132911e+01  2.000000e+00
     vertex -5.112487e+01  3.127463e+01  2.000000e+00
   endloop
 endfacet
 facet normal  6.427876e-01 -7.660444e-01  0.000000e+00
   outer loop
     vertex -5.112487e+01  3.127463e+01  0.000000e+00
     vertex -5.105993e+01  3.132911e+01  0.000000e+00
     vertex -5.105993e+01  3.132911e+01  2.000000e+00
   endloop
 endfacet
 facet normal  6.801727e-01 -7.330519e-01  0.000000e+00
   outer loop
     vertex -5.118700e+01  3.121697e+01  0.000000e+00
     vertex -5.112487e+01  3.127463e+01  2.000000e+00
     vertex -5.118700e+01  3.121697e+01  2.000000e+00
   endloop
 endfacet
 facet normal  6.801727e-01 -7.330519e-01  0.000000e+00
   outer loop
     vertex -5.118700e+01  3.121697e+01  0.000000e+00
     vertex -5.112487e+01  3.127463e+01  0.000000e+00
     vertex -5.112487e+01  3.127463e+01  2.000000e+00
   endloop
 endfacet
 facet normal  7.158668e-01 -6.982368e-01  0.000000e+00
   outer loop
     vertex -5.124619e+01  3.115629e+01  0.000000e+00
     vertex -5.118700e+01  3.121697e+01  2.000000e+00
     vertex -5.124619e+01  3.115629e+01  2.000000e+00
   endloop
 endfacet
 facet normal  7.158668e-01 -6.982368e-01  0.000000e+00
   outer loop
     vertex -5.124619e+01  3.115629e+01  0.000000e+00
     vertex -5.118700e+01  3.121697e+01  0.000000e+00
     vertex -5.118700e+01  3.121697e+01  2.000000e+00
   endloop
 endfacet
 facet normal  7.497812e-01 -6.616858e-01  0.000000e+00
   outer loop
     vertex -5.130228e+01  3.109274e+01  0.000000e+00
     vertex -5.124619e+01  3.115629e+01  2.000000e+00
     vertex -5.130228e+01  3.109274e+01  2.000000e+00
   endloop
 endfacet
 facet normal  7.497812e-01 -6.616858e-01  0.000000e+00
   outer loop
     vertex -5.130228e+01  3.109274e+01  0.000000e+00
     vertex -5.124619e+01  3.115629e+01  0.000000e+00
     vertex -5.124619e+01  3.115629e+01  2.000000e+00
   endloop
 endfacet
 facet normal  7.818315e-01 -6.234898e-01  0.000000e+00
   outer loop
     vertex -5.135513e+01  3.102647e+01  0.000000e+00
     vertex -5.130228e+01  3.109274e+01  2.000000e+00
     vertex -5.135513e+01  3.102647e+01  2.000000e+00
   endloop
 endfacet
 facet normal  7.818315e-01 -6.234898e-01  0.000000e+00
   outer loop
     vertex -5.135513e+01  3.102647e+01  0.000000e+00
     vertex -5.130228e+01  3.109274e+01  0.000000e+00
     vertex -5.130228e+01  3.109274e+01  2.000000e+00
   endloop
 endfacet
 facet normal  8.119380e-01 -5.837437e-01  0.000000e+00
   outer loop
     vertex -5.140461e+01  3.095764e+01  0.000000e+00
     vertex -5.135513e+01  3.102647e+01  2.000000e+00
     vertex -5.140461e+01  3.095764e+01  2.000000e+00
   endloop
 endfacet
 facet normal  8.119380e-01 -5.837437e-01  0.000000e+00
   outer loop
     vertex -5.140461e+01  3.095764e+01  0.000000e+00
     vertex -5.135513e+01  3.102647e+01  0.000000e+00
     vertex -5.135513e+01  3.102647e+01  2.000000e+00
   endloop
 endfacet
 facet normal  8.400259e-01 -5.425463e-01  0.000000e+00
   outer loop
     vertex -5.145059e+01  3.088644e+01  0.000000e+00
     vertex -5.140461e+01  3.095764e+01  2.000000e+00
     vertex -5.145059e+01  3.088644e+01  2.000000e+00
   endloop
 endfacet
 facet normal  8.400259e-01 -5.425463e-01  0.000000e+00
   outer loop
     vertex -5.145059e+01  3.088644e+01  0.000000e+00
     vertex -5.140461e+01  3.095764e+01  0.000000e+00
     vertex -5.140461e+01  3.095764e+01  2.000000e+00
   endloop
 endfacet
 facet normal  8.660254e-01 -5.000000e-01  0.000000e+00
   outer loop
     vertex -5.149298e+01  3.081303e+01  0.000000e+00
     vertex -5.145059e+01  3.088644e+01  0.000000e+00
     vertex -5.145059e+01  3.088644e+01  2.000000e+00
   endloop
 endfacet
 facet normal  8.660254e-01 -5.000000e-01  0.000000e+00
   outer loop
     vertex -5.149298e+01  3.081303e+01  0.000000e+00
     vertex -5.145059e+01  3.088644e+01  2.000000e+00
     vertex -5.149298e+01  3.081303e+01  2.000000e+00
   endloop
 endfacet
 facet normal  8.898718e-01 -4.562107e-01  0.000000e+00
   outer loop
     vertex -5.153165e+01  3.073760e+01  0.000000e+00
     vertex -5.149298e+01  3.081303e+01  0.000000e+00
     vertex -5.149298e+01  3.081303e+01  2.000000e+00
   endloop
 endfacet
 facet normal  8.898718e-01 -4.562107e-01  0.000000e+00
   outer loop
     vertex -5.153165e+01  3.073760e+01  0.000000e+00
     vertex -5.149298e+01  3.081303e+01  2.000000e+00
     vertex -5.153165e+01  3.073760e+01  2.000000e+00
   endloop
 endfacet
 facet normal  9.115059e-01 -4.112871e-01  0.000000e+00
   outer loop
     vertex -5.156651e+01  3.066034e+01  0.000000e+00
     vertex -5.153165e+01  3.073760e+01  0.000000e+00
     vertex -5.153165e+01  3.073760e+01  2.000000e+00
   endloop
 endfacet
 facet normal  9.115059e-01 -4.112871e-01  0.000000e+00
   outer loop
     vertex -5.156651e+01  3.066034e+01  0.000000e+00
     vertex -5.153165e+01  3.073760e+01  2.000000e+00
     vertex -5.156651e+01  3.066034e+01  2.000000e+00
   endloop
 endfacet
 facet normal  9.308737e-01 -3.653410e-01  0.000000e+00
   outer loop
     vertex -5.159748e+01  3.058143e+01  0.000000e+00
     vertex -5.156651e+01  3.066034e+01  0.000000e+00
     vertex -5.156651e+01  3.066034e+01  2.000000e+00
   endloop
 endfacet
 facet normal  9.308737e-01 -3.653410e-01  0.000000e+00
   outer loop
     vertex -5.159748e+01  3.058143e+01  0.000000e+00
     vertex -5.156651e+01  3.066034e+01  2.000000e+00
     vertex -5.159748e+01  3.058143e+01  2.000000e+00
   endloop
 endfacet
 facet normal  9.479273e-01 -3.184867e-01  0.000000e+00
   outer loop
     vertex -5.162447e+01  3.050108e+01  0.000000e+00
     vertex -5.159748e+01  3.058143e+01  0.000000e+00
     vertex -5.159748e+01  3.058143e+01  2.000000e+00
   endloop
 endfacet
 facet normal  9.479273e-01 -3.184867e-01  0.000000e+00
   outer loop
     vertex -5.162447e+01  3.050108e+01  0.000000e+00
     vertex -5.159748e+01  3.058143e+01  2.000000e+00
     vertex -5.162447e+01  3.050108e+01  2.000000e+00
   endloop
 endfacet
 facet normal  9.626242e-01 -2.708405e-01  0.000000e+00
   outer loop
     vertex -5.164743e+01  3.041949e+01  0.000000e+00
     vertex -5.162447e+01  3.050108e+01  0.000000e+00
     vertex -5.162447e+01  3.050108e+01  2.000000e+00
   endloop
 endfacet
 facet normal  9.626242e-01 -2.708405e-01  0.000000e+00
   outer loop
     vertex -5.164743e+01  3.041949e+01  0.000000e+00
     vertex -5.162447e+01  3.050108e+01  2.000000e+00
     vertex -5.164743e+01  3.041949e+01  2.000000e+00
   endloop
 endfacet
 facet normal  9.749279e-01 -2.225209e-01  0.000000e+00
   outer loop
     vertex -5.166629e+01  3.033685e+01  0.000000e+00
     vertex -5.164743e+01  3.041949e+01  2.000000e+00
     vertex -5.166629e+01  3.033685e+01  2.000000e+00
   endloop
 endfacet
 facet normal  9.749279e-01 -2.225209e-01  0.000000e+00
   outer loop
     vertex -5.166629e+01  3.033685e+01  0.000000e+00
     vertex -5.164743e+01  3.041949e+01  0.000000e+00
     vertex -5.164743e+01  3.041949e+01  2.000000e+00
   endloop
 endfacet
 facet normal  9.848078e-01 -1.736482e-01  0.000000e+00
   outer loop
     vertex -5.168101e+01  3.025337e+01  0.000000e+00
     vertex -5.166629e+01  3.033685e+01  2.000000e+00
     vertex -5.168101e+01  3.025337e+01  2.000000e+00
   endloop
 endfacet
 facet normal  9.848078e-01 -1.736482e-01  0.000000e+00
   outer loop
     vertex -5.168101e+01  3.025337e+01  0.000000e+00
     vertex -5.166629e+01  3.033685e+01  0.000000e+00
     vertex -5.166629e+01  3.033685e+01  2.000000e+00
   endloop
 endfacet
 facet normal  9.922392e-01 -1.243437e-01  0.000000e+00
   outer loop
     vertex -5.169155e+01  3.016927e+01  0.000000e+00
     vertex -5.168101e+01  3.025337e+01  2.000000e+00
     vertex -5.169155e+01  3.016927e+01  2.000000e+00
   endloop
 endfacet
 facet normal  9.922392e-01 -1.243437e-01  0.000000e+00
   outer loop
     vertex -5.169155e+01  3.016927e+01  0.000000e+00
     vertex -5.168101e+01  3.025337e+01  0.000000e+00
     vertex -5.168101e+01  3.025337e+01  2.000000e+00
   endloop
 endfacet
 facet normal  9.972038e-01 -7.473009e-02  0.000000e+00
   outer loop
     vertex -5.169789e+01  3.008474e+01  0.000000e+00
     vertex -5.169155e+01  3.016927e+01  0.000000e+00
     vertex -5.169155e+01  3.016927e+01  2.000000e+00
   endloop
 endfacet
 facet normal  9.972038e-01 -7.473009e-02  0.000000e+00
   outer loop
     vertex -5.169789e+01  3.008474e+01  0.000000e+00
     vertex -5.169155e+01  3.016927e+01  2.000000e+00
     vertex -5.169789e+01  3.008474e+01  2.000000e+00
   endloop
 endfacet
 facet normal  9.996892e-01 -2.493069e-02  0.000000e+00
   outer loop
     vertex -5.170000e+01  3.000000e+01  0.000000e+00
     vertex -5.169789e+01  3.008474e+01  0.000000e+00
     vertex -5.169789e+01  3.008474e+01  2.000000e+00
   endloop
 endfacet
 facet normal  9.996892e-01  2.493069e-02 -0.000000e+00
   outer loop
     vertex -5.170000e+01  3.000000e+01  0.000000e+00
     vertex -5.170000e+01  3.000000e+01  2.000000e+00
     vertex -5.169789e+01  2.991526e+01  2.000000e+00
   endloop
 endfacet
 facet normal  9.996892e-01 -2.493069e-02  0.000000e+00
   outer loop
     vertex -5.170000e+01  3.000000e+01  0.000000e+00
     vertex -5.169789e+01  3.008474e+01  2.000000e+00
     vertex -5.170000e+01  3.000000e+01  2.000000e+00
   endloop
 endfacet
 facet normal  9.996892e-01  2.493069e-02 -0.000000e+00
   outer loop
     vertex -5.169789e+01  2.991526e+01  0.000000e+00
     vertex -5.170000e+01  3.000000e+01  0.000000e+00
     vertex -5.169789e+01  2.991526e+01  2.000000e+00
   endloop
 endfacet
 facet normal  9.972038e-01  7.473009e-02 -0.000000e+00
   outer loop
     vertex -5.169155e+01  2.983073e+01  0.000000e+00
     vertex -5.169789e+01  2.991526e+01  2.000000e+00
     vertex -5.169155e+01  2.983073e+01  2.000000e+00
   endloop
 endfacet
 facet normal  9.972038e-01  7.473009e-02  0.000000e+00
   outer loop
     vertex -5.169155e+01  2.983073e+01  0.000000e+00
     vertex -5.169789e+01  2.991526e+01  0.000000e+00
     vertex -5.169789e+01  2.991526e+01  2.000000e+00
   endloop
 endfacet
 facet normal  9.922392e-01  1.243437e-01  0.000000e+00
   outer loop
     vertex -5.168101e+01  2.974663e+01  0.000000e+00
     vertex -5.169155e+01  2.983073e+01  0.000000e+00
     vertex -5.169155e+01  2.983073e+01  2.000000e+00
   endloop
 endfacet
 facet normal  9.922392e-01  1.243437e-01 -0.000000e+00
   outer loop
     vertex -5.168101e+01  2.974663e+01  0.000000e+00
     vertex -5.169155e+01  2.983073e+01  2.000000e+00
     vertex -5.168101e+01  2.974663e+01  2.000000e+00
   endloop
 endfacet
 facet normal  9.848078e-01  1.736482e-01  0.000000e+00
   outer loop
     vertex -5.166629e+01  2.966315e+01  0.000000e+00
     vertex -5.168101e+01  2.974663e+01  0.000000e+00
     vertex -5.168101e+01  2.974663e+01  2.000000e+00
   endloop
 endfacet
 facet normal  9.848078e-01  1.736482e-01 -0.000000e+00
   outer loop
     vertex -5.166629e+01  2.966315e+01  0.000000e+00
     vertex -5.168101e+01  2.974663e+01  2.000000e+00
     vertex -5.166629e+01  2.966315e+01  2.000000e+00
   endloop
 endfacet
 facet normal  9.749279e-01  2.225209e-01  0.000000e+00
   outer loop
     vertex -5.164743e+01  2.958051e+01  0.000000e+00
     vertex -5.166629e+01  2.966315e+01  0.000000e+00
     vertex -5.166629e+01  2.966315e+01  2.000000e+00
   endloop
 endfacet
 facet normal  9.749279e-01  2.225209e-01 -0.000000e+00
   outer loop
     vertex -5.164743e+01  2.958051e+01  0.000000e+00
     vertex -5.166629e+01  2.966315e+01  2.000000e+00
     vertex -5.164743e+01  2.958051e+01  2.000000e+00
   endloop
 endfacet
 facet normal  9.626242e-01  2.708405e-01  0.000000e+00
   outer loop
     vertex -5.162447e+01  2.949892e+01  0.000000e+00
     vertex -5.164743e+01  2.958051e+01  0.000000e+00
     vertex -5.164743e+01  2.958051e+01  2.000000e+00
   endloop
 endfacet
 facet normal  9.626242e-01  2.708405e-01 -0.000000e+00
   outer loop
     vertex -5.162447e+01  2.949892e+01  0.000000e+00
     vertex -5.164743e+01  2.958051e+01  2.000000e+00
     vertex -5.162447e+01  2.949892e+01  2.000000e+00
   endloop
 endfacet
 facet normal  9.479273e-01  3.184867e-01  0.000000e+00
   outer loop
     vertex -5.159748e+01  2.941857e+01  0.000000e+00
     vertex -5.162447e+01  2.949892e+01  0.000000e+00
     vertex -5.162447e+01  2.949892e+01  2.000000e+00
   endloop
 endfacet
 facet normal  9.479273e-01  3.184867e-01 -0.000000e+00
   outer loop
     vertex -5.159748e+01  2.941857e+01  0.000000e+00
     vertex -5.162447e+01  2.949892e+01  2.000000e+00
     vertex -5.159748e+01  2.941857e+01  2.000000e+00
   endloop
 endfacet
 facet normal  9.308737e-01  3.653410e-01  0.000000e+00
   outer loop
     vertex -5.156651e+01  2.933966e+01  0.000000e+00
     vertex -5.159748e+01  2.941857e+01  0.000000e+00
     vertex -5.159748e+01  2.941857e+01  2.000000e+00
   endloop
 endfacet
 facet normal  9.308737e-01  3.653410e-01 -0.000000e+00
   outer loop
     vertex -5.156651e+01  2.933966e+01  0.000000e+00
     vertex -5.159748e+01  2.941857e+01  2.000000e+00
     vertex -5.156651e+01  2.933966e+01  2.000000e+00
   endloop
 endfacet
 facet normal  9.115059e-01  4.112871e-01  0.000000e+00
   outer loop
     vertex -5.153165e+01  2.926240e+01  0.000000e+00
     vertex -5.156651e+01  2.933966e+01  0.000000e+00
     vertex -5.156651e+01  2.933966e+01  2.000000e+00
   endloop
 endfacet
 facet normal  9.115059e-01  4.112871e-01 -0.000000e+00
   outer loop
     vertex -5.153165e+01  2.926240e+01  0.000000e+00
     vertex -5.156651e+01  2.933966e+01  2.000000e+00
     vertex -5.153165e+01  2.926240e+01  2.000000e+00
   endloop
 endfacet
 facet normal  8.898718e-01  4.562107e-01  0.000000e+00
   outer loop
     vertex -5.149298e+01  2.918697e+01  0.000000e+00
     vertex -5.153165e+01  2.926240e+01  0.000000e+00
     vertex -5.153165e+01  2.926240e+01  2.000000e+00
   endloop
 endfacet
 facet normal  8.898718e-01  4.562107e-01 -0.000000e+00
   outer loop
     vertex -5.149298e+01  2.918697e+01  0.000000e+00
     vertex -5.153165e+01  2.926240e+01  2.000000e+00
     vertex -5.149298e+01  2.918697e+01  2.000000e+00
   endloop
 endfacet
 facet normal  8.660254e-01  5.000000e-01  0.000000e+00
   outer loop
     vertex -5.145059e+01  2.911356e+01  0.000000e+00
     vertex -5.149298e+01  2.918697e+01  0.000000e+00
     vertex -5.149298e+01  2.918697e+01  2.000000e+00
   endloop
 endfacet
 facet normal  8.660254e-01  5.000000e-01 -0.000000e+00
   outer loop
     vertex -5.145059e+01  2.911356e+01  0.000000e+00
     vertex -5.149298e+01  2.918697e+01  2.000000e+00
     vertex -5.145059e+01  2.911356e+01  2.000000e+00
   endloop
 endfacet
 facet normal  8.400259e-01  5.425463e-01  0.000000e+00
   outer loop
     vertex -5.140461e+01  2.904236e+01  0.000000e+00
     vertex -5.145059e+01  2.911356e+01  0.000000e+00
     vertex -5.145059e+01  2.911356e+01  2.000000e+00
   endloop
 endfacet
 facet normal  8.400259e-01  5.425463e-01 -0.000000e+00
   outer loop
     vertex -5.140461e+01  2.904236e+01  0.000000e+00
     vertex -5.145059e+01  2.911356e+01  2.000000e+00
     vertex -5.140461e+01  2.904236e+01  2.000000e+00
   endloop
 endfacet
 facet normal  8.119380e-01  5.837437e-01  0.000000e+00
   outer loop
     vertex -5.135513e+01  2.897353e+01  0.000000e+00
     vertex -5.140461e+01  2.904236e+01  0.000000e+00
     vertex -5.140461e+01  2.904236e+01  2.000000e+00
   endloop
 endfacet
 facet normal  8.119380e-01  5.837437e-01 -0.000000e+00
   outer loop
     vertex -5.135513e+01  2.897353e+01  0.000000e+00
     vertex -5.140461e+01  2.904236e+01  2.000000e+00
     vertex -5.135513e+01  2.897353e+01  2.000000e+00
   endloop
 endfacet
 facet normal  7.818315e-01  6.234898e-01  0.000000e+00
   outer loop
     vertex -5.130228e+01  2.890726e+01  0.000000e+00
     vertex -5.135513e+01  2.897353e+01  0.000000e+00
     vertex -5.135513e+01  2.897353e+01  2.000000e+00
   endloop
 endfacet
 facet normal  7.818315e-01  6.234898e-01 -0.000000e+00
   outer loop
     vertex -5.130228e+01  2.890726e+01  0.000000e+00
     vertex -5.135513e+01  2.897353e+01  2.000000e+00
     vertex -5.130228e+01  2.890726e+01  2.000000e+00
   endloop
 endfacet
 facet normal  7.497812e-01  6.616858e-01  0.000000e+00
   outer loop
     vertex -5.124619e+01  2.884371e+01  0.000000e+00
     vertex -5.130228e+01  2.890726e+01  0.000000e+00
     vertex -5.130228e+01  2.890726e+01  2.000000e+00
   endloop
 endfacet
 facet normal  7.497812e-01  6.616858e-01 -0.000000e+00
   outer loop
     vertex -5.124619e+01  2.884371e+01  0.000000e+00
     vertex -5.130228e+01  2.890726e+01  2.000000e+00
     vertex -5.124619e+01  2.884371e+01  2.000000e+00
   endloop
 endfacet
 facet normal  7.158668e-01  6.982368e-01  0.000000e+00
   outer loop
     vertex -5.118700e+01  2.878303e+01  0.000000e+00
     vertex -5.124619e+01  2.884371e+01  0.000000e+00
     vertex -5.124619e+01  2.884371e+01  2.000000e+00
   endloop
 endfacet
 facet normal  7.158668e-01  6.982368e-01 -0.000000e+00
   outer loop
     vertex -5.118700e+01  2.878303e+01  0.000000e+00
     vertex -5.124619e+01  2.884371e+01  2.000000e+00
     vertex -5.118700e+01  2.878303e+01  2.000000e+00
   endloop
 endfacet
 facet normal  6.801727e-01  7.330519e-01 -0.000000e+00
   outer loop
     vertex -5.112487e+01  2.872537e+01  0.000000e+00
     vertex -5.118700e+01  2.878303e+01  2.000000e+00
     vertex -5.112487e+01  2.872537e+01  2.000000e+00
   endloop
 endfacet
 facet normal  6.801727e-01  7.330519e-01  0.000000e+00
   outer loop
     vertex -5.112487e+01  2.872537e+01  0.000000e+00
     vertex -5.118700e+01  2.878303e+01  0.000000e+00
     vertex -5.118700e+01  2.878303e+01  2.000000e+00
   endloop
 endfacet
 facet normal  6.427876e-01  7.660444e-01  0.000000e+00
   outer loop
     vertex -5.105993e+01  2.867089e+01  0.000000e+00
     vertex -5.112487e+01  2.872537e+01  0.000000e+00
     vertex -5.112487e+01  2.872537e+01  2.000000e+00
   endloop
 endfacet
 facet normal  6.427876e-01  7.660444e-01 -0.000000e+00
   outer loop
     vertex -5.105993e+01  2.867089e+01  0.000000e+00
     vertex -5.112487e+01  2.872537e+01  2.000000e+00
     vertex -5.105993e+01  2.867089e+01  2.000000e+00
   endloop
 endfacet
 facet normal  6.038044e-01  7.971325e-01 -0.000000e+00
   outer loop
     vertex -5.099236e+01  2.861971e+01  0.000000e+00
     vertex -5.105993e+01  2.867089e+01  2.000000e+00
     vertex -5.099236e+01  2.861971e+01  2.000000e+00
   endloop
 endfacet
 facet normal  6.038044e-01  7.971325e-01  0.000000e+00
   outer loop
     vertex -5.099236e+01  2.861971e+01  0.000000e+00
     vertex -5.105993e+01  2.867089e+01  0.000000e+00
     vertex -5.105993e+01  2.867089e+01  2.000000e+00
   endloop
 endfacet
 facet normal  5.633201e-01  8.262388e-01 -0.000000e+00
   outer loop
     vertex -5.092233e+01  2.857196e+01  0.000000e+00
     vertex -5.099236e+01  2.861971e+01  2.000000e+00
     vertex -5.092233e+01  2.857196e+01  2.000000e+00
   endloop
 endfacet
 facet normal  5.633201e-01  8.262388e-01  0.000000e+00
   outer loop
     vertex -5.092233e+01  2.857196e+01  0.000000e+00
     vertex -5.099236e+01  2.861971e+01  0.000000e+00
     vertex -5.099236e+01  2.861971e+01  2.000000e+00
   endloop
 endfacet
 facet normal  5.214352e-01  8.532909e-01 -0.000000e+00
   outer loop
     vertex -5.085000e+01  2.852776e+01  0.000000e+00
     vertex -5.092233e+01  2.857196e+01  2.000000e+00
     vertex -5.085000e+01  2.852776e+01  2.000000e+00
   endloop
 endfacet
 facet normal  5.214352e-01  8.532909e-01  0.000000e+00
   outer loop
     vertex -5.085000e+01  2.852776e+01  0.000000e+00
     vertex -5.092233e+01  2.857196e+01  0.000000e+00
     vertex -5.092233e+01  2.857196e+01  2.000000e+00
   endloop
 endfacet
 facet normal  4.782540e-01  8.782216e-01 -0.000000e+00
   outer loop
     vertex -5.077556e+01  2.848722e+01  0.000000e+00
     vertex -5.085000e+01  2.852776e+01  2.000000e+00
     vertex -5.077556e+01  2.848722e+01  2.000000e+00
   endloop
 endfacet
 facet normal  4.782540e-01  8.782216e-01  0.000000e+00
   outer loop
     vertex -5.077556e+01  2.848722e+01  0.000000e+00
     vertex -5.085000e+01  2.852776e+01  0.000000e+00
     vertex -5.085000e+01  2.852776e+01  2.000000e+00
   endloop
 endfacet
 facet normal  4.338837e-01  9.009689e-01 -0.000000e+00
   outer loop
     vertex -5.069919e+01  2.845044e+01  0.000000e+00
     vertex -5.077556e+01  2.848722e+01  2.000000e+00
     vertex -5.069919e+01  2.845044e+01  2.000000e+00
   endloop
 endfacet
 facet normal  4.338837e-01  9.009689e-01  0.000000e+00
   outer loop
     vertex -5.069919e+01  2.845044e+01  0.000000e+00
     vertex -5.077556e+01  2.848722e+01  0.000000e+00
     vertex -5.077556e+01  2.848722e+01  2.000000e+00
   endloop
 endfacet
 facet normal  3.884348e-01  9.214762e-01  0.000000e+00
   outer loop
     vertex -5.062108e+01  2.841751e+01  0.000000e+00
     vertex -5.069919e+01  2.845044e+01  0.000000e+00
     vertex -5.069919e+01  2.845044e+01  2.000000e+00
   endloop
 endfacet
 facet normal  3.884348e-01  9.214762e-01 -0.000000e+00
   outer loop
     vertex -5.062108e+01  2.841751e+01  0.000000e+00
     vertex -5.069919e+01  2.845044e+01  2.000000e+00
     vertex -5.062108e+01  2.841751e+01  2.000000e+00
   endloop
 endfacet
 facet normal  3.420201e-01  9.396926e-01  0.000000e+00
   outer loop
     vertex -5.054143e+01  2.838852e+01  0.000000e+00
     vertex -5.062108e+01  2.841751e+01  0.000000e+00
     vertex -5.062108e+01  2.841751e+01  2.000000e+00
   endloop
 endfacet
 facet normal  3.420201e-01  9.396926e-01 -0.000000e+00
   outer loop
     vertex -5.054143e+01  2.838852e+01  0.000000e+00
     vertex -5.062108e+01  2.841751e+01  2.000000e+00
     vertex -5.054143e+01  2.838852e+01  2.000000e+00
   endloop
 endfacet
 facet normal  2.947552e-01  9.555728e-01  0.000000e+00
   outer loop
     vertex -5.046043e+01  2.836354e+01  0.000000e+00
     vertex -5.054143e+01  2.838852e+01  0.000000e+00
     vertex -5.054143e+01  2.838852e+01  2.000000e+00
   endloop
 endfacet
 facet normal  2.947552e-01  9.555728e-01 -0.000000e+00
   outer loop
     vertex -5.046043e+01  2.836354e+01  0.000000e+00
     vertex -5.054143e+01  2.838852e+01  2.000000e+00
     vertex -5.046043e+01  2.836354e+01  2.000000e+00
   endloop
 endfacet
 facet normal  2.467574e-01  9.690773e-01  0.000000e+00
   outer loop
     vertex -5.037829e+01  2.834262e+01  0.000000e+00
     vertex -5.046043e+01  2.836354e+01  0.000000e+00
     vertex -5.046043e+01  2.836354e+01  2.000000e+00
   endloop
 endfacet
 facet normal  2.467574e-01  9.690773e-01 -0.000000e+00
   outer loop
     vertex -5.037829e+01  2.834262e+01  0.000000e+00
     vertex -5.046043e+01  2.836354e+01  2.000000e+00
     vertex -5.037829e+01  2.834262e+01  2.000000e+00
   endloop
 endfacet
 facet normal  1.981461e-01  9.801725e-01  0.000000e+00
   outer loop
     vertex -5.029520e+01  2.832583e+01  0.000000e+00
     vertex -5.037829e+01  2.834262e+01  0.000000e+00
     vertex -5.037829e+01  2.834262e+01  2.000000e+00
   endloop
 endfacet
 facet normal  1.981461e-01  9.801725e-01 -0.000000e+00
   outer loop
     vertex -5.029520e+01  2.832583e+01  0.000000e+00
     vertex -5.037829e+01  2.834262e+01  2.000000e+00
     vertex -5.029520e+01  2.832583e+01  2.000000e+00
   endloop
 endfacet
 facet normal  1.490423e-01  9.888308e-01  0.000000e+00
   outer loop
     vertex -5.021138e+01  2.831319e+01  0.000000e+00
     vertex -5.029520e+01  2.832583e+01  0.000000e+00
     vertex -5.029520e+01  2.832583e+01  2.000000e+00
   endloop
 endfacet
 facet normal  1.490423e-01  9.888308e-01 -0.000000e+00
   outer loop
     vertex -5.021138e+01  2.831319e+01  0.000000e+00
     vertex -5.029520e+01  2.832583e+01  2.000000e+00
     vertex -5.021138e+01  2.831319e+01  2.000000e+00
   endloop
 endfacet
 facet normal  9.956785e-02  9.950308e-01  0.000000e+00
   outer loop
     vertex -5.012704e+01  2.830475e+01  0.000000e+00
     vertex -5.021138e+01  2.831319e+01  0.000000e+00
     vertex -5.021138e+01  2.831319e+01  2.000000e+00
   endloop
 endfacet
 facet normal  9.956785e-02  9.950308e-01 -0.000000e+00
   outer loop
     vertex -5.012704e+01  2.830475e+01  0.000000e+00
     vertex -5.021138e+01  2.831319e+01  2.000000e+00
     vertex -5.012704e+01  2.830475e+01  2.000000e+00
   endloop
 endfacet
 facet normal  4.984589e-02  9.987569e-01  0.000000e+00
   outer loop
     vertex -5.004238e+01  2.830053e+01  0.000000e+00
     vertex -5.012704e+01  2.830475e+01  0.000000e+00
     vertex -5.012704e+01  2.830475e+01  2.000000e+00
   endloop
 endfacet
 facet normal  4.984589e-02  9.987569e-01 -0.000000e+00
   outer loop
     vertex -5.004238e+01  2.830053e+01  0.000000e+00
     vertex -5.012704e+01  2.830475e+01  2.000000e+00
     vertex -5.004238e+01  2.830053e+01  2.000000e+00
   endloop
 endfacet
 facet normal  0.000000e+00  1.000000e+00  0.000000e+00
   outer loop
     vertex -4.995762e+01  2.830053e+01  0.000000e+00
     vertex -5.004238e+01  2.830053e+01  0.000000e+00
     vertex -5.004238e+01  2.830053e+01  2.000000e+00
   endloop
 endfacet
 facet normal  0.000000e+00  1.000000e+00 -0.000000e+00
   outer loop
     vertex -4.995762e+01  2.830053e+01  0.000000e+00
     vertex -5.004238e+01  2.830053e+01  2.000000e+00
     vertex -4.995762e+01  2.830053e+01  2.000000e+00
   endloop
 endfacet
 facet normal -4.984589e-02  9.987569e-01  0.000000e+00
   outer loop
     vertex -4.987296e+01  2.830475e+01  0.000000e+00
     vertex -4.995762e+01  2.830053e+01  0.000000e+00
     vertex -4.995762e+01  2.830053e+01  2.000000e+00
   endloop
 endfacet
 facet normal -4.984589e-02  9.987569e-01  0.000000e+00
   outer loop
     vertex -4.987296e+01  2.830475e+01  0.000000e+00
     vertex -4.995762e+01  2.830053e+01  2.000000e+00
     vertex -4.987296e+01  2.830475e+01  2.000000e+00
   endloop
 endfacet
 facet normal -9.956785e-02  9.950308e-01  0.000000e+00
   outer loop
     vertex -4.978862e+01  2.831319e+01  0.000000e+00
     vertex -4.987296e+01  2.830475e+01  0.000000e+00
     vertex -4.987296e+01  2.830475e+01  2.000000e+00
   endloop
 endfacet
 facet normal -9.956785e-02  9.950308e-01  0.000000e+00
   outer loop
     vertex -4.978862e+01  2.831319e+01  0.000000e+00
     vertex -4.987296e+01  2.830475e+01  2.000000e+00
     vertex -4.978862e+01  2.831319e+01  2.000000e+00
   endloop
 endfacet
 facet normal -1.490423e-01  9.888308e-01  0.000000e+00
   outer loop
     vertex -4.970480e+01  2.832583e+01  0.000000e+00
     vertex -4.978862e+01  2.831319e+01  0.000000e+00
     vertex -4.978862e+01  2.831319e+01  2.000000e+00
   endloop
 endfacet
 facet normal -1.490423e-01  9.888308e-01  0.000000e+00
   outer loop
     vertex -4.970480e+01  2.832583e+01  0.000000e+00
     vertex -4.978862e+01  2.831319e+01  2.000000e+00
     vertex -4.970480e+01  2.832583e+01  2.000000e+00
   endloop
 endfacet
 facet normal -1.981461e-01  9.801725e-01  0.000000e+00
   outer loop
     vertex -4.962171e+01  2.834262e+01  0.000000e+00
     vertex -4.970480e+01  2.832583e+01  0.000000e+00
     vertex -4.970480e+01  2.832583e+01  2.000000e+00
   endloop
 endfacet
 facet normal -1.981461e-01  9.801725e-01  0.000000e+00
   outer loop
     vertex -4.962171e+01  2.834262e+01  0.000000e+00
     vertex -4.970480e+01  2.832583e+01  2.000000e+00
     vertex -4.962171e+01  2.834262e+01  2.000000e+00
   endloop
 endfacet
 facet normal -2.467574e-01  9.690773e-01  0.000000e+00
   outer loop
     vertex -4.953957e+01  2.836354e+01  0.000000e+00
     vertex -4.962171e+01  2.834262e+01  2.000000e+00
     vertex -4.953957e+01  2.836354e+01  2.000000e+00
   endloop
 endfacet
 facet normal -2.467574e-01  9.690773e-01  0.000000e+00
   outer loop
     vertex -4.953957e+01  2.836354e+01  0.000000e+00
     vertex -4.962171e+01  2.834262e+01  0.000000e+00
     vertex -4.962171e+01  2.834262e+01  2.000000e+00
   endloop
 endfacet
 facet normal -2.947552e-01  9.555728e-01  0.000000e+00
   outer loop
     vertex -4.945857e+01  2.838852e+01  0.000000e+00
     vertex -4.953957e+01  2.836354e+01  0.000000e+00
     vertex -4.953957e+01  2.836354e+01  2.000000e+00
   endloop
 endfacet
 facet normal -2.947552e-01  9.555728e-01  0.000000e+00
   outer loop
     vertex -4.945857e+01  2.838852e+01  0.000000e+00
     vertex -4.953957e+01  2.836354e+01  2.000000e+00
     vertex -4.945857e+01  2.838852e+01  2.000000e+00
   endloop
 endfacet
 facet normal -3.420201e-01  9.396926e-01  0.000000e+00
   outer loop
     vertex -4.937892e+01  2.841751e+01  0.000000e+00
     vertex -4.945857e+01  2.838852e+01  2.000000e+00
     vertex -4.937892e+01  2.841751e+01  2.000000e+00
   endloop
 endfacet
 facet normal -3.420201e-01  9.396926e-01  0.000000e+00
   outer loop
     vertex -4.937892e+01  2.841751e+01  0.000000e+00
     vertex -4.945857e+01  2.838852e+01  0.000000e+00
     vertex -4.945857e+01  2.838852e+01  2.000000e+00
   endloop
 endfacet
 facet normal -3.884348e-01  9.214762e-01  0.000000e+00
   outer loop
     vertex -4.930081e+01  2.845044e+01  0.000000e+00
     vertex -4.937892e+01  2.841751e+01  2.000000e+00
     vertex -4.930081e+01  2.845044e+01  2.000000e+00
   endloop
 endfacet
 facet normal -3.884348e-01  9.214762e-01  0.000000e+00
   outer loop
     vertex -4.930081e+01  2.845044e+01  0.000000e+00
     vertex -4.937892e+01  2.841751e+01  0.000000e+00
     vertex -4.937892e+01  2.841751e+01  2.000000e+00
   endloop
 endfacet
 facet normal -4.338837e-01  9.009689e-01  0.000000e+00
   outer loop
     vertex -4.922444e+01  2.848722e+01  0.000000e+00
     vertex -4.930081e+01  2.845044e+01  2.000000e+00
     vertex -4.922444e+01  2.848722e+01  2.000000e+00
   endloop
 endfacet
 facet normal -4.338837e-01  9.009689e-01  0.000000e+00
   outer loop
     vertex -4.922444e+01  2.848722e+01  0.000000e+00
     vertex -4.930081e+01  2.845044e+01  0.000000e+00
     vertex -4.930081e+01  2.845044e+01  2.000000e+00
   endloop
 endfacet
 facet normal -4.782540e-01  8.782216e-01  0.000000e+00
   outer loop
     vertex -4.915000e+01  2.852776e+01  0.000000e+00
     vertex -4.922444e+01  2.848722e+01  2.000000e+00
     vertex -4.915000e+01  2.852776e+01  2.000000e+00
   endloop
 endfacet
 facet normal -4.782540e-01  8.782216e-01  0.000000e+00
   outer loop
     vertex -4.915000e+01  2.852776e+01  0.000000e+00
     vertex -4.922444e+01  2.848722e+01  0.000000e+00
     vertex -4.922444e+01  2.848722e+01  2.000000e+00
   endloop
 endfacet
 facet normal -5.214352e-01  8.532909e-01  0.000000e+00
   outer loop
     vertex -4.907767e+01  2.857196e+01  0.000000e+00
     vertex -4.915000e+01  2.852776e+01  2.000000e+00
     vertex -4.907767e+01  2.857196e+01  2.000000e+00
   endloop
 endfacet
 facet normal -5.214352e-01  8.532909e-01  0.000000e+00
   outer loop
     vertex -4.907767e+01  2.857196e+01  0.000000e+00
     vertex -4.915000e+01  2.852776e+01  0.000000e+00
     vertex -4.915000e+01  2.852776e+01  2.000000e+00
   endloop
 endfacet
 facet normal -5.633201e-01  8.262388e-01  0.000000e+00
   outer loop
     vertex -4.900764e+01  2.861971e+01  0.000000e+00
     vertex -4.907767e+01  2.857196e+01  2.000000e+00
     vertex -4.900764e+01  2.861971e+01  2.000000e+00
   endloop
 endfacet
 facet normal -5.633201e-01  8.262388e-01  0.000000e+00
   outer loop
     vertex -4.900764e+01  2.861971e+01  0.000000e+00
     vertex -4.907767e+01  2.857196e+01  0.000000e+00
     vertex -4.907767e+01  2.857196e+01  2.000000e+00
   endloop
 endfacet
 facet normal -6.038044e-01  7.971325e-01  0.000000e+00
   outer loop
     vertex -4.894007e+01  2.867089e+01  0.000000e+00
     vertex -4.900764e+01  2.861971e+01  2.000000e+00
     vertex -4.894007e+01  2.867089e+01  2.000000e+00
   endloop
 endfacet
 facet normal -6.038044e-01  7.971325e-01  0.000000e+00
   outer loop
     vertex -4.894007e+01  2.867089e+01  0.000000e+00
     vertex -4.900764e+01  2.861971e+01  0.000000e+00
     vertex -4.900764e+01  2.861971e+01  2.000000e+00
   endloop
 endfacet
 facet normal -6.427876e-01  7.660444e-01  0.000000e+00
   outer loop
     vertex -4.887513e+01  2.872537e+01  0.000000e+00
     vertex -4.894007e+01  2.867089e+01  2.000000e+00
     vertex -4.887513e+01  2.872537e+01  2.000000e+00
   endloop
 endfacet
 facet normal -6.427876e-01  7.660444e-01  0.000000e+00
   outer loop
     vertex -4.887513e+01  2.872537e+01  0.000000e+00
     vertex -4.894007e+01  2.867089e+01  0.000000e+00
     vertex -4.894007e+01  2.867089e+01  2.000000e+00
   endloop
 endfacet
 facet normal -6.801727e-01  7.330519e-01  0.000000e+00
   outer loop
     vertex -4.881300e+01  2.878303e+01  0.000000e+00
     vertex -4.887513e+01  2.872537e+01  2.000000e+00
     vertex -4.881300e+01  2.878303e+01  2.000000e+00
   endloop
 endfacet
 facet normal -6.801727e-01  7.330519e-01  0.000000e+00
   outer loop
     vertex -4.881300e+01  2.878303e+01  0.000000e+00
     vertex -4.887513e+01  2.872537e+01  0.000000e+00
     vertex -4.887513e+01  2.872537e+01  2.000000e+00
   endloop
 endfacet
 facet normal -7.158668e-01  6.982368e-01  0.000000e+00
   outer loop
     vertex -4.875381e+01  2.884371e+01  0.000000e+00
     vertex -4.881300e+01  2.878303e+01  2.000000e+00
     vertex -4.875381e+01  2.884371e+01  2.000000e+00
   endloop
 endfacet
 facet normal -7.158668e-01  6.982368e-01  0.000000e+00
   outer loop
     vertex -4.875381e+01  2.884371e+01  0.000000e+00
     vertex -4.881300e+01  2.878303e+01  0.000000e+00
     vertex -4.881300e+01  2.878303e+01  2.000000e+00
   endloop
 endfacet
 facet normal -7.497812e-01  6.616858e-01  0.000000e+00
   outer loop
     vertex -4.869772e+01  2.890726e+01  0.000000e+00
     vertex -4.875381e+01  2.884371e+01  2.000000e+00
     vertex -4.869772e+01  2.890726e+01  2.000000e+00
   endloop
 endfacet
 facet normal -7.497812e-01  6.616858e-01  0.000000e+00
   outer loop
     vertex -4.869772e+01  2.890726e+01  0.000000e+00
     vertex -4.875381e+01  2.884371e+01  0.000000e+00
     vertex -4.875381e+01  2.884371e+01  2.000000e+00
   endloop
 endfacet
 facet normal -7.818315e-01  6.234898e-01  0.000000e+00
   outer loop
     vertex -4.864487e+01  2.897353e+01  0.000000e+00
     vertex -4.869772e+01  2.890726e+01  0.000000e+00
     vertex -4.869772e+01  2.890726e+01  2.000000e+00
   endloop
 endfacet
 facet normal -7.818315e-01  6.234898e-01  0.000000e+00
   outer loop
     vertex -4.864487e+01  2.897353e+01  0.000000e+00
     vertex -4.869772e+01  2.890726e+01  2.000000e+00
     vertex -4.864487e+01  2.897353e+01  2.000000e+00
   endloop
 endfacet
 facet normal -8.119380e-01  5.837437e-01  0.000000e+00
   outer loop
     vertex -4.859539e+01  2.904236e+01  0.000000e+00
     vertex -4.864487e+01  2.897353e+01  0.000000e+00
     vertex -4.864487e+01  2.897353e+01  2.000000e+00
   endloop
 endfacet
 facet normal -8.119380e-01  5.837437e-01  0.000000e+00
   outer loop
     vertex -4.859539e+01  2.904236e+01  0.000000e+00
     vertex -4.864487e+01  2.897353e+01  2.000000e+00
     vertex -4.859539e+01  2.904236e+01  2.000000e+00
   endloop
 endfacet
 facet normal -8.400259e-01  5.425463e-01  0.000000e+00
   outer loop
     vertex -4.854941e+01  2.911356e+01  0.000000e+00
     vertex -4.859539e+01  2.904236e+01  0.000000e+00
     vertex -4.859539e+01  2.904236e+01  2.000000e+00
   endloop
 endfacet
 facet normal -8.400259e-01  5.425463e-01  0.000000e+00
   outer loop
     vertex -4.854941e+01  2.911356e+01  0.000000e+00
     vertex -4.859539e+01  2.904236e+01  2.000000e+00
     vertex -4.854941e+01  2.911356e+01  2.000000e+00
   endloop
 endfacet
 facet normal -8.660254e-01  5.000000e-01  0.000000e+00
   outer loop
     vertex -4.850702e+01  2.918697e+01  0.000000e+00
     vertex -4.854941e+01  2.911356e+01  0.000000e+00
     vertex -4.854941e+01  2.911356e+01  2.000000e+00
   endloop
 endfacet
 facet normal -8.660254e-01  5.000000e-01  0.000000e+00
   outer loop
     vertex -4.850702e+01  2.918697e+01  0.000000e+00
     vertex -4.854941e+01  2.911356e+01  2.000000e+00
     vertex -4.850702e+01  2.918697e+01  2.000000e+00
   endloop
 endfacet
 facet normal -8.898718e-01  4.562107e-01  0.000000e+00
   outer loop
     vertex -4.846835e+01  2.926240e+01  0.000000e+00
     vertex -4.850702e+01  2.918697e+01  0.000000e+00
     vertex -4.850702e+01  2.918697e+01  2.000000e+00
   endloop
 endfacet
 facet normal -8.898718e-01  4.562107e-01  0.000000e+00
   outer loop
     vertex -4.846835e+01  2.926240e+01  0.000000e+00
     vertex -4.850702e+01  2.918697e+01  2.000000e+00
     vertex -4.846835e+01  2.926240e+01  2.000000e+00
   endloop
 endfacet
 facet normal -9.115059e-01  4.112871e-01  0.000000e+00
   outer loop
     vertex -4.843349e+01  2.933966e+01  0.000000e+00
     vertex -4.846835e+01  2.926240e+01  0.000000e+00
     vertex -4.846835e+01  2.926240e+01  2.000000e+00
   endloop
 endfacet
 facet normal -9.115059e-01  4.112871e-01  0.000000e+00
   outer loop
     vertex -4.843349e+01  2.933966e+01  0.000000e+00
     vertex -4.846835e+01  2.926240e+01  2.000000e+00
     vertex -4.843349e+01  2.933966e+01  2.000000e+00
   endloop
 endfacet
 facet normal -9.308737e-01  3.653410e-01  0.000000e+00
   outer loop
     vertex -4.840252e+01  2.941857e+01  0.000000e+00
     vertex -4.843349e+01  2.933966e+01  0.000000e+00
     vertex -4.843349e+01  2.933966e+01  2.000000e+00
   endloop
 endfacet
 facet normal -9.308737e-01  3.653410e-01  0.000000e+00
   outer loop
     vertex -4.840252e+01  2.941857e+01  0.000000e+00
     vertex -4.843349e+01  2.933966e+01  2.000000e+00
     vertex -4.840252e+01  2.941857e+01  2.000000e+00
   endloop
 endfacet
 facet normal -9.479273e-01  3.184867e-01  0.000000e+00
   outer loop
     vertex -4.837553e+01  2.949892e+01  0.000000e+00
     vertex -4.840252e+01  2.941857e+01  2.000000e+00
     vertex -4.837553e+01  2.949892e+01  2.000000e+00
   endloop
 endfacet
 facet normal -9.479273e-01  3.184867e-01  0.000000e+00
   outer loop
     vertex -4.837553e+01  2.949892e+01  0.000000e+00
     vertex -4.840252e+01  2.941857e+01  0.000000e+00
     vertex -4.840252e+01  2.941857e+01  2.000000e+00
   endloop
 endfacet
 facet normal -9.626242e-01  2.708405e-01  0.000000e+00
   outer loop
     vertex -4.835257e+01  2.958051e+01  0.000000e+00
     vertex -4.837553e+01  2.949892e+01  0.000000e+00
     vertex -4.837553e+01  2.949892e+01  2.000000e+00
   endloop
 endfacet
 facet normal -9.626242e-01  2.708405e-01  0.000000e+00
   outer loop
     vertex -4.835257e+01  2.958051e+01  0.000000e+00
     vertex -4.837553e+01  2.949892e+01  2.000000e+00
     vertex -4.835257e+01  2.958051e+01  2.000000e+00
   endloop
 endfacet
 facet normal -9.749279e-01  2.225209e-01  0.000000e+00
   outer loop
     vertex -4.833371e+01  2.966315e+01  0.000000e+00
     vertex -4.835257e+01  2.958051e+01  2.000000e+00
     vertex -4.833371e+01  2.966315e+01  2.000000e+00
   endloop
 endfacet
 facet normal -9.749279e-01  2.225209e-01  0.000000e+00
   outer loop
     vertex -4.833371e+01  2.966315e+01  0.000000e+00
     vertex -4.835257e+01  2.958051e+01  0.000000e+00
     vertex -4.835257e+01  2.958051e+01  2.000000e+00
   endloop
 endfacet
 facet normal -9.848078e-01  1.736482e-01  0.000000e+00
   outer loop
     vertex -4.831899e+01  2.974663e+01  0.000000e+00
     vertex -4.833371e+01  2.966315e+01  2.000000e+00
     vertex -4.831899e+01  2.974663e+01  2.000000e+00
   endloop
 endfacet
 facet normal -9.848078e-01  1.736482e-01  0.000000e+00
   outer loop
     vertex -4.831899e+01  2.974663e+01  0.000000e+00
     vertex -4.833371e+01  2.966315e+01  0.000000e+00
     vertex -4.833371e+01  2.966315e+01  2.000000e+00
   endloop
 endfacet
 facet normal -9.922392e-01  1.243437e-01  0.000000e+00
   outer loop
     vertex -4.830845e+01  2.983073e+01  0.000000e+00
     vertex -4.831899e+01  2.974663e+01  2.000000e+00
     vertex -4.830845e+01  2.983073e+01  2.000000e+00
   endloop
 endfacet
 facet normal -9.922392e-01  1.243437e-01  0.000000e+00
   outer loop
     vertex -4.830845e+01  2.983073e+01  0.000000e+00
     vertex -4.831899e+01  2.974663e+01  0.000000e+00
     vertex -4.831899e+01  2.974663e+01  2.000000e+00
   endloop
 endfacet
 facet normal -9.972038e-01  7.473009e-02  0.000000e+00
   outer loop
     vertex -4.830211e+01  2.991526e+01  0.000000e+00
     vertex -4.830845e+01  2.983073e+01  2.000000e+00
     vertex -4.830211e+01  2.991526e+01  2.000000e+00
   endloop
 endfacet
 facet normal -9.972038e-01  7.473009e-02  0.000000e+00
   outer loop
     vertex -4.830211e+01  2.991526e+01  0.000000e+00
     vertex -4.830845e+01  2.983073e+01  0.000000e+00
     vertex -4.830845e+01  2.983073e+01  2.000000e+00
   endloop
 endfacet
 facet normal -9.996892e-01  2.493069e-02  0.000000e+00
   outer loop
     vertex -4.830000e+01  3.000000e+01  0.000000e+00
     vertex -4.830211e+01  2.991526e+01  2.000000e+00
     vertex -4.830000e+01  3.000000e+01  2.000000e+00
   endloop
 endfacet
 facet normal -9.996892e-01  2.493069e-02  0.000000e+00
   outer loop
     vertex -4.830000e+01  3.000000e+01  0.000000e+00
     vertex -4.830211e+01  2.991526e+01  0.000000e+00
     vertex -4.830211e+01  2.991526e+01  2.000000e+00
   endloop
 endfacet
 facet normal -9.996892e-01 -2.493069e-02  0.000000e+00
   outer loop
     vertex  5.169789e+01  3.008474e+01  0.000000e+00
     vertex  5.170000e+01  3.000000e+01  0.000000e+00
     vertex  5.170000e+01  3.000000e+01  2.000000e+00
   endloop
 endfacet
 facet normal -9.996892e-01 -2.493069e-02  0.000000e+00
   outer loop
     vertex  5.169789e+01  3.008474e+01  0.000000e+00
     vertex  5.170000e+01  3.000000e+01  2.000000e+00
     vertex  5.169789e+01  3.008474e+01  2.000000e+00
   endloop
 endfacet
 facet normal -9.972038e-01 -7.473009e-02  0.000000e+00
   outer loop
     vertex  5.169155e+01  3.016927e+01  0.000000e+00
     vertex  5.169789e+01  3.008474e+01  2.000000e+00
     vertex  5.169155e+01  3.016927e+01  2.000000e+00
   endloop
 endfacet
 facet normal -9.972038e-01 -7.473009e-02  0.000000e+00
   outer loop
     vertex  5.169155e+01  3.016927e+01  0.000000e+00
     vertex  5.169789e+01  3.008474e+01  0.000000e+00
     vertex  5.169789e+01  3.008474e+01  2.000000e+00
   endloop
 endfacet
 facet normal -9.922392e-01 -1.243437e-01  0.000000e+00
   outer loop
     vertex  5.168101e+01  3.025337e+01  0.000000e+00
     vertex  5.169155e+01  3.016927e+01  2.000000e+00
     vertex  5.168101e+01  3.025337e+01  2.000000e+00
   endloop
 endfacet
 facet normal -9.922392e-01 -1.243437e-01  0.000000e+00
   outer loop
     vertex  5.168101e+01  3.025337e+01  0.000000e+00
     vertex  5.169155e+01  3.016927e+01  0.000000e+00
     vertex  5.169155e+01  3.016927e+01  2.000000e+00
   endloop
 endfacet
 facet normal -9.848078e-01 -1.736482e-01  0.000000e+00
   outer loop
     vertex  5.166629e+01  3.033685e+01  0.000000e+00
     vertex  5.168101e+01  3.025337e+01  2.000000e+00
     vertex  5.166629e+01  3.033685e+01  2.000000e+00
   endloop
 endfacet
 facet normal -9.848078e-01 -1.736482e-01  0.000000e+00
   outer loop
     vertex  5.166629e+01  3.033685e+01  0.000000e+00
     vertex  5.168101e+01  3.025337e+01  0.000000e+00
     vertex  5.168101e+01  3.025337e+01  2.000000e+00
   endloop
 endfacet
 facet normal -9.749279e-01 -2.225209e-01  0.000000e+00
   outer loop
     vertex  5.164743e+01  3.041949e+01  0.000000e+00
     vertex  5.166629e+01  3.033685e+01  2.000000e+00
     vertex  5.164743e+01  3.041949e+01  2.000000e+00
   endloop
 endfacet
 facet normal -9.749279e-01 -2.225209e-01  0.000000e+00
   outer loop
     vertex  5.164743e+01  3.041949e+01  0.000000e+00
     vertex  5.166629e+01  3.033685e+01  0.000000e+00
     vertex  5.166629e+01  3.033685e+01  2.000000e+00
   endloop
 endfacet
 facet normal -9.479273e-01 -3.184867e-01  0.000000e+00
   outer loop
     vertex  5.162447e+01  3.050108e+01  0.000000e+00
     vertex  5.162447e+01  3.050108e+01  2.000000e+00
     vertex  5.159748e+01  3.058143e+01  2.000000e+00
   endloop
 endfacet
 facet normal -9.626242e-01 -2.708405e-01  0.000000e+00
   outer loop
     vertex  5.162447e+01  3.050108e+01  0.000000e+00
     vertex  5.164743e+01  3.041949e+01  2.000000e+00
     vertex  5.162447e+01  3.050108e+01  2.000000e+00
   endloop
 endfacet
 facet normal -9.626242e-01 -2.708405e-01  0.000000e+00
   outer loop
     vertex  5.162447e+01  3.050108e+01  0.000000e+00
     vertex  5.164743e+01  3.041949e+01  0.000000e+00
     vertex  5.164743e+01  3.041949e+01  2.000000e+00
   endloop
 endfacet
 facet normal -9.479273e-01 -3.184867e-01  0.000000e+00
   outer loop
     vertex  5.159748e+01  3.058143e+01  0.000000e+00
     vertex  5.162447e+01  3.050108e+01  0.000000e+00
     vertex  5.159748e+01  3.058143e+01  2.000000e+00
   endloop
 endfacet
 facet normal -9.115059e-01 -4.112871e-01  0.000000e+00
   outer loop
     vertex  5.156651e+01  3.066034e+01  0.000000e+00
     vertex  5.156651e+01  3.066034e+01  2.000000e+00
     vertex  5.153165e+01  3.073760e+01  2.000000e+00
   endloop
 endfacet
 facet normal -9.308737e-01 -3.653410e-01  0.000000e+00
   outer loop
     vertex  5.156651e+01  3.066034e+01  0.000000e+00
     vertex  5.159748e+01  3.058143e+01  2.000000e+00
     vertex  5.156651e+01  3.066034e+01  2.000000e+00
   endloop
 endfacet
 facet normal -9.308737e-01 -3.653410e-01  0.000000e+00
   outer loop
     vertex  5.156651e+01  3.066034e+01  0.000000e+00
     vertex  5.159748e+01  3.058143e+01  0.000000e+00
     vertex  5.159748e+01  3.058143e+01  2.000000e+00
   endloop
 endfacet
 facet normal -9.115059e-01 -4.112871e-01  0.000000e+00
   outer loop
     vertex  5.153165e+01  3.073760e+01  0.000000e+00
     vertex  5.156651e+01  3.066034e+01  0.000000e+00
     vertex  5.153165e+01  3.073760e+01  2.000000e+00
   endloop
 endfacet
 facet normal -8.898718e-01 -4.562107e-01  0.000000e+00
   outer loop
     vertex  5.149298e+01  3.081303e+01  0.000000e+00
     vertex  5.153165e+01  3.073760e+01  2.000000e+00
     vertex  5.149298e+01  3.081303e+01  2.000000e+00
   endloop
 endfacet
 facet normal -8.898718e-01 -4.562107e-01  0.000000e+00
   outer loop
     vertex  5.149298e+01  3.081303e+01  0.000000e+00
     vertex  5.153165e+01  3.073760e+01  0.000000e+00
     vertex  5.153165e+01  3.073760e+01  2.000000e+00
   endloop
 endfacet
 facet normal -8.660254e-01 -5.000000e-01  0.000000e+00
   outer loop
     vertex  5.145059e+01  3.088644e+01  0.000000e+00
     vertex  5.149298e+01  3.081303e+01  0.000000e+00
     vertex  5.149298e+01  3.081303e+01  2.000000e+00
   endloop
 endfacet
 facet normal -8.660254e-01 -5.000000e-01  0.000000e+00
   outer loop
     vertex  5.145059e+01  3.088644e+01  0.000000e+00
     vertex  5.149298e+01  3.081303e+01  2.000000e+00
     vertex  5.145059e+01  3.088644e+01  2.000000e+00
   endloop
 endfacet
 facet normal -8.400259e-01 -5.425463e-01  0.000000e+00
   outer loop
     vertex  5.140461e+01  3.095764e+01  0.000000e+00
     vertex  5.145059e+01  3.088644e+01  0.000000e+00
     vertex  5.145059e+01  3.088644e+01  2.000000e+00
   endloop
 endfacet
 facet normal -8.119380e-01 -5.837437e-01  0.000000e+00
   outer loop
     vertex  5.140461e+01  3.095764e+01  0.000000e+00
     vertex  5.140461e+01  3.095764e+01  2.000000e+00
     vertex  5.135513e+01  3.102647e+01  2.000000e+00
   endloop
 endfacet
 facet normal -8.400259e-01 -5.425463e-01  0.000000e+00
   outer loop
     vertex  5.140461e+01  3.095764e+01  0.000000e+00
     vertex  5.145059e+01  3.088644e+01  2.000000e+00
     vertex  5.140461e+01  3.095764e+01  2.000000e+00
   endloop
 endfacet
 facet normal -8.119380e-01 -5.837437e-01  0.000000e+00
   outer loop
     vertex  5.135513e+01  3.102647e+01  0.000000e+00
     vertex  5.140461e+01  3.095764e+01  0.000000e+00
     vertex  5.135513e+01  3.102647e+01  2.000000e+00
   endloop
 endfacet
 facet normal -7.818315e-01 -6.234898e-01  0.000000e+00
   outer loop
     vertex  5.130228e+01  3.109274e+01  0.000000e+00
     vertex  5.135513e+01  3.102647e+01  0.000000e+00
     vertex  5.135513e+01  3.102647e+01  2.000000e+00
   endloop
 endfacet
 facet normal -7.818315e-01 -6.234898e-01  0.000000e+00
   outer loop
     vertex  5.130228e+01  3.109274e+01  0.000000e+00
     vertex  5.135513e+01  3.102647e+01  2.000000e+00
     vertex  5.130228e+01  3.109274e+01  2.000000e+00
   endloop
 endfacet
 facet normal -7.497812e-01 -6.616858e-01  0.000000e+00
   outer loop
     vertex  5.124619e+01  3.115629e+01  0.000000e+00
     vertex  5.130228e+01  3.109274e+01  0.000000e+00
     vertex  5.130228e+01  3.109274e+01  2.000000e+00
   endloop
 endfacet
 facet normal -7.497812e-01 -6.616858e-01  0.000000e+00
   outer loop
     vertex  5.124619e+01  3.115629e+01  0.000000e+00
     vertex  5.130228e+01  3.109274e+01  2.000000e+00
     vertex  5.124619e+01  3.115629e+01  2.000000e+00
   endloop
 endfacet
 facet normal -7.158668e-01 -6.982368e-01  0.000000e+00
   outer loop
     vertex  5.118700e+01  3.121697e+01  0.000000e+00
     vertex  5.124619e+01  3.115629e+01  0.000000e+00
     vertex  5.124619e+01  3.115629e+01  2.000000e+00
   endloop
 endfacet
 facet normal -6.801727e-01 -7.330519e-01  0.000000e+00
   outer loop
     vertex  5.118700e+01  3.121697e+01  0.000000e+00
     vertex  5.118700e+01  3.121697e+01  2.000000e+00
     vertex  5.112487e+01  3.127463e+01  2.000000e+00
   endloop
 endfacet
 facet normal -7.158668e-01 -6.982368e-01  0.000000e+00
   outer loop
     vertex  5.118700e+01  3.121697e+01  0.000000e+00
     vertex  5.124619e+01  3.115629e+01  2.000000e+00
     vertex  5.118700e+01  3.121697e+01  2.000000e+00
   endloop
 endfacet
 facet normal -6.801727e-01 -7.330519e-01  0.000000e+00
   outer loop
     vertex  5.112487e+01  3.127463e+01  0.000000e+00
     vertex  5.118700e+01  3.121697e+01  0.000000e+00
     vertex  5.112487e+01  3.127463e+01  2.000000e+00
   endloop
 endfacet
 facet normal -6.427876e-01 -7.660444e-01  0.000000e+00
   outer loop
     vertex  5.105993e+01  3.132911e+01  0.000000e+00
     vertex  5.112487e+01  3.127463e+01  0.000000e+00
     vertex  5.112487e+01  3.127463e+01  2.000000e+00
   endloop
 endfacet
 facet normal -6.427876e-01 -7.660444e-01  0.000000e+00
   outer loop
     vertex  5.105993e+01  3.132911e+01  0.000000e+00
     vertex  5.112487e+01  3.127463e+01  2.000000e+00
     vertex  5.105993e+01  3.132911e+01  2.000000e+00
   endloop
 endfacet
 facet normal -5.633201e-01 -8.262388e-01  0.000000e+00
   outer loop
     vertex  5.099236e+01  3.138029e+01  0.000000e+00
     vertex  5.099236e+01  3.138029e+01  2.000000e+00
     vertex  5.092233e+01  3.142804e+01  2.000000e+00
   endloop
 endfacet
 facet normal -6.038044e-01 -7.971325e-01  0.000000e+00
   outer loop
     vertex  5.099236e+01  3.138029e+01  0.000000e+00
     vertex  5.105993e+01  3.132911e+01  2.000000e+00
     vertex  5.099236e+01  3.138029e+01  2.000000e+00
   endloop
 endfacet
 facet normal -6.038044e-01 -7.971325e-01  0.000000e+00
   outer loop
     vertex  5.099236e+01  3.138029e+01  0.000000e+00
     vertex  5.105993e+01  3.132911e+01  0.000000e+00
     vertex  5.105993e+01  3.132911e+01  2.000000e+00
   endloop
 endfacet
 facet normal -5.633201e-01 -8.262388e-01  0.000000e+00
   outer loop
     vertex  5.092233e+01  3.142804e+01  0.000000e+00
     vertex  5.099236e+01  3.138029e+01  0.000000e+00
     vertex  5.092233e+01  3.142804e+01  2.000000e+00
   endloop
 endfacet
 facet normal -5.214352e-01 -8.532909e-01  0.000000e+00
   outer loop
     vertex  5.085000e+01  3.147224e+01  0.000000e+00
     vertex  5.092233e+01  3.142804e+01  2.000000e+00
     vertex  5.085000e+01  3.147224e+01  2.000000e+00
   endloop
 endfacet
 facet normal -5.214352e-01 -8.532909e-01  0.000000e+00
   outer loop
     vertex  5.085000e+01  3.147224e+01  0.000000e+00
     vertex  5.092233e+01  3.142804e+01  0.000000e+00
     vertex  5.092233e+01  3.142804e+01  2.000000e+00
   endloop
 endfacet
 facet normal -4.782540e-01 -8.782216e-01  0.000000e+00
   outer loop
     vertex  5.077556e+01  3.151278e+01  0.000000e+00
     vertex  5.085000e+01  3.147224e+01  2.000000e+00
     vertex  5.077556e+01  3.151278e+01  2.000000e+00
   endloop
 endfacet
 facet normal -4.782540e-01 -8.782216e-01  0.000000e+00
   outer loop
     vertex  5.077556e+01  3.151278e+01  0.000000e+00
     vertex  5.085000e+01  3.147224e+01  0.000000e+00
     vertex  5.085000e+01  3.147224e+01  2.000000e+00
   endloop
 endfacet
 facet normal -4.338837e-01 -9.009689e-01  0.000000e+00
   outer loop
     vertex  5.069919e+01  3.154956e+01  0.000000e+00
     vertex  5.077556e+01  3.151278e+01  2.000000e+00
     vertex  5.069919e+01  3.154956e+01  2.000000e+00
   endloop
 endfacet
 facet normal -4.338837e-01 -9.009689e-01  0.000000e+00
   outer loop
     vertex  5.069919e+01  3.154956e+01  0.000000e+00
     vertex  5.077556e+01  3.151278e+01  0.000000e+00
     vertex  5.077556e+01  3.151278e+01  2.000000e+00
   endloop
 endfacet
 facet normal -3.884348e-01 -9.214762e-01  0.000000e+00
   outer loop
     vertex  5.062108e+01  3.158249e+01  0.000000e+00
     vertex  5.069919e+01  3.154956e+01  2.000000e+00
     vertex  5.062108e+01  3.158249e+01  2.000000e+00
   endloop
 endfacet
 facet normal -3.884348e-01 -9.214762e-01  0.000000e+00
   outer loop
     vertex  5.062108e+01  3.158249e+01  0.000000e+00
     vertex  5.069919e+01  3.154956e+01  0.000000e+00
     vertex  5.069919e+01  3.154956e+01  2.000000e+00
   endloop
 endfacet
 facet normal -3.420201e-01 -9.396926e-01  0.000000e+00
   outer loop
     vertex  5.054143e+01  3.161148e+01  0.000000e+00
     vertex  5.062108e+01  3.158249e+01  2.000000e+00
     vertex  5.054143e+01  3.161148e+01  2.000000e+00
   endloop
 endfacet
 facet normal -3.420201e-01 -9.396926e-01  0.000000e+00
   outer loop
     vertex  5.054143e+01  3.161148e+01  0.000000e+00
     vertex  5.062108e+01  3.158249e+01  0.000000e+00
     vertex  5.062108e+01  3.158249e+01  2.000000e+00
   endloop
 endfacet
 facet normal -2.947552e-01 -9.555728e-01  0.000000e+00
   outer loop
     vertex  5.046043e+01  3.163646e+01  0.000000e+00
     vertex  5.054143e+01  3.161148e+01  2.000000e+00
     vertex  5.046043e+01  3.163646e+01  2.000000e+00
   endloop
 endfacet
 facet normal -2.947552e-01 -9.555728e-01  0.000000e+00
   outer loop
     vertex  5.046043e+01  3.163646e+01  0.000000e+00
     vertex  5.054143e+01  3.161148e+01  0.000000e+00
     vertex  5.054143e+01  3.161148e+01  2.000000e+00
   endloop
 endfacet
 facet normal -2.467574e-01 -9.690773e-01  0.000000e+00
   outer loop
     vertex  5.037829e+01  3.165738e+01  0.000000e+00
     vertex  5.046043e+01  3.163646e+01  2.000000e+00
     vertex  5.037829e+01  3.165738e+01  2.000000e+00
   endloop
 endfacet
 facet normal -2.467574e-01 -9.690773e-01  0.000000e+00
   outer loop
     vertex  5.037829e+01  3.165738e+01  0.000000e+00
     vertex  5.046043e+01  3.163646e+01  0.000000e+00
     vertex  5.046043e+01  3.163646e+01  2.000000e+00
   endloop
 endfacet
 facet normal -1.981461e-01 -9.801725e-01  0.000000e+00
   outer loop
     vertex  5.029520e+01  3.167417e+01  0.000000e+00
     vertex  5.037829e+01  3.165738e+01  2.000000e+00
     vertex  5.029520e+01  3.167417e+01  2.000000e+00
   endloop
 endfacet
 facet normal -1.981461e-01 -9.801725e-01  0.000000e+00
   outer loop
     vertex  5.029520e+01  3.167417e+01  0.000000e+00
     vertex  5.037829e+01  3.165738e+01  0.000000e+00
     vertex  5.037829e+01  3.165738e+01  2.000000e+00
   endloop
 endfacet
 facet normal -1.490423e-01 -9.888308e-01  0.000000e+00
   outer loop
     vertex  5.021138e+01  3.168681e+01  0.000000e+00
     vertex  5.029520e+01  3.167417e+01  2.000000e+00
     vertex  5.021138e+01  3.168681e+01  2.000000e+00
   endloop
 endfacet
 facet normal -1.490423e-01 -9.888308e-01  0.000000e+00
   outer loop
     vertex  5.021138e+01  3.168681e+01  0.000000e+00
     vertex  5.029520e+01  3.167417e+01  0.000000e+00
     vertex  5.029520e+01  3.167417e+01  2.000000e+00
   endloop
 endfacet
 facet normal -4.984589e-02 -9.987569e-01  0.000000e+00
   outer loop
     vertex  5.012704e+01  3.169525e+01  0.000000e+00
     vertex  5.012704e+01  3.169525e+01  2.000000e+00
     vertex  5.004238e+01  3.169947e+01  2.000000e+00
   endloop
 endfacet
 facet normal -9.956785e-02 -9.950308e-01  0.000000e+00
   outer loop
     vertex  5.012704e+01  3.169525e+01  0.000000e+00
     vertex  5.021138e+01  3.168681e+01  2.000000e+00
     vertex  5.012704e+01  3.169525e+01  2.000000e+00
   endloop
 endfacet
 facet normal -9.956785e-02 -9.950308e-01  0.000000e+00
   outer loop
     vertex  5.012704e+01  3.169525e+01  0.000000e+00
     vertex  5.021138e+01  3.168681e+01  0.000000e+00
     vertex  5.021138e+01  3.168681e+01  2.000000e+00
   endloop
 endfacet
 facet normal -4.984589e-02 -9.987569e-01  0.000000e+00
   outer loop
     vertex  5.004238e+01  3.169947e+01  0.000000e+00
     vertex  5.012704e+01  3.169525e+01  0.000000e+00
     vertex  5.004238e+01  3.169947e+01  2.000000e+00
   endloop
 endfacet
 facet normal  0.000000e+00 -1.000000e+00  0.000000e+00
   outer loop
     vertex  4.995762e+01  3.169947e+01  0.000000e+00
     vertex  5.004238e+01  3.169947e+01  2.000000e+00
     vertex  4.995762e+01  3.169947e+01  2.000000e+00
   endloop
 endfacet
 facet normal  0.000000e+00 -1.000000e+00  0.000000e+00
   outer loop
     vertex  4.995762e+01  3.169947e+01  0.000000e+00
     vertex  5.004238e+01  3.169947e+01  0.000000e+00
     vertex  5.004238e+01  3.169947e+01  2.000000e+00
   endloop
 endfacet
 facet normal  4.984589e-02 -9.987569e-01  0.000000e+00
   outer loop
     vertex  4.987296e+01  3.169525e+01  0.000000e+00
     vertex  4.995762e+01  3.169947e+01  2.000000e+00
     vertex  4.987296e+01  3.169525e+01  2.000000e+00
   endloop
 endfacet
 facet normal  4.984589e-02 -9.987569e-01  0.000000e+00
   outer loop
     vertex  4.987296e+01  3.169525e+01  0.000000e+00
     vertex  4.995762e+01  3.169947e+01  0.000000e+00
     vertex  4.995762e+01  3.169947e+01  2.000000e+00
   endloop
 endfacet
 facet normal  9.956785e-02 -9.950308e-01  0.000000e+00
   outer loop
     vertex  4.978862e+01  3.168681e+01  0.000000e+00
     vertex  4.987296e+01  3.169525e+01  2.000000e+00
     vertex  4.978862e+01  3.168681e+01  2.000000e+00
   endloop
 endfacet
 facet normal  9.956785e-02 -9.950308e-01  0.000000e+00
   outer loop
     vertex  4.978862e+01  3.168681e+01  0.000000e+00
     vertex  4.987296e+01  3.169525e+01  0.000000e+00
     vertex  4.987296e+01  3.169525e+01  2.000000e+00
   endloop
 endfacet
 facet normal  1.981461e-01 -9.801725e-01  0.000000e+00
   outer loop
     vertex  4.970480e+01  3.167417e+01  0.000000e+00
     vertex  4.970480e+01  3.167417e+01  2.000000e+00
     vertex  4.962171e+01  3.165738e+01  2.000000e+00
   endloop
 endfacet
 facet normal  1.490423e-01 -9.888308e-01  0.000000e+00
   outer loop
     vertex  4.970480e+01  3.167417e+01  0.000000e+00
     vertex  4.978862e+01  3.168681e+01  2.000000e+00
     vertex  4.970480e+01  3.167417e+01  2.000000e+00
   endloop
 endfacet
 facet normal  1.490423e-01 -9.888308e-01  0.000000e+00
   outer loop
     vertex  4.970480e+01  3.167417e+01  0.000000e+00
     vertex  4.978862e+01  3.168681e+01  0.000000e+00
     vertex  4.978862e+01  3.168681e+01  2.000000e+00
   endloop
 endfacet
 facet normal  1.981461e-01 -9.801725e-01  0.000000e+00
   outer loop
     vertex  4.962171e+01  3.165738e+01  0.000000e+00
     vertex  4.970480e+01  3.167417e+01  0.000000e+00
     vertex  4.962171e+01  3.165738e+01  2.000000e+00
   endloop
 endfacet
 facet normal  2.467574e-01 -9.690773e-01  0.000000e+00
   outer loop
     vertex  4.953957e+01  3.163646e+01  0.000000e+00
     vertex  4.962171e+01  3.165738e+01  0.000000e+00
     vertex  4.962171e+01  3.165738e+01  2.000000e+00
   endloop
 endfacet
 facet normal  2.467574e-01 -9.690773e-01  0.000000e+00
   outer loop
     vertex  4.953957e+01  3.163646e+01  0.000000e+00
     vertex  4.962171e+01  3.165738e+01  2.000000e+00
     vertex  4.953957e+01  3.163646e+01  2.000000e+00
   endloop
 endfacet
 facet normal  2.947552e-01 -9.555728e-01  0.000000e+00
   outer loop
     vertex  4.945857e+01  3.161148e+01  0.000000e+00
     vertex  4.953957e+01  3.163646e+01  0.000000e+00
     vertex  4.953957e+01  3.163646e+01  2.000000e+00
   endloop
 endfacet
 facet normal  2.947552e-01 -9.555728e-01  0.000000e+00
   outer loop
     vertex  4.945857e+01  3.161148e+01  0.000000e+00
     vertex  4.953957e+01  3.163646e+01  2.000000e+00
     vertex  4.945857e+01  3.161148e+01  2.000000e+00
   endloop
 endfacet
 facet normal  3.420201e-01 -9.396926e-01  0.000000e+00
   outer loop
     vertex  4.937892e+01  3.158249e+01  0.000000e+00
     vertex  4.945857e+01  3.161148e+01  2.000000e+00
     vertex  4.937892e+01  3.158249e+01  2.000000e+00
   endloop
 endfacet
 facet normal  3.420201e-01 -9.396926e-01  0.000000e+00
   outer loop
     vertex  4.937892e+01  3.158249e+01  0.000000e+00
     vertex  4.945857e+01  3.161148e+01  0.000000e+00
     vertex  4.945857e+01  3.161148e+01  2.000000e+00
   endloop
 endfacet
 facet normal  3.884348e-01 -9.214762e-01  0.000000e+00
   outer loop
     vertex  4.930081e+01  3.154956e+01  0.000000e+00
     vertex  4.937892e+01  3.158249e+01  2.000000e+00
     vertex  4.930081e+01  3.154956e+01  2.000000e+00
   endloop
 endfacet
 facet normal  3.884348e-01 -9.214762e-01  0.000000e+00
   outer loop
     vertex  4.930081e+01  3.154956e+01  0.000000e+00
     vertex  4.937892e+01  3.158249e+01  0.000000e+00
     vertex  4.937892e+01  3.158249e+01  2.000000e+00
   endloop
 endfacet
 facet normal  4.338837e-01 -9.009689e-01  0.000000e+00
   outer loop
     vertex  4.922444e+01  3.151278e+01  0.000000e+00
     vertex  4.930081e+01  3.154956e+01  2.000000e+00
     vertex  4.922444e+01  3.151278e+01  2.000000e+00
   endloop
 endfacet
 facet normal  4.338837e-01 -9.009689e-01  0.000000e+00
   outer loop
     vertex  4.922444e+01  3.151278e+01  0.000000e+00
     vertex  4.930081e+01  3.154956e+01  0.000000e+00
     vertex  4.930081e+01  3.154956e+01  2.000000e+00
   endloop
 endfacet
 facet normal  5.214352e-01 -8.532909e-01  0.000000e+00
   outer loop
     vertex  4.915000e+01  3.147224e+01  0.000000e+00
     vertex  4.915000e+01  3.147224e+01  2.000000e+00
     vertex  4.907767e+01  3.142804e+01  2.000000e+00
   endloop
 endfacet
 facet normal  4.782540e-01 -8.782216e-01  0.000000e+00
   outer loop
     vertex  4.915000e+01  3.147224e+01  0.000000e+00
     vertex  4.922444e+01  3.151278e+01  2.000000e+00
     vertex  4.915000e+01  3.147224e+01  2.000000e+00
   endloop
 endfacet
 facet normal  4.782540e-01 -8.782216e-01  0.000000e+00
   outer loop
     vertex  4.915000e+01  3.147224e+01  0.000000e+00
     vertex  4.922444e+01  3.151278e+01  0.000000e+00
     vertex  4.922444e+01  3.151278e+01  2.000000e+00
   endloop
 endfacet
 facet normal  5.214352e-01 -8.532909e-01  0.000000e+00
   outer loop
     vertex  4.907767e+01  3.142804e+01  0.000000e+00
     vertex  4.915000e+01  3.147224e+01  0.000000e+00
     vertex  4.907767e+01  3.142804e+01  2.000000e+00
   endloop
 endfacet
 facet normal  6.038044e-01 -7.971325e-01  0.000000e+00
   outer loop
     vertex  4.900764e+01  3.138029e+01  0.000000e+00
     vertex  4.900764e+01  3.138029e+01  2.000000e+00
     vertex  4.894007e+01  3.132911e+01  2.000000e+00
   endloop
 endfacet
 facet normal  5.633201e-01 -8.262388e-01  0.000000e+00
   outer loop
     vertex  4.900764e+01  3.138029e+01  0.000000e+00
     vertex  4.907767e+01  3.142804e+01  2.000000e+00
     vertex  4.900764e+01  3.138029e+01  2.000000e+00
   endloop
 endfacet
 facet normal  5.633201e-01 -8.262388e-01  0.000000e+00
   outer loop
     vertex  4.900764e+01  3.138029e+01  0.000000e+00
     vertex  4.907767e+01  3.142804e+01  0.000000e+00
     vertex  4.907767e+01  3.142804e+01  2.000000e+00
   endloop
 endfacet
 facet normal  6.038044e-01 -7.971325e-01  0.000000e+00
   outer loop
     vertex  4.894007e+01  3.132911e+01  0.000000e+00
     vertex  4.900764e+01  3.138029e+01  0.000000e+00
     vertex  4.894007e+01  3.132911e+01  2.000000e+00
   endloop
 endfacet
 facet normal  6.427876e-01 -7.660444e-01  0.000000e+00
   outer loop
     vertex  4.887513e+01  3.127463e+01  0.000000e+00
     vertex  4.894007e+01  3.132911e+01  2.000000e+00
     vertex  4.887513e+01  3.127463e+01  2.000000e+00
   endloop
 endfacet
 facet normal  6.427876e-01 -7.660444e-01  0.000000e+00
   outer loop
     vertex  4.887513e+01  3.127463e+01  0.000000e+00
     vertex  4.894007e+01  3.132911e+01  0.000000e+00
     vertex  4.894007e+01  3.132911e+01  2.000000e+00
   endloop
 endfacet
 facet normal  6.801727e-01 -7.330519e-01  0.000000e+00
   outer loop
     vertex  4.881300e+01  3.121697e+01  0.000000e+00
     vertex  4.887513e+01  3.127463e+01  2.000000e+00
     vertex  4.881300e+01  3.121697e+01  2.000000e+00
   endloop
 endfacet
 facet normal  6.801727e-01 -7.330519e-01  0.000000e+00
   outer loop
     vertex  4.881300e+01  3.121697e+01  0.000000e+00
     vertex  4.887513e+01  3.127463e+01  0.000000e+00
     vertex  4.887513e+01  3.127463e+01  2.000000e+00
   endloop
 endfacet
 facet normal  7.158668e-01 -6.982368e-01  0.000000e+00
   outer loop
     vertex  4.875381e+01  3.115629e+01  0.000000e+00
     vertex  4.881300e+01  3.121697e+01  2.000000e+00
     vertex  4.875381e+01  3.115629e+01  2.000000e+00
   endloop
 endfacet
 facet normal  7.158668e-01 -6.982368e-01  0.000000e+00
   outer loop
     vertex  4.875381e+01  3.115629e+01  0.000000e+00
     vertex  4.881300e+01  3.121697e+01  0.000000e+00
     vertex  4.881300e+01  3.121697e+01  2.000000e+00
   endloop
 endfacet
 facet normal  7.497812e-01 -6.616858e-01  0.000000e+00
   outer loop
     vertex  4.869772e+01  3.109274e+01  0.000000e+00
     vertex  4.875381e+01  3.115629e+01  2.000000e+00
     vertex  4.869772e+01  3.109274e+01  2.000000e+00
   endloop
 endfacet
 facet normal  7.497812e-01 -6.616858e-01  0.000000e+00
   outer loop
     vertex  4.869772e+01  3.109274e+01  0.000000e+00
     vertex  4.875381e+01  3.115629e+01  0.000000e+00
     vertex  4.875381e+01  3.115629e+01  2.000000e+00
   endloop
 endfacet
 facet normal  7.818315e-01 -6.234898e-01  0.000000e+00
   outer loop
     vertex  4.864487e+01  3.102647e+01  0.000000e+00
     vertex  4.869772e+01  3.109274e+01  2.000000e+00
     vertex  4.864487e+01  3.102647e+01  2.000000e+00
   endloop
 endfacet
 facet normal  7.818315e-01 -6.234898e-01  0.000000e+00
   outer loop
     vertex  4.864487e+01  3.102647e+01  0.000000e+00
     vertex  4.869772e+01  3.109274e+01  0.000000e+00
     vertex  4.869772e+01  3.109274e+01  2.000000e+00
   endloop
 endfacet
 facet normal  8.119380e-01 -5.837437e-01  0.000000e+00
   outer loop
     vertex  4.859539e+01  3.095764e+01  0.000000e+00
     vertex  4.864487e+01  3.102647e+01  2.000000e+00
     vertex  4.859539e+01  3.095764e+01  2.000000e+00
   endloop
 endfacet
 facet normal  8.119380e-01 -5.837437e-01  0.000000e+00
   outer loop
     vertex  4.859539e+01  3.095764e+01  0.000000e+00
     vertex  4.864487e+01  3.102647e+01  0.000000e+00
     vertex  4.864487e+01  3.102647e+01  2.000000e+00
   endloop
 endfacet
 facet normal  8.400259e-01 -5.425463e-01  0.000000e+00
   outer loop
     vertex  4.854941e+01  3.088644e+01  0.000000e+00
     vertex  4.859539e+01  3.095764e+01  2.000000e+00
     vertex  4.854941e+01  3.088644e+01  2.000000e+00
   endloop
 endfacet
 facet normal  8.400259e-01 -5.425463e-01  0.000000e+00
   outer loop
     vertex  4.854941e+01  3.088644e+01  0.000000e+00
     vertex  4.859539e+01  3.095764e+01  0.000000e+00
     vertex  4.859539e+01  3.095764e+01  2.000000e+00
   endloop
 endfacet
 facet normal  8.660254e-01 -5.000000e-01  0.000000e+00
   outer loop
     vertex  4.850702e+01  3.081303e+01  0.000000e+00
     vertex  4.854941e+01  3.088644e+01  0.000000e+00
     vertex  4.854941e+01  3.088644e+01  2.000000e+00
   endloop
 endfacet
 facet normal  8.660254e-01 -5.000000e-01  0.000000e+00
   outer loop
     vertex  4.850702e+01  3.081303e+01  0.000000e+00
     vertex  4.854941e+01  3.088644e+01  2.000000e+00
     vertex  4.850702e+01  3.081303e+01  2.000000e+00
   endloop
 endfacet
 facet normal  8.898718e-01 -4.562107e-01  0.000000e+00
   outer loop
     vertex  4.846835e+01  3.073760e+01  0.000000e+00
     vertex  4.850702e+01  3.081303e+01  0.000000e+00
     vertex  4.850702e+01  3.081303e+01  2.000000e+00
   endloop
 endfacet
 facet normal  8.898718e-01 -4.562107e-01  0.000000e+00
   outer loop
     vertex  4.846835e+01  3.073760e+01  0.000000e+00
     vertex  4.850702e+01  3.081303e+01  2.000000e+00
     vertex  4.846835e+01  3.073760e+01  2.000000e+00
   endloop
 endfacet
 facet normal  9.115059e-01 -4.112871e-01  0.000000e+00
   outer loop
     vertex  4.843349e+01  3.066034e+01  0.000000e+00
     vertex  4.846835e+01  3.073760e+01  0.000000e+00
     vertex  4.846835e+01  3.073760e+01  2.000000e+00
   endloop
 endfacet
 facet normal  9.115059e-01 -4.112871e-01  0.000000e+00
   outer loop
     vertex  4.843349e+01  3.066034e+01  0.000000e+00
     vertex  4.846835e+01  3.073760e+01  2.000000e+00
     vertex  4.843349e+01  3.066034e+01  2.000000e+00
   endloop
 endfacet
 facet normal  9.308737e-01 -3.653410e-01  0.000000e+00
   outer loop
     vertex  4.840252e+01  3.058143e+01  0.000000e+00
     vertex  4.843349e+01  3.066034e+01  0.000000e+00
     vertex  4.843349e+01  3.066034e+01  2.000000e+00
   endloop
 endfacet
 facet normal  9.308737e-01 -3.653410e-01  0.000000e+00
   outer loop
     vertex  4.840252e+01  3.058143e+01  0.000000e+00
     vertex  4.843349e+01  3.066034e+01  2.000000e+00
     vertex  4.840252e+01  3.058143e+01  2.000000e+00
   endloop
 endfacet
 facet normal  9.479273e-01 -3.184867e-01  0.000000e+00
   outer loop
     vertex  4.837553e+01  3.050108e+01  0.000000e+00
     vertex  4.840252e+01  3.058143e+01  0.000000e+00
     vertex  4.840252e+01  3.058143e+01  2.000000e+00
   endloop
 endfacet
 facet normal  9.479273e-01 -3.184867e-01  0.000000e+00
   outer loop
     vertex  4.837553e+01  3.050108e+01  0.000000e+00
     vertex  4.840252e+01  3.058143e+01  2.000000e+00
     vertex  4.837553e+01  3.050108e+01  2.000000e+00
   endloop
 endfacet
 facet normal  9.626242e-01 -2.708405e-01  0.000000e+00
   outer loop
     vertex  4.835257e+01  3.041949e+01  0.000000e+00
     vertex  4.837553e+01  3.050108e+01  0.000000e+00
     vertex  4.837553e+01  3.050108e+01  2.000000e+00
   endloop
 endfacet
 facet normal  9.626242e-01 -2.708405e-01  0.000000e+00
   outer loop
     vertex  4.835257e+01  3.041949e+01  0.000000e+00
     vertex  4.837553e+01  3.050108e+01  2.000000e+00
     vertex  4.835257e+01  3.041949e+01  2.000000e+00
   endloop
 endfacet
 facet normal  9.749279e-01 -2.225209e-01  0.000000e+00
   outer loop
     vertex  4.833371e+01  3.033685e+01  0.000000e+00
     vertex  4.835257e+01  3.041949e+01  2.000000e+00
     vertex  4.833371e+01  3.033685e+01  2.000000e+00
   endloop
 endfacet
 facet normal  9.749279e-01 -2.225209e-01  0.000000e+00
   outer loop
     vertex  4.833371e+01  3.033685e+01  0.000000e+00
     vertex  4.835257e+01  3.041949e+01  0.000000e+00
     vertex  4.835257e+01  3.041949e+01  2.000000e+00
   endloop
 endfacet
 facet normal  9.848078e-01 -1.736482e-01  0.000000e+00
   outer loop
     vertex  4.831899e+01  3.025337e+01  0.000000e+00
     vertex  4.833371e+01  3.033685e+01  2.000000e+00
     vertex  4.831899e+01  3.025337e+01  2.000000e+00
   endloop
 endfacet
 facet normal  9.848078e-01 -1.736482e-01  0.000000e+00
   outer loop
     vertex  4.831899e+01  3.025337e+01  0.000000e+00
     vertex  4.833371e+01  3.033685e+01  0.000000e+00
     vertex  4.833371e+01  3.033685e+01  2.000000e+00
   endloop
 endfacet
 facet normal  9.922392e-01 -1.243437e-01  0.000000e+00
   outer loop
     vertex  4.830845e+01  3.016927e+01  0.000000e+00
     vertex  4.831899e+01  3.025337e+01  2.000000e+00
     vertex  4.830845e+01  3.016927e+01  2.000000e+00
   endloop
 endfacet
 facet normal  9.922392e-01 -1.243437e-01  0.000000e+00
   outer loop
     vertex  4.830845e+01  3.016927e+01  0.000000e+00
     vertex  4.831899e+01  3.025337e+01  0.000000e+00
     vertex  4.831899e+01  3.025337e+01  2.000000e+00
   endloop
 endfacet
 facet normal  9.972038e-01 -7.473009e-02  0.000000e+00
   outer loop
     vertex  4.830211e+01  3.008474e+01  0.000000e+00
     vertex  4.830845e+01  3.016927e+01  0.000000e+00
     vertex  4.830845e+01  3.016927e+01  2.000000e+00
   endloop
 endfacet
 facet normal  9.972038e-01 -7.473009e-02  0.000000e+00
   outer loop
     vertex  4.830211e+01  3.008474e+01  0.000000e+00
     vertex  4.830845e+01  3.016927e+01  2.000000e+00
     vertex  4.830211e+01  3.008474e+01  2.000000e+00
   endloop
 endfacet
 facet normal  9.996892e-01 -2.493069e-02  0.000000e+00
   outer loop
     vertex  4.830000e+01  3.000000e+01  0.000000e+00
     vertex  4.830211e+01  3.008474e+01  0.000000e+00
     vertex  4.830211e+01  3.008474e+01  2.000000e+00
   endloop
 endfacet
 facet normal  9.996892e-01  2.493069e-02 -0.000000e+00
   outer loop
     vertex  4.830000e+01  3.000000e+01  0.000000e+00
     vertex  4.830000e+01  3.000000e+01  2.000000e+00
     vertex  4.830211e+01  2.991526e+01  2.000000e+00
   endloop
 endfacet
 facet normal  9.996892e-01 -2.493069e-02  0.000000e+00
   outer loop
     vertex  4.830000e+01  3.000000e+01  0.000000e+00
     vertex  4.830211e+01  3.008474e+01  2.000000e+00
     vertex  4.830000e+01  3.000000e+01  2.000000e+00
   endloop
 endfacet
 facet normal  9.996892e-01  2.493069e-02 -0.000000e+00
   outer loop
     vertex  4.830211e+01  2.991526e+01  0.000000e+00
     vertex  4.830000e+01  3.000000e+01  0.000000e+00
     vertex  4.830211e+01  2.991526e+01  2.000000e+00
   endloop
 endfacet
 facet normal  9.972038e-01  7.473009e-02 -0.000000e+00
   outer loop
     vertex  4.830845e+01  2.983073e+01  0.000000e+00
     vertex  4.830211e+01  2.991526e+01  2.000000e+00
     vertex  4.830845e+01  2.983073e+01  2.000000e+00
   endloop
 endfacet
 facet normal  9.972038e-01  7.473009e-02  0.000000e+00
   outer loop
     vertex  4.830845e+01  2.983073e+01  0.000000e+00
     vertex  4.830211e+01  2.991526e+01  0.000000e+00
     vertex  4.830211e+01  2.991526e+01  2.000000e+00
   endloop
 endfacet
 facet normal  9.922392e-01  1.243437e-01  0.000000e+00
   outer loop
     vertex  4.831899e+01  2.974663e+01  0.000000e+00
     vertex  4.830845e+01  2.983073e+01  0.000000e+00
     vertex  4.830845e+01  2.983073e+01  2.000000e+00
   endloop
 endfacet
 facet normal  9.922392e-01  1.243437e-01 -0.000000e+00
   outer loop
     vertex  4.831899e+01  2.974663e+01  0.000000e+00
     vertex  4.830845e+01  2.983073e+01  2.000000e+00
     vertex  4.831899e+01  2.974663e+01  2.000000e+00
   endloop
 endfacet
 facet normal  9.848078e-01  1.736482e-01  0.000000e+00
   outer loop
     vertex  4.833371e+01  2.966315e+01  0.000000e+00
     vertex  4.831899e+01  2.974663e+01  0.000000e+00
     vertex  4.831899e+01  2.974663e+01  2.000000e+00
   endloop
 endfacet
 facet normal  9.848078e-01  1.736482e-01 -0.000000e+00
   outer loop
     vertex  4.833371e+01  2.966315e+01  0.000000e+00
     vertex  4.831899e+01  2.974663e+01  2.000000e+00
     vertex  4.833371e+01  2.966315e+01  2.000000e+00
   endloop
 endfacet
 facet normal  9.749279e-01  2.225209e-01  0.000000e+00
   outer loop
     vertex  4.835257e+01  2.958051e+01  0.000000e+00
     vertex  4.833371e+01  2.966315e+01  0.000000e+00
     vertex  4.833371e+01  2.966315e+01  2.000000e+00
   endloop
 endfacet
 facet normal  9.749279e-01  2.225209e-01 -0.000000e+00
   outer loop
     vertex  4.835257e+01  2.958051e+01  0.000000e+00
     vertex  4.833371e+01  2.966315e+01  2.000000e+00
     vertex  4.835257e+01  2.958051e+01  2.000000e+00
   endloop
 endfacet
 facet normal  9.626242e-01  2.708405e-01  0.000000e+00
   outer loop
     vertex  4.837553e+01  2.949892e+01  0.000000e+00
     vertex  4.835257e+01  2.958051e+01  0.000000e+00
     vertex  4.835257e+01  2.958051e+01  2.000000e+00
   endloop
 endfacet
 facet normal  9.626242e-01  2.708405e-01 -0.000000e+00
   outer loop
     vertex  4.837553e+01  2.949892e+01  0.000000e+00
     vertex  4.835257e+01  2.958051e+01  2.000000e+00
     vertex  4.837553e+01  2.949892e+01  2.000000e+00
   endloop
 endfacet
 facet normal  9.479273e-01  3.184867e-01  0.000000e+00
   outer loop
     vertex  4.840252e+01  2.941857e+01  0.000000e+00
     vertex  4.837553e+01  2.949892e+01  0.000000e+00
     vertex  4.837553e+01  2.949892e+01  2.000000e+00
   endloop
 endfacet
 facet normal  9.479273e-01  3.184867e-01 -0.000000e+00
   outer loop
     vertex  4.840252e+01  2.941857e+01  0.000000e+00
     vertex  4.837553e+01  2.949892e+01  2.000000e+00
     vertex  4.840252e+01  2.941857e+01  2.000000e+00
   endloop
 endfacet
 facet normal  9.308737e-01  3.653410e-01  0.000000e+00
   outer loop
     vertex  4.843349e+01  2.933966e+01  0.000000e+00
     vertex  4.840252e+01  2.941857e+01  0.000000e+00
     vertex  4.840252e+01  2.941857e+01  2.000000e+00
   endloop
 endfacet
 facet normal  9.308737e-01  3.653410e-01 -0.000000e+00
   outer loop
     vertex  4.843349e+01  2.933966e+01  0.000000e+00
     vertex  4.840252e+01  2.941857e+01  2.000000e+00
     vertex  4.843349e+01  2.933966e+01  2.000000e+00
   endloop
 endfacet
 facet normal  9.115059e-01  4.112871e-01  0.000000e+00
   outer loop
     vertex  4.846835e+01  2.926240e+01  0.000000e+00
     vertex  4.843349e+01  2.933966e+01  0.000000e+00
     vertex  4.843349e+01  2.933966e+01  2.000000e+00
   endloop
 endfacet
 facet normal  9.115059e-01  4.112871e-01 -0.000000e+00
   outer loop
     vertex  4.846835e+01  2.926240e+01  0.000000e+00
     vertex  4.843349e+01  2.933966e+01  2.000000e+00
     vertex  4.846835e+01  2.926240e+01  2.000000e+00
   endloop
 endfacet
 facet normal  8.898718e-01  4.562107e-01  0.000000e+00
   outer loop
     vertex  4.850702e+01  2.918697e+01  0.000000e+00
     vertex  4.846835e+01  2.926240e+01  0.000000e+00
     vertex  4.846835e+01  2.926240e+01  2.000000e+00
   endloop
 endfacet
 facet normal  8.898718e-01  4.562107e-01 -0.000000e+00
   outer loop
     vertex  4.850702e+01  2.918697e+01  0.000000e+00
     vertex  4.846835e+01  2.926240e+01  2.000000e+00
     vertex  4.850702e+01  2.918697e+01  2.000000e+00
   endloop
 endfacet
 facet normal  8.660254e-01  5.000000e-01  0.000000e+00
   outer loop
     vertex  4.854941e+01  2.911356e+01  0.000000e+00
     vertex  4.850702e+01  2.918697e+01  0.000000e+00
     vertex  4.850702e+01  2.918697e+01  2.000000e+00
   endloop
 endfacet
 facet normal  8.660254e-01  5.000000e-01 -0.000000e+00
   outer loop
     vertex  4.854941e+01  2.911356e+01  0.000000e+00
     vertex  4.850702e+01  2.918697e+01  2.000000e+00
     vertex  4.854941e+01  2.911356e+01  2.000000e+00
   endloop
 endfacet
 facet normal  8.400259e-01  5.425463e-01  0.000000e+00
   outer loop
     vertex  4.859539e+01  2.904236e+01  0.000000e+00
     vertex  4.854941e+01  2.911356e+01  0.000000e+00
     vertex  4.854941e+01  2.911356e+01  2.000000e+00
   endloop
 endfacet
 facet normal  8.400259e-01  5.425463e-01 -0.000000e+00
   outer loop
     vertex  4.859539e+01  2.904236e+01  0.000000e+00
     vertex  4.854941e+01  2.911356e+01  2.000000e+00
     vertex  4.859539e+01  2.904236e+01  2.000000e+00
   endloop
 endfacet
 facet normal  8.119380e-01  5.837437e-01  0.000000e+00
   outer loop
     vertex  4.864487e+01  2.897353e+01  0.000000e+00
     vertex  4.859539e+01  2.904236e+01  0.000000e+00
     vertex  4.859539e+01  2.904236e+01  2.000000e+00
   endloop
 endfacet
 facet normal  8.119380e-01  5.837437e-01 -0.000000e+00
   outer loop
     vertex  4.864487e+01  2.897353e+01  0.000000e+00
     vertex  4.859539e+01  2.904236e+01  2.000000e+00
     vertex  4.864487e+01  2.897353e+01  2.000000e+00
   endloop
 endfacet
 facet normal  7.818315e-01  6.234898e-01  0.000000e+00
   outer loop
     vertex  4.869772e+01  2.890726e+01  0.000000e+00
     vertex  4.864487e+01  2.897353e+01  0.000000e+00
     vertex  4.864487e+01  2.897353e+01  2.000000e+00
   endloop
 endfacet
 facet normal  7.818315e-01  6.234898e-01 -0.000000e+00
   outer loop
     vertex  4.869772e+01  2.890726e+01  0.000000e+00
     vertex  4.864487e+01  2.897353e+01  2.000000e+00
     vertex  4.869772e+01  2.890726e+01  2.000000e+00
   endloop
 endfacet
 facet normal  7.497812e-01  6.616858e-01  0.000000e+00
   outer loop
     vertex  4.875381e+01  2.884371e+01  0.000000e+00
     vertex  4.869772e+01  2.890726e+01  0.000000e+00
     vertex  4.869772e+01  2.890726e+01  2.000000e+00
   endloop
 endfacet
 facet normal  7.497812e-01  6.616858e-01 -0.000000e+00
   outer loop
     vertex  4.875381e+01  2.884371e+01  0.000000e+00
     vertex  4.869772e+01  2.890726e+01  2.000000e+00
     vertex  4.875381e+01  2.884371e+01  2.000000e+00
   endloop
 endfacet
 facet normal  7.158668e-01  6.982368e-01  0.000000e+00
   outer loop
     vertex  4.881300e+01  2.878303e+01  0.000000e+00
     vertex  4.875381e+01  2.884371e+01  0.000000e+00
     vertex  4.875381e+01  2.884371e+01  2.000000e+00
   endloop
 endfacet
 facet normal  7.158668e-01  6.982368e-01 -0.000000e+00
   outer loop
     vertex  4.881300e+01  2.878303e+01  0.000000e+00
     vertex  4.875381e+01  2.884371e+01  2.000000e+00
     vertex  4.881300e+01  2.878303e+01  2.000000e+00
   endloop
 endfacet
 facet normal  6.801727e-01  7.330519e-01 -0.000000e+00
   outer loop
     vertex  4.887513e+01  2.872537e+01  0.000000e+00
     vertex  4.881300e+01  2.878303e+01  2.000000e+00
     vertex  4.887513e+01  2.872537e+01  2.000000e+00
   endloop
 endfacet
 facet normal  6.801727e-01  7.330519e-01  0.000000e+00
   outer loop
     vertex  4.887513e+01  2.872537e+01  0.000000e+00
     vertex  4.881300e+01  2.878303e+01  0.000000e+00
     vertex  4.881300e+01  2.878303e+01  2.000000e+00
   endloop
 endfacet
 facet normal  6.427876e-01  7.660444e-01  0.000000e+00
   outer loop
     vertex  4.894007e+01  2.867089e+01  0.000000e+00
     vertex  4.887513e+01  2.872537e+01  0.000000e+00
     vertex  4.887513e+01  2.872537e+01  2.000000e+00
   endloop
 endfacet
 facet normal  6.427876e-01  7.660444e-01 -0.000000e+00
   outer loop
     vertex  4.894007e+01  2.867089e+01  0.000000e+00
     vertex  4.887513e+01  2.872537e+01  2.000000e+00
     vertex  4.894007e+01  2.867089e+01  2.000000e+00
   endloop
 endfacet
 facet normal  6.038044e-01  7.971325e-01 -0.000000e+00
   outer loop
     vertex  4.900764e+01  2.861971e+01  0.000000e+00
     vertex  4.894007e+01  2.867089e+01  2.000000e+00
     vertex  4.900764e+01  2.861971e+01  2.000000e+00
   endloop
 endfacet
 facet normal  6.038044e-01  7.971325e-01  0.000000e+00
   outer loop
     vertex  4.900764e+01  2.861971e+01  0.000000e+00
     vertex  4.894007e+01  2.867089e+01  0.000000e+00
     vertex  4.894007e+01  2.867089e+01  2.000000e+00
   endloop
 endfacet
 facet normal  5.633201e-01  8.262388e-01 -0.000000e+00
   outer loop
     vertex  4.907767e+01  2.857196e+01  0.000000e+00
     vertex  4.900764e+01  2.861971e+01  2.000000e+00
     vertex  4.907767e+01  2.857196e+01  2.000000e+00
   endloop
 endfacet
 facet normal  5.633201e-01  8.262388e-01  0.000000e+00
   outer loop
     vertex  4.907767e+01  2.857196e+01  0.000000e+00
     vertex  4.900764e+01  2.861971e+01  0.000000e+00
     vertex  4.900764e+01  2.861971e+01  2.000000e+00
   endloop
 endfacet
 facet normal  5.214352e-01  8.532909e-01 -0.000000e+00
   outer loop
     vertex  4.915000e+01  2.852776e+01  0.000000e+00
     vertex  4.907767e+01  2.857196e+01  2.000000e+00
     vertex  4.915000e+01  2.852776e+01  2.000000e+00
   endloop
 endfacet
 facet normal  5.214352e-01  8.532909e-01  0.000000e+00
   outer loop
     vertex  4.915000e+01  2.852776e+01  0.000000e+00
     vertex  4.907767e+01  2.857196e+01  0.000000e+00
     vertex  4.907767e+01  2.857196e+01  2.000000e+00
   endloop
 endfacet
 facet normal  4.782540e-01  8.782216e-01 -0.000000e+00
   outer loop
     vertex  4.922444e+01  2.848722e+01  0.000000e+00
     vertex  4.915000e+01  2.852776e+01  2.000000e+00
     vertex  4.922444e+01  2.848722e+01  2.000000e+00
   endloop
 endfacet
 facet normal  4.782540e-01  8.782216e-01  0.000000e+00
   outer loop
     vertex  4.922444e+01  2.848722e+01  0.000000e+00
     vertex  4.915000e+01  2.852776e+01  0.000000e+00
     vertex  4.915000e+01  2.852776e+01  2.000000e+00
   endloop
 endfacet
 facet normal  4.338837e-01  9.009689e-01 -0.000000e+00
   outer loop
     vertex  4.930081e+01  2.845044e+01  0.000000e+00
     vertex  4.922444e+01  2.848722e+01  2.000000e+00
     vertex  4.930081e+01  2.845044e+01  2.000000e+00
   endloop
 endfacet
 facet normal  4.338837e-01  9.009689e-01  0.000000e+00
   outer loop
     vertex  4.930081e+01  2.845044e+01  0.000000e+00
     vertex  4.922444e+01  2.848722e+01  0.000000e+00
     vertex  4.922444e+01  2.848722e+01  2.000000e+00
   endloop
 endfacet
 facet normal  3.884348e-01  9.214762e-01  0.000000e+00
   outer loop
     vertex  4.937892e+01  2.841751e+01  0.000000e+00
     vertex  4.930081e+01  2.845044e+01  0.000000e+00
     vertex  4.930081e+01  2.845044e+01  2.000000e+00
   endloop
 endfacet
 facet normal  3.884348e-01  9.214762e-01 -0.000000e+00
   outer loop
     vertex  4.937892e+01  2.841751e+01  0.000000e+00
     vertex  4.930081e+01  2.845044e+01  2.000000e+00
     vertex  4.937892e+01  2.841751e+01  2.000000e+00
   endloop
 endfacet
 facet normal  3.420201e-01  9.396926e-01  0.000000e+00
   outer loop
     vertex  4.945857e+01  2.838852e+01  0.000000e+00
     vertex  4.937892e+01  2.841751e+01  0.000000e+00
     vertex  4.937892e+01  2.841751e+01  2.000000e+00
   endloop
 endfacet
 facet normal  3.420201e-01  9.396926e-01 -0.000000e+00
   outer loop
     vertex  4.945857e+01  2.838852e+01  0.000000e+00
     vertex  4.937892e+01  2.841751e+01  2.000000e+00
     vertex  4.945857e+01  2.838852e+01  2.000000e+00
   endloop
 endfacet
 facet normal  2.947552e-01  9.555728e-01  0.000000e+00
   outer loop
     vertex  4.953957e+01  2.836354e+01  0.000000e+00
     vertex  4.945857e+01  2.838852e+01  0.000000e+00
     vertex  4.945857e+01  2.838852e+01  2.000000e+00
   endloop
 endfacet
 facet normal  2.947552e-01  9.555728e-01 -0.000000e+00
   outer loop
     vertex  4.953957e+01  2.836354e+01  0.000000e+00
     vertex  4.945857e+01  2.838852e+01  2.000000e+00
     vertex  4.953957e+01  2.836354e+01  2.000000e+00
   endloop
 endfacet
 facet normal  2.467574e-01  9.690773e-01  0.000000e+00
   outer loop
     vertex  4.962171e+01  2.834262e+01  0.000000e+00
     vertex  4.953957e+01  2.836354e+01  0.000000e+00
     vertex  4.953957e+01  2.836354e+01  2.000000e+00
   endloop
 endfacet
 facet normal  2.467574e-01  9.690773e-01 -0.000000e+00
   outer loop
     vertex  4.962171e+01  2.834262e+01  0.000000e+00
     vertex  4.953957e+01  2.836354e+01  2.000000e+00
     vertex  4.962171e+01  2.834262e+01  2.000000e+00
   endloop
 endfacet
 facet normal  1.981461e-01  9.801725e-01  0.000000e+00
   outer loop
     vertex  4.970480e+01  2.832583e+01  0.000000e+00
     vertex  4.962171e+01  2.834262e+01  0.000000e+00
     vertex  4.962171e+01  2.834262e+01  2.000000e+00
   endloop
 endfacet
 facet normal  1.981461e-01  9.801725e-01 -0.000000e+00
   outer loop
     vertex  4.970480e+01  2.832583e+01  0.000000e+00
     vertex  4.962171e+01  2.834262e+01  2.000000e+00
     vertex  4.970480e+01  2.832583e+01  2.000000e+00
   endloop
 endfacet
 facet normal  1.490423e-01  9.888308e-01  0.000000e+00
   outer loop
     vertex  4.978862e+01  2.831319e+01  0.000000e+00
     vertex  4.970480e+01  2.832583e+01  0.000000e+00
     vertex  4.970480e+01  2.832583e+01  2.000000e+00
   endloop
 endfacet
 facet normal  1.490423e-01  9.888308e-01 -0.000000e+00
   outer loop
     vertex  4.978862e+01  2.831319e+01  0.000000e+00
     vertex  4.970480e+01  2.832583e+01  2.000000e+00
     vertex  4.978862e+01  2.831319e+01  2.000000e+00
   endloop
 endfacet
 facet normal  9.956785e-02  9.950308e-01  0.000000e+00
   outer loop
     vertex  4.987296e+01  2.830475e+01  0.000000e+00
     vertex  4.978862e+01  2.831319e+01  0.000000e+00
     vertex  4.978862e+01  2.831319e+01  2.000000e+00
   endloop
 endfacet
 facet normal  9.956785e-02  9.950308e-01 -0.000000e+00
   outer loop
     vertex  4.987296e+01  2.830475e+01  0.000000e+00
     vertex  4.978862e+01  2.831319e+01  2.000000e+00
     vertex  4.987296e+01  2.830475e+01  2.000000e+00
   endloop
 endfacet
 facet normal  4.984589e-02  9.987569e-01  0.000000e+00
   outer loop
     vertex  4.995762e+01  2.830053e+01  0.000000e+00
     vertex  4.987296e+01  2.830475e+01  0.000000e+00
     vertex  4.987296e+01  2.830475e+01  2.000000e+00
   endloop
 endfacet
 facet normal  4.984589e-02  9.987569e-01 -0.000000e+00
   outer loop
     vertex  4.995762e+01  2.830053e+01  0.000000e+00
     vertex  4.987296e+01  2.830475e+01  2.000000e+00
     vertex  4.995762e+01  2.830053e+01  2.000000e+00
   endloop
 endfacet
 facet normal  0.000000e+00  1.000000e+00  0.000000e+00
   outer loop
     vertex  5.004238e+01  2.830053e+01  0.000000e+00
     vertex  4.995762e+01  2.830053e+01  0.000000e+00
     vertex  4.995762e+01  2.830053e+01  2.000000e+00
   endloop
 endfacet
 facet normal  0.000000e+00  1.000000e+00 -0.000000e+00
   outer loop
     vertex  5.004238e+01  2.830053e+01  0.000000e+00
     vertex  4.995762e+01  2.830053e+01  2.000000e+00
     vertex  5.004238e+01  2.830053e+01  2.000000e+00
   endloop
 endfacet
 facet normal -4.984589e-02  9.987569e-01  0.000000e+00
   outer loop
     vertex  5.012704e+01  2.830475e+01  0.000000e+00
     vertex  5.004238e+01  2.830053e+01  0.000000e+00
     vertex  5.004238e+01  2.830053e+01  2.000000e+00
   endloop
 endfacet
 facet normal -4.984589e-02  9.987569e-01  0.000000e+00
   outer loop
     vertex  5.012704e+01  2.830475e+01  0.000000e+00
     vertex  5.004238e+01  2.830053e+01  2.000000e+00
     vertex  5.012704e+01  2.830475e+01  2.000000e+00
   endloop
 endfacet
 facet normal -9.956785e-02  9.950308e-01  0.000000e+00
   outer loop
     vertex  5.021138e+01  2.831319e+01  0.000000e+00
     vertex  5.012704e+01  2.830475e+01  0.000000e+00
     vertex  5.012704e+01  2.830475e+01  2.000000e+00
   endloop
 endfacet
 facet normal -9.956785e-02  9.950308e-01  0.000000e+00
   outer loop
     vertex  5.021138e+01  2.831319e+01  0.000000e+00
     vertex  5.012704e+01  2.830475e+01  2.000000e+00
     vertex  5.021138e+01  2.831319e+01  2.000000e+00
   endloop
 endfacet
 facet normal -1.490423e-01  9.888308e-01  0.000000e+00
   outer loop
     vertex  5.029520e+01  2.832583e+01  0.000000e+00
     vertex  5.021138e+01  2.831319e+01  0.000000e+00
     vertex  5.021138e+01  2.831319e+01  2.000000e+00
   endloop
 endfacet
 facet normal -1.490423e-01  9.888308e-01  0.000000e+00
   outer loop
     vertex  5.029520e+01  2.832583e+01  0.000000e+00
     vertex  5.021138e+01  2.831319e+01  2.000000e+00
     vertex  5.029520e+01  2.832583e+01  2.000000e+00
   endloop
 endfacet
 facet normal -1.981461e-01  9.801725e-01  0.000000e+00
   outer loop
     vertex  5.037829e+01  2.834262e+01  0.000000e+00
     vertex  5.029520e+01  2.832583e+01  0.000000e+00
     vertex  5.029520e+01  2.832583e+01  2.000000e+00
   endloop
 endfacet
 facet normal -1.981461e-01  9.801725e-01  0.000000e+00
   outer loop
     vertex  5.037829e+01  2.834262e+01  0.000000e+00
     vertex  5.029520e+01  2.832583e+01  2.000000e+00
     vertex  5.037829e+01  2.834262e+01  2.000000e+00
   endloop
 endfacet
 facet normal -2.467574e-01  9.690773e-01  0.000000e+00
   outer loop
     vertex  5.046043e+01  2.836354e+01  0.000000e+00
     vertex  5.037829e+01  2.834262e+01  2.000000e+00
     vertex  5.046043e+01  2.836354e+01  2.000000e+00
   endloop
 endfacet
 facet normal -2.467574e-01  9.690773e-01  0.000000e+00
   outer loop
     vertex  5.046043e+01  2.836354e+01  0.000000e+00
     vertex  5.037829e+01  2.834262e+01  0.000000e+00
     vertex  5.037829e+01  2.834262e+01  2.000000e+00
   endloop
 endfacet
 facet normal -2.947552e-01  9.555728e-01  0.000000e+00
   outer loop
     vertex  5.054143e+01  2.838852e+01  0.000000e+00
     vertex  5.046043e+01  2.836354e+01  0.000000e+00
     vertex  5.046043e+01  2.836354e+01  2.000000e+00
   endloop
 endfacet
 facet normal -2.947552e-01  9.555728e-01  0.000000e+00
   outer loop
     vertex  5.054143e+01  2.838852e+01  0.000000e+00
     vertex  5.046043e+01  2.836354e+01  2.000000e+00
     vertex  5.054143e+01  2.838852e+01  2.000000e+00
   endloop
 endfacet
 facet normal -3.420201e-01  9.396926e-01  0.000000e+00
   outer loop
     vertex  5.062108e+01  2.841751e+01  0.000000e+00
     vertex  5.054143e+01  2.838852e+01  2.000000e+00
     vertex  5.062108e+01  2.841751e+01  2.000000e+00
   endloop
 endfacet
 facet normal -3.420201e-01  9.396926e-01  0.000000e+00
   outer loop
     vertex  5.062108e+01  2.841751e+01  0.000000e+00
     vertex  5.054143e+01  2.838852e+01  0.000000e+00
     vertex  5.054143e+01  2.838852e+01  2.000000e+00
   endloop
 endfacet
 facet normal -3.884348e-01  9.214762e-01  0.000000e+00
   outer loop
     vertex  5.069919e+01  2.845044e+01  0.000000e+00
     vertex  5.062108e+01  2.841751e+01  2.000000e+00
     vertex  5.069919e+01  2.845044e+01  2.000000e+00
   endloop
 endfacet
 facet normal -3.884348e-01  9.214762e-01  0.000000e+00
   outer loop
     vertex  5.069919e+01  2.845044e+01  0.000000e+00
     vertex  5.062108e+01  2.841751e+01  0.000000e+00
     vertex  5.062108e+01  2.841751e+01  2.000000e+00
   endloop
 endfacet
 facet normal -4.338837e-01  9.009689e-01  0.000000e+00
   outer loop
     vertex  5.077556e+01  2.848722e+01  0.000000e+00
     vertex  5.069919e+01  2.845044e+01  2.000000e+00
     vertex  5.077556e+01  2.848722e+01  2.000000e+00
   endloop
 endfacet
 facet normal -4.338837e-01  9.009689e-01  0.000000e+00
   outer loop
     vertex  5.077556e+01  2.848722e+01  0.000000e+00
     vertex  5.069919e+01  2.845044e+01  0.000000e+00
     vertex  5.069919e+01  2.845044e+01  2.000000e+00
   endloop
 endfacet
 facet normal -4.782540e-01  8.782216e-01  0.000000e+00
   outer loop
     vertex  5.085000e+01  2.852776e+01  0.000000e+00
     vertex  5.077556e+01  2.848722e+01  2.000000e+00
     vertex  5.085000e+01  2.852776e+01  2.000000e+00
   endloop
 endfacet
 facet normal -4.782540e-01  8.782216e-01  0.000000e+00
   outer loop
     vertex  5.085000e+01  2.852776e+01  0.000000e+00
     vertex  5.077556e+01  2.848722e+01  0.000000e+00
     vertex  5.077556e+01  2.848722e+01  2.000000e+00
   endloop
 endfacet
 facet normal -5.214352e-01  8.532909e-01  0.000000e+00
   outer loop
     vertex  5.092233e+01  2.857196e+01  0.000000e+00
     vertex  5.085000e+01  2.852776e+01  2.000000e+00
     vertex  5.092233e+01  2.857196e+01  2.000000e+00
   endloop
 endfacet
 facet normal -5.214352e-01  8.532909e-01  0.000000e+00
   outer loop
     vertex  5.092233e+01  2.857196e+01  0.000000e+00
     vertex  5.085000e+01  2.852776e+01  0.000000e+00
     vertex  5.085000e+01  2.852776e+01  2.000000e+00
   endloop
 endfacet
 facet normal -5.633201e-01  8.262388e-01  0.000000e+00
   outer loop
     vertex  5.099236e+01  2.861971e+01  0.000000e+00
     vertex  5.092233e+01  2.857196e+01  2.000000e+00
     vertex  5.099236e+01  2.861971e+01  2.000000e+00
   endloop
 endfacet
 facet normal -5.633201e-01  8.262388e-01  0.000000e+00
   outer loop
     vertex  5.099236e+01  2.861971e+01  0.000000e+00
     vertex  5.092233e+01  2.857196e+01  0.000000e+00
     vertex  5.092233e+01  2.857196e+01  2.000000e+00
   endloop
 endfacet
 facet normal -6.038044e-01  7.971325e-01  0.000000e+00
   outer loop
     vertex  5.105993e+01  2.867089e+01  0.000000e+00
     vertex  5.099236e+01  2.861971e+01  2.000000e+00
     vertex  5.105993e+01  2.867089e+01  2.000000e+00
   endloop
 endfacet
 facet normal -6.038044e-01  7.971325e-01  0.000000e+00
   outer loop
     vertex  5.105993e+01  2.867089e+01  0.000000e+00
     vertex  5.099236e+01  2.861971e+01  0.000000e+00
     vertex  5.099236e+01  2.861971e+01  2.000000e+00
   endloop
 endfacet
 facet normal -6.427876e-01  7.660444e-01  0.000000e+00
   outer loop
     vertex  5.112487e+01  2.872537e+01  0.000000e+00
     vertex  5.105993e+01  2.867089e+01  2.000000e+00
     vertex  5.112487e+01  2.872537e+01  2.000000e+00
   endloop
 endfacet
 facet normal -6.427876e-01  7.660444e-01  0.000000e+00
   outer loop
     vertex  5.112487e+01  2.872537e+01  0.000000e+00
     vertex  5.105993e+01  2.867089e+01  0.000000e+00
     vertex  5.105993e+01  2.867089e+01  2.000000e+00
   endloop
 endfacet
 facet normal -6.801727e-01  7.330519e-01  0.000000e+00
   outer loop
     vertex  5.118700e+01  2.878303e+01  0.000000e+00
     vertex  5.112487e+01  2.872537e+01  2.000000e+00
     vertex  5.118700e+01  2.878303e+01  2.000000e+00
   endloop
 endfacet
 facet normal -6.801727e-01  7.330519e-01  0.000000e+00
   outer loop
     vertex  5.118700e+01  2.878303e+01  0.000000e+00
     vertex  5.112487e+01  2.872537e+01  0.000000e+00
     vertex  5.112487e+01  2.872537e+01  2.000000e+00
   endloop
 endfacet
 facet normal -7.158668e-01  6.982368e-01  0.000000e+00
   outer loop
     vertex  5.124619e+01  2.884371e+01  0.000000e+00
     vertex  5.118700e+01  2.878303e+01  2.000000e+00
     vertex  5.124619e+01  2.884371e+01  2.000000e+00
   endloop
 endfacet
 facet normal -7.158668e-01  6.982368e-01  0.000000e+00
   outer loop
     vertex  5.124619e+01  2.884371e+01  0.000000e+00
     vertex  5.118700e+01  2.878303e+01  0.000000e+00
     vertex  5.118700e+01  2.878303e+01  2.000000e+00
   endloop
 endfacet
 facet normal -7.497812e-01  6.616858e-01  0.000000e+00
   outer loop
     vertex  5.130228e+01  2.890726e+01  0.000000e+00
     vertex  5.124619e+01  2.884371e+01  2.000000e+00
     vertex  5.130228e+01  2.890726e+01  2.000000e+00
   endloop
 endfacet
 facet normal -7.497812e-01  6.616858e-01  0.000000e+00
   outer loop
     vertex  5.130228e+01  2.890726e+01  0.000000e+00
     vertex  5.124619e+01  2.884371e+01  0.000000e+00
     vertex  5.124619e+01  2.884371e+01  2.000000e+00
   endloop
 endfacet
 facet normal -7.818315e-01  6.234898e-01  0.000000e+00
   outer loop
     vertex  5.135513e+01  2.897353e+01  0.000000e+00
     vertex  5.130228e+01  2.890726e+01  0.000000e+00
     vertex  5.130228e+01  2.890726e+01  2.000000e+00
   endloop
 endfacet
 facet normal -7.818315e-01  6.234898e-01  0.000000e+00
   outer loop
     vertex  5.135513e+01  2.897353e+01  0.000000e+00
     vertex  5.130228e+01  2.890726e+01  2.000000e+00
     vertex  5.135513e+01  2.897353e+01  2.000000e+00
   endloop
 endfacet
 facet normal -8.119380e-01  5.837437e-01  0.000000e+00
   outer loop
     vertex  5.140461e+01  2.904236e+01  0.000000e+00
     vertex  5.135513e+01  2.897353e+01  0.000000e+00
     vertex  5.135513e+01  2.897353e+01  2.000000e+00
   endloop
 endfacet
 facet normal -8.119380e-01  5.837437e-01  0.000000e+00
   outer loop
     vertex  5.140461e+01  2.904236e+01  0.000000e+00
     vertex  5.135513e+01  2.897353e+01  2.000000e+00
     vertex  5.140461e+01  2.904236e+01  2.000000e+00
   endloop
 endfacet
 facet normal -8.400259e-01  5.425463e-01  0.000000e+00
   outer loop
     vertex  5.145059e+01  2.911356e+01  0.000000e+00
     vertex  5.140461e+01  2.904236e+01  0.000000e+00
     vertex  5.140461e+01  2.904236e+01  2.000000e+00
   endloop
 endfacet
 facet normal -8.400259e-01  5.425463e-01  0.000000e+00
   outer loop
     vertex  5.145059e+01  2.911356e+01  0.000000e+00
     vertex  5.140461e+01  2.904236e+01  2.000000e+00
     vertex  5.145059e+01  2.911356e+01  2.000000e+00
   endloop
 endfacet
 facet normal -8.660254e-01  5.000000e-01  0.000000e+00
   outer loop
     vertex  5.149298e+01  2.918697e+01  0.000000e+00
     vertex  5.145059e+01  2.911356e+01  0.000000e+00
     vertex  5.145059e+01  2.911356e+01  2.000000e+00
   endloop
 endfacet
 facet normal -8.660254e-01  5.000000e-01  0.000000e+00
   outer loop
     vertex  5.149298e+01  2.918697e+01  0.000000e+00
     vertex  5.145059e+01  2.911356e+01  2.000000e+00
     vertex  5.149298e+01  2.918697e+01  2.000000e+00
   endloop
 endfacet
 facet normal -8.898718e-01  4.562107e-01  0.000000e+00
   outer loop
     vertex  5.153165e+01  2.926240e+01  0.000000e+00
     vertex  5.149298e+01  2.918697e+01  0.000000e+00
     vertex  5.149298e+01  2.918697e+01  2.000000e+00
   endloop
 endfacet
 facet normal -8.898718e-01  4.562107e-01  0.000000e+00
   outer loop
     vertex  5.153165e+01  2.926240e+01  0.000000e+00
     vertex  5.149298e+01  2.918697e+01  2.000000e+00
     vertex  5.153165e+01  2.926240e+01  2.000000e+00
   endloop
 endfacet
 facet normal -9.115059e-01  4.112871e-01  0.000000e+00
   outer loop
     vertex  5.156651e+01  2.933966e+01  0.000000e+00
     vertex  5.153165e+01  2.926240e+01  0.000000e+00
     vertex  5.153165e+01  2.926240e+01  2.000000e+00
   endloop
 endfacet
 facet normal -9.115059e-01  4.112871e-01  0.000000e+00
   outer loop
     vertex  5.156651e+01  2.933966e+01  0.000000e+00
     vertex  5.153165e+01  2.926240e+01  2.000000e+00
     vertex  5.156651e+01  2.933966e+01  2.000000e+00
   endloop
 endfacet
 facet normal -9.308737e-01  3.653410e-01  0.000000e+00
   outer loop
     vertex  5.159748e+01  2.941857e+01  0.000000e+00
     vertex  5.156651e+01  2.933966e+01  0.000000e+00
     vertex  5.156651e+01  2.933966e+01  2.000000e+00
   endloop
 endfacet
 facet normal -9.308737e-01  3.653410e-01  0.000000e+00
   outer loop
     vertex  5.159748e+01  2.941857e+01  0.000000e+00
     vertex  5.156651e+01  2.933966e+01  2.000000e+00
     vertex  5.159748e+01  2.941857e+01  2.000000e+00
   endloop
 endfacet
 facet normal -9.479273e-01  3.184867e-01  0.000000e+00
   outer loop
     vertex  5.162447e+01  2.949892e+01  0.000000e+00
     vertex  5.159748e+01  2.941857e+01  2.000000e+00
     vertex  5.162447e+01  2.949892e+01  2.000000e+00
   endloop
 endfacet
 facet normal -9.479273e-01  3.184867e-01  0.000000e+00
   outer loop
     vertex  5.162447e+01  2.949892e+01  0.000000e+00
     vertex  5.159748e+01  2.941857e+01  0.000000e+00
     vertex  5.159748e+01  2.941857e+01  2.000000e+00
   endloop
 endfacet
 facet normal -9.626242e-01  2.708405e-01  0.000000e+00
   outer loop
     vertex  5.164743e+01  2.958051e+01  0.000000e+00
     vertex  5.162447e+01  2.949892e+01  0.000000e+00
     vertex  5.162447e+01  2.949892e+01  2.000000e+00
   endloop
 endfacet
 facet normal -9.626242e-01  2.708405e-01  0.000000e+00
   outer loop
     vertex  5.164743e+01  2.958051e+01  0.000000e+00
     vertex  5.162447e+01  2.949892e+01  2.000000e+00
     vertex  5.164743e+01  2.958051e+01  2.000000e+00
   endloop
 endfacet
 facet normal -9.749279e-01  2.225209e-01  0.000000e+00
   outer loop
     vertex  5.166629e+01  2.966315e+01  0.000000e+00
     vertex  5.164743e+01  2.958051e+01  2.000000e+00
     vertex  5.166629e+01  2.966315e+01  2.000000e+00
   endloop
 endfacet
 facet normal -9.749279e-01  2.225209e-01  0.000000e+00
   outer loop
     vertex  5.166629e+01  2.966315e+01  0.000000e+00
     vertex  5.164743e+01  2.958051e+01  0.000000e+00
     vertex  5.164743e+01  2.958051e+01  2.000000e+00
   endloop
 endfacet
 facet normal -9.848078e-01  1.736482e-01  0.000000e+00
   outer loop
     vertex  5.168101e+01  2.974663e+01  0.000000e+00
     vertex  5.166629e+01  2.966315e+01  2.000000e+00
     vertex  5.168101e+01  2.974663e+01  2.000000e+00
   endloop
 endfacet
 facet normal -9.848078e-01  1.736482e-01  0.000000e+00
   outer loop
     vertex  5.168101e+01  2.974663e+01  0.000000e+00
     vertex  5.166629e+01  2.966315e+01  0.000000e+00
     vertex  5.166629e+01  2.966315e+01  2.000000e+00
   endloop
 endfacet
 facet normal -9.922392e-01  1.243437e-01  0.000000e+00
   outer loop
     vertex  5.169155e+01  2.983073e+01  0.000000e+00
     vertex  5.168101e+01  2.974663e+01  2.000000e+00
     vertex  5.169155e+01  2.983073e+01  2.000000e+00
   endloop
 endfacet
 facet normal -9.922392e-01  1.243437e-01  0.000000e+00
   outer loop
     vertex  5.169155e+01  2.983073e+01  0.000000e+00
     vertex  5.168101e+01  2.974663e+01  0.000000e+00
     vertex  5.168101e+01  2.974663e+01  2.000000e+00
   endloop
 endfacet
 facet normal -9.972038e-01  7.473009e-02  0.000000e+00
   outer loop
     vertex  5.169789e+01  2.991526e+01  0.000000e+00
     vertex  5.169155e+01  2.983073e+01  2.000000e+00
     vertex  5.169789e+01  2.991526e+01  2.000000e+00
   endloop
 endfacet
 facet normal -9.972038e-01  7.473009e-02  0.000000e+00
   outer loop
     vertex  5.169789e+01  2.991526e+01  0.000000e+00
     vertex  5.169155e+01  2.983073e+01  0.000000e+00
     vertex  5.169155e+01  2.983073e+01  2.000000e+00
   endloop
 endfacet
 facet normal -9.996892e-01  2.493069e-02  0.000000e+00
   outer loop
     vertex  5.170000e+01  3.000000e+01  0.000000e+00
     vertex  5.169789e+01  2.991526e+01  2.000000e+00
     vertex  5.170000e+01  3.000000e+01  2.000000e+00
   endloop
 endfacet
 facet normal -9.996892e-01  2.493069e-02  0.000000e+00
   outer loop
     vertex  5.170000e+01  3.000000e+01  0.000000e+00
     vertex  5.169789e+01  2.991526e+01  0.000000e+00
     vertex  5.169789e+01  2.991526e+01  2.000000e+00
   endloop
 endfacet
 facet normal  0.000000e+00  0.000000e+00  1.000000e+00
   outer loop
     vertex -5.124619e+01 -3.115629e+01  2.000000e+00
     vertex -5.800000e+01 -3.800000e+01  2.000000e+00
     vertex -5.118700e+01 -3.121697e+01  2.000000e+00
   endloop
 endfacet
 facet normal  0.000000e+00  0.000000e+00  1.000000e+00
   outer loop
     vertex -5.112487e+01 -3.127463e+01  2.000000e+00
     vertex -5.118700e+01 -3.121697e+01  2.000000e+00
     vertex -5.800000e+01 -3.800000e+01  2.000000e+00
   endloop
 endfacet
 facet normal  0.000000e+00  0.000000e+00  1.000000e+00
   outer loop
     vertex -5.130228e+01 -3.109274e+01  2.000000e+00
     vertex -5.800000e+01 -3.800000e+01  2.000000e+00
     vertex -5.124619e+01 -3.115629e+01  2.000000e+00
   endloop
 endfacet
 facet normal  0.000000e+00  0.000000e+00  1.000000e+00
   outer loop
     vertex -5.105993e+01 -3.132911e+01  2.000000e+00
     vertex -5.112487e+01 -3.127463e+01  2.000000e+00
     vertex -5.800000e+01 -3.800000e+01  2.000000e+00
   endloop
 endfacet
 facet normal  0.000000e+00  0.000000e+00  1.000000e+00
   outer loop
     vertex -5.135513e+01 -3.102647e+01  2.000000e+00
     vertex -5.800000e+01 -3.800000e+01  2.000000e+00
     vertex -5.130228e+01 -3.109274e+01  2.000000e+00
   endloop
 endfacet
 facet normal  0.000000e+00  0.000000e+00  1.000000e+00
   outer loop
     vertex -5.099236e+01 -3.138029e+01  2.000000e+00
     vertex -5.105993e+01 -3.132911e+01  2.000000e+00
     vertex -5.800000e+01 -3.800000e+01  2.000000e+00
   endloop
 endfacet
 facet normal  0.000000e+00  0.000000e+00  1.000000e+00
   outer loop
     vertex -5.140461e+01 -3.095764e+01  2.000000e+00
     vertex -5.800000e+01 -3.800000e+01  2.000000e+00
     vertex -5.135513e+01 -3.102647e+01  2.000000e+00
   endloop
 endfacet
 facet normal  0.000000e+00  0.000000e+00  1.000000e+00
   outer loop
     vertex -5.092233e+01 -3.142804e+01  2.000000e+00
     vertex -5.099236e+01 -3.138029e+01  2.000000e+00
     vertex -5.800000e+01 -3.800000e+01  2.000000e+00
   endloop
 endfacet
 facet normal  0.000000e+00  0.000000e+00  1.000000e+00
   outer loop
     vertex -5.145059e+01 -3.088644e+01  2.000000e+00
     vertex -5.800000e+01 -3.800000e+01  2.000000e+00
     vertex -5.140461e+01 -3.095764e+01  2.000000e+00
   endloop
 endfacet
 facet normal  0.000000e+00  0.000000e+00  1.000000e+00
   outer loop
     vertex -5.085000e+01 -3.147224e+01  2.000000e+00
     vertex -5.092233e+01 -3.142804e+01  2.000000e+00
     vertex -5.800000e+01 -3.800000e+01  2.000000e+00
   endloop
 endfacet
 facet normal  0.000000e+00  0.000000e+00  1.000000e+00
   outer loop
     vertex -5.149298e+01 -3.081303e+01  2.000000e+00
     vertex -5.800000e+01 -3.800000e+01  2.000000e+00
     vertex -5.145059e+01 -3.088644e+01  2.000000e+00
   endloop
 endfacet
 facet normal  0.000000e+00  0.000000e+00  1.000000e+00
   outer loop
     vertex -5.077556e+01 -3.151278e+01  2.000000e+00
     vertex -5.085000e+01 -3.147224e+01  2.000000e+00
     vertex -5.800000e+01 -3.800000e+01  2.000000e+00
   endloop
 endfacet
 facet normal  0.000000e+00  0.000000e+00  1.000000e+00
   outer loop
     vertex -5.153165e+01 -3.073760e+01  2.000000e+00
     vertex -5.800000e+01 -3.800000e+01  2.000000e+00
     vertex -5.149298e+01 -3.081303e+01  2.000000e+00
   endloop
 endfacet
 facet normal  0.000000e+00  0.000000e+00  1.000000e+00
   outer loop
     vertex -5.069919e+01 -3.154956e+01  2.000000e+00
     vertex -5.077556e+01 -3.151278e+01  2.000000e+00
     vertex -5.800000e+01 -3.800000e+01  2.000000e+00
   endloop
 endfacet
 facet normal  0.000000e+00  0.000000e+00  1.000000e+00
   outer loop
     vertex -5.156651e+01 -3.066034e+01  2.000000e+00
     vertex -5.800000e+01 -3.800000e+01  2.000000e+00
     vertex -5.153165e+01 -3.073760e+01  2.000000e+00
   endloop
 endfacet
 facet normal  0.000000e+00  0.000000e+00  1.000000e+00
   outer loop
     vertex -5.062108e+01 -3.158249e+01  2.000000e+00
     vertex -5.069919e+01 -3.154956e+01  2.000000e+00
     vertex -5.800000e+01 -3.800000e+01  2.000000e+00
   endloop
 endfacet
 facet normal  0.000000e+00  0.000000e+00  1.000000e+00
   outer loop
     vertex -5.159748e+01 -3.058143e+01  2.000000e+00
     vertex -5.800000e+01 -3.800000e+01  2.000000e+00
     vertex -5.156651e+01 -3.066034e+01  2.000000e+00
   endloop
 endfacet
 facet normal  0.000000e+00  0.000000e+00  1.000000e+00
   outer loop
     vertex -5.054143e+01 -3.161148e+01  2.000000e+00
     vertex -5.062108e+01 -3.158249e+01  2.000000e+00
     vertex -5.800000e+01 -3.800000e+01  2.000000e+00
   endloop
 endfacet
 facet normal  0.000000e+00  0.000000e+00  1.000000e+00
   outer loop
     vertex -5.162447e+01 -3.050108e+01  2.000000e+00
     vertex -5.800000e+01 -3.800000e+01  2.000000e+00
     vertex -5.159748e+01 -3.058143e+01  2.000000e+00
   endloop
 endfacet
 facet normal  0.000000e+00  0.000000e+00  1.000000e+00
   outer loop
     vertex -5.046043e+01 -3.163646e+01  2.000000e+00
     vertex -5.054143e+01 -3.161148e+01  2.000000e+00
     vertex -5.800000e+01 -3.800000e+01  2.000000e+00
   endloop
 endfacet
 facet normal  0.000000e+00  0.000000e+00  1.000000e+00
   outer loop
     vertex -5.164743e+01 -3.041949e+01  2.000000e+00
     vertex -5.800000e+01 -3.800000e+01  2.000000e+00
     vertex -5.162447e+01 -3.050108e+01  2.000000e+00
   endloop
 endfacet
 facet normal  0.000000e+00  0.000000e+00  1.000000e+00
   outer loop
     vertex -5.037829e+01 -3.165738e+01  2.000000e+00
     vertex -5.046043e+01 -3.163646e+01  2.000000e+00
     vertex -5.800000e+01 -3.800000e+01  2.000000e+00
   endloop
 endfacet
 facet normal  0.000000e+00  0.000000e+00  1.000000e+00
   outer loop
     vertex -5.166629e+01 -3.033685e+01  2.000000e+00
     vertex -5.800000e+01 -3.800000e+01  2.000000e+00
     vertex -5.164743e+01 -3.041949e+01  2.000000e+00
   endloop
 endfacet
 facet normal  0.000000e+00  0.000000e+00  1.000000e+00
   outer loop
     vertex -5.029520e+01 -3.167417e+01  2.000000e+00
     vertex -5.037829e+01 -3.165738e+01  2.000000e+00
     vertex -5.800000e+01 -3.800000e+01  2.000000e+00
   endloop
 endfacet
 facet normal  0.000000e+00  0.000000e+00  1.000000e+00
   outer loop
     vertex -5.168101e+01 -3.025337e+01  2.000000e+00
     vertex -5.800000e+01 -3.800000e+01  2.000000e+00
     vertex -5.166629e+01 -3.033685e+01  2.000000e+00
   endloop
 endfacet
 facet normal  0.000000e+00  0.000000e+00  1.000000e+00
   outer loop
     vertex -5.021138e+01 -3.168681e+01  2.000000e+00
     vertex -5.029520e+01 -3.167417e+01  2.000000e+00
     vertex -5.800000e+01 -3.800000e+01  2.000000e+00
   endloop
 endfacet
 facet normal  0.000000e+00  0.000000e+00  1.000000e+00
   outer loop
     vertex -5.169155e+01 -3.016927e+01  2.000000e+00
     vertex -5.800000e+01 -3.800000e+01  2.000000e+00
     vertex -5.168101e+01 -3.025337e+01  2.000000e+00
   endloop
 endfacet
 facet normal  0.000000e+00  0.000000e+00  1.000000e+00
   outer loop
     vertex -5.012704e+01 -3.169525e+01  2.000000e+00
     vertex -5.021138e+01 -3.168681e+01  2.000000e+00
     vertex -5.800000e+01 -3.800000e+01  2.000000e+00
   endloop
 endfacet
 facet normal  0.000000e+00  0.000000e+00  1.000000e+00
   outer loop
     vertex -5.169789e+01 -3.008474e+01  2.000000e+00
     vertex -5.800000e+01 -3.800000e+01  2.000000e+00
     vertex -5.169155e+01 -3.016927e+01  2.000000e+00
   endloop
 endfacet
 facet normal  0.000000e+00  0.000000e+00  1.000000e+00
   outer loop
     vertex -5.004238e+01 -3.169947e+01  2.000000e+00
     vertex -5.012704e+01 -3.169525e+01  2.000000e+00
     vertex -5.800000e+01 -3.800000e+01  2.000000e+00
   endloop
 endfacet
 facet normal  0.000000e+00  0.000000e+00  1.000000e+00
   outer loop
     vertex -5.170000e+01 -3.000000e+01  2.000000e+00
     vertex -5.800000e+01 -3.800000e+01  2.000000e+00
     vertex -5.169789e+01 -3.008474e+01  2.000000e+00
   endloop
 endfacet
 facet normal  0.000000e+00  0.000000e+00  1.000000e+00
   outer loop
     vertex -4.995762e+01 -3.169947e+01  2.000000e+00
     vertex -5.004238e+01 -3.169947e+01  2.000000e+00
     vertex -5.800000e+01 -3.800000e+01  2.000000e+00
   endloop
 endfacet
 facet normal  0.000000e+00  0.000000e+00  1.000000e+00
   outer loop
     vertex -5.169789e+01 -2.991526e+01  2.000000e+00
     vertex -5.800000e+01 -3.800000e+01  2.000000e+00
     vertex -5.170000e+01 -3.000000e+01  2.000000e+00
   endloop
 endfacet
 facet normal  0.000000e+00  0.000000e+00  1.000000e+00
   outer loop
     vertex -4.987296e+01 -3.169525e+01  2.000000e+00
     vertex -4.995762e+01 -3.169947e+01  2.000000e+00
     vertex -5.800000e+01 -3.800000e+01  2.000000e+00
   endloop
 endfacet
 facet normal  0.000000e+00  0.000000e+00  1.000000e+00
   outer loop
     vertex -5.169155e+01 -2.983073e+01  2.000000e+00
     vertex -5.800000e+01 -3.800000e+01  2.000000e+00
     vertex -5.169789e+01 -2.991526e+01  2.000000e+00
   endloop
 endfacet
 facet normal  0.000000e+00  0.000000e+00  1.000000e+00
   outer loop
     vertex -4.978862e+01 -3.168681e+01  2.000000e+00
     vertex -4.987296e+01 -3.169525e+01  2.000000e+00
     vertex -5.800000e+01 -3.800000e+01  2.000000e+00
   endloop
 endfacet
 facet normal  0.000000e+00  0.000000e+00  1.000000e+00
   outer loop
     vertex -5.168101e+01 -2.974663e+01  2.000000e+00
     vertex -5.800000e+01 -3.800000e+01  2.000000e+00
     vertex -5.169155e+01 -2.983073e+01  2.000000e+00
   endloop
 endfacet
 facet normal  0.000000e+00  0.000000e+00  1.000000e+00
   outer loop
     vertex -4.970480e+01 -3.167417e+01  2.000000e+00
     vertex -4.978862e+01 -3.168681e+01  2.000000e+00
     vertex -5.800000e+01 -3.800000e+01  2.000000e+00
   endloop
 endfacet
 facet normal  0.000000e+00  0.000000e+00  1.000000e+00
   outer loop
     vertex -5.166629e+01 -2.966315e+01  2.000000e+00
     vertex -5.800000e+01 -3.800000e+01  2.000000e+00
     vertex -5.168101e+01 -2.974663e+01  2.000000e+00
   endloop
 endfacet
 facet normal  0.000000e+00  0.000000e+00  1.000000e+00
   outer loop
     vertex -4.962171e+01 -3.165738e+01  2.000000e+00
     vertex -4.970480e+01 -3.167417e+01  2.000000e+00
     vertex -5.800000e+01 -3.800000e+01  2.000000e+00
   endloop
 endfacet
 facet normal  0.000000e+00  0.000000e+00  1.000000e+00
   outer loop
     vertex -5.164743e+01 -2.958051e+01  2.000000e+00
     vertex -5.800000e+01 -3.800000e+01  2.000000e+00
     vertex -5.166629e+01 -2.966315e+01  2.000000e+00
   endloop
 endfacet
 facet normal  0.000000e+00  0.000000e+00  1.000000e+00
   outer loop
     vertex -4.953957e+01 -3.163646e+01  2.000000e+00
     vertex -4.962171e+01 -3.165738e+01  2.000000e+00
     vertex -5.800000e+01 -3.800000e+01  2.000000e+00
   endloop
 endfacet
 facet normal  0.000000e+00  0.000000e+00  1.000000e+00
   outer loop
     vertex -5.162447e+01 -2.949892e+01  2.000000e+00
     vertex -5.800000e+01 -3.800000e+01  2.000000e+00
     vertex -5.164743e+01 -2.958051e+01  2.000000e+00
   endloop
 endfacet
 facet normal  0.000000e+00  0.000000e+00  1.000000e+00
   outer loop
     vertex -4.945857e+01 -3.161148e+01  2.000000e+00
     vertex -4.953957e+01 -3.163646e+01  2.000000e+00
     vertex -5.800000e+01 -3.800000e+01  2.000000e+00
   endloop
 endfacet
 facet normal  0.000000e+00  0.000000e+00  1.000000e+00
   outer loop
     vertex -5.159748e+01 -2.941857e+01  2.000000e+00
     vertex -5.800000e+01 -3.800000e+01  2.000000e+00
     vertex -5.162447e+01 -2.949892e+01  2.000000e+00
   endloop
 endfacet
 facet normal  0.000000e+00  0.000000e+00  1.000000e+00
   outer loop
     vertex -4.937892e+01 -3.158249e+01  2.000000e+00
     vertex -4.945857e+01 -3.161148e+01  2.000000e+00
     vertex -5.800000e+01 -3.800000e+01  2.000000e+00
   endloop
 endfacet
 facet normal  0.000000e+00  0.000000e+00  1.000000e+00
   outer loop
     vertex -5.156651e+01 -2.933966e+01  2.000000e+00
     vertex -5.800000e+01 -3.800000e+01  2.000000e+00
     vertex -5.159748e+01 -2.941857e+01  2.000000e+00
   endloop
 endfacet
 facet normal  0.000000e+00  0.000000e+00  1.000000e+00
   outer loop
     vertex -4.930081e+01 -3.154956e+01  2.000000e+00
     vertex -4.937892e+01 -3.158249e+01  2.000000e+00
     vertex -5.800000e+01 -3.800000e+01  2.000000e+00
   endloop
 endfacet
 facet normal  0.000000e+00  0.000000e+00  1.000000e+00
   outer loop
     vertex -5.153165e+01 -2.926240e+01  2.000000e+00
     vertex -5.800000e+01 -3.800000e+01  2.000000e+00
     vertex -5.156651e+01 -2.933966e+01  2.000000e+00
   endloop
 endfacet
 facet normal  0.000000e+00  0.000000e+00  1.000000e+00
   outer loop
     vertex -4.922444e+01 -3.151278e+01  2.000000e+00
     vertex -4.930081e+01 -3.154956e+01  2.000000e+00
     vertex -5.800000e+01 -3.800000e+01  2.000000e+00
   endloop
 endfacet
 facet normal  0.000000e+00  0.000000e+00  1.000000e+00
   outer loop
     vertex -5.149298e+01 -2.918697e+01  2.000000e+00
     vertex -5.800000e+01 -3.800000e+01  2.000000e+00
     vertex -5.153165e+01 -2.926240e+01  2.000000e+00
   endloop
 endfacet
 facet normal  0.000000e+00  0.000000e+00  1.000000e+00
   outer loop
     vertex -4.915000e+01 -3.147224e+01  2.000000e+00
     vertex -4.922444e+01 -3.151278e+01  2.000000e+00
     vertex -5.800000e+01 -3.800000e+01  2.000000e+00
   endloop
 endfacet
 facet normal  0.000000e+00  0.000000e+00  1.000000e+00
   outer loop
     vertex -5.145059e+01 -2.911356e+01  2.000000e+00
     vertex -5.800000e+01 -3.800000e+01  2.000000e+00
     vertex -5.149298e+01 -2.918697e+01  2.000000e+00
   endloop
 endfacet
 facet normal  0.000000e+00  0.000000e+00  1.000000e+00
   outer loop
     vertex -4.907767e+01 -3.142804e+01  2.000000e+00
     vertex -4.915000e+01 -3.147224e+01  2.000000e+00
     vertex -5.800000e+01 -3.800000e+01  2.000000e+00
   endloop
 endfacet
 facet normal  0.000000e+00  0.000000e+00  1.000000e+00
   outer loop
     vertex -5.124619e+01  2.884371e+01  2.000000e+00
     vertex -5.118700e+01 -2.878303e+01  2.000000e+00
     vertex -5.118700e+01  2.878303e+01  2.000000e+00
   endloop
 endfacet
 facet normal  0.000000e+00  0.000000e+00  1.000000e+00
   outer loop
     vertex -5.124619e+01  2.884371e+01  2.000000e+00
     vertex -5.124619e+01 -2.884371e+01  2.000000e+00
     vertex -5.118700e+01 -2.878303e+01  2.000000e+00
   endloop
 endfacet
 facet normal  0.000000e+00  0.000000e+00  1.000000e+00
   outer loop
     vertex -5.112487e+01  2.872537e+01  2.000000e+00
     vertex -5.118700e+01  2.878303e+01  2.000000e+00
     vertex -5.118700e+01 -2.878303e+01  2.000000e+00
   endloop
 endfacet
 facet normal  0.000000e+00  0.000000e+00  1.000000e+00
   outer loop
     vertex -5.112487e+01  2.872537e+01  2.000000e+00
     vertex -5.118700e+01 -2.878303e+01  2.000000e+00
     vertex -5.112487e+01 -2.872537e+01  2.000000e+00
   endloop
 endfacet
 facet normal  0.000000e+00  0.000000e+00  1.000000e+00
   outer loop
     vertex -5.130228e+01  2.890726e+01  2.000000e+00
     vertex -5.124619e+01 -2.884371e+01  2.000000e+00
     vertex -5.124619e+01  2.884371e+01  2.000000e+00
   endloop
 endfacet
 facet normal  0.000000e+00  0.000000e+00  1.000000e+00
   outer loop
     vertex -5.130228e+01  2.890726e+01  2.000000e+00
     vertex -5.130228e+01 -2.890726e+01  2.000000e+00
     vertex -5.124619e+01 -2.884371e+01  2.000000e+00
   endloop
 endfacet
 facet normal  0.000000e+00  0.000000e+00  1.000000e+00
   outer loop
     vertex -5.105993e+01  2.867089e+01  2.000000e+00
     vertex -5.112487e+01  2.872537e+01  2.000000e+00
     vertex -5.112487e+01 -2.872537e+01  2.000000e+00
   endloop
 endfacet
 facet normal  0.000000e+00  0.000000e+00  1.000000e+00
   outer loop
     vertex -5.105993e+01  2.867089e+01  2.000000e+00
     vertex -5.112487e+01 -2.872537e+01  2.000000e+00
     vertex -5.105993e+01 -2.867089e+01  2.000000e+00
   endloop
 endfacet
 facet normal  0.000000e+00  0.000000e+00  1.000000e+00
   outer loop
     vertex -5.135513e+01  2.897353e+01  2.000000e+00
     vertex -5.130228e+01 -2.890726e+01  2.000000e+00
     vertex -5.130228e+01  2.890726e+01  2.000000e+00
   endloop
 endfacet
 facet normal  0.000000e+00  0.000000e+00  1.000000e+00
   outer loop
     vertex -5.135513e+01  2.897353e+01  2.000000e+00
     vertex -5.140461e+01 -2.904236e+01  2.000000e+00
     vertex -5.135513e+01 -2.897353e+01  2.000000e+00
   endloop
 endfacet
 facet normal  0.000000e+00  0.000000e+00  1.000000e+00
   outer loop
     vertex -5.135513e+01  2.897353e+01  2.000000e+00
     vertex -5.135513e+01 -2.897353e+01  2.000000e+00
     vertex -5.130228e+01 -2.890726e+01  2.000000e+00
   endloop
 endfacet
 facet normal  0.000000e+00  0.000000e+00  1.000000e+00
   outer loop
     vertex -5.099236e+01  2.861971e+01  2.000000e+00
     vertex -5.105993e+01  2.867089e+01  2.000000e+00
     vertex -5.105993e+01 -2.867089e+01  2.000000e+00
   endloop
 endfacet
 facet normal  0.000000e+00  0.000000e+00  1.000000e+00
   outer loop
     vertex -5.099236e+01  2.861971e+01  2.000000e+00
     vertex -5.105993e+01 -2.867089e+01  2.000000e+00
     vertex -5.099236e+01 -2.861971e+01  2.000000e+00
   endloop
 endfacet
 facet normal  0.000000e+00  0.000000e+00  1.000000e+00
   outer loop
     vertex -5.140461e+01  2.904236e+01  2.000000e+00
     vertex -5.140461e+01 -2.904236e+01  2.000000e+00
     vertex -5.135513e+01  2.897353e+01  2.000000e+00
   endloop
 endfacet
 facet normal  0.000000e+00  0.000000e+00  1.000000e+00
   outer loop
     vertex -5.092233e+01  2.857196e+01  2.000000e+00
     vertex -5.099236e+01  2.861971e+01  2.000000e+00
     vertex -5.099236e+01 -2.861971e+01  2.000000e+00
   endloop
 endfacet
 facet normal  0.000000e+00  0.000000e+00  1.000000e+00
   outer loop
     vertex -5.092233e+01  2.857196e+01  2.000000e+00
     vertex -5.099236e+01 -2.861971e+01  2.000000e+00
     vertex -5.092233e+01 -2.857196e+01  2.000000e+00
   endloop
 endfacet
 facet normal  0.000000e+00  0.000000e+00  1.000000e+00
   outer loop
     vertex -5.092233e+01  2.857196e+01  2.000000e+00
     vertex -5.092233e+01 -2.857196e+01  2.000000e+00
     vertex -5.085000e+01 -2.852776e+01  2.000000e+00
   endloop
 endfacet
 facet normal  0.000000e+00  0.000000e+00  1.000000e+00
   outer loop
     vertex -5.145059e+01  2.911356e+01  2.000000e+00
     vertex -5.140461e+01 -2.904236e+01  2.000000e+00
     vertex -5.140461e+01  2.904236e+01  2.000000e+00
   endloop
 endfacet
 facet normal  0.000000e+00  0.000000e+00  1.000000e+00
   outer loop
     vertex -5.145059e+01  2.911356e+01  2.000000e+00
     vertex -5.145059e+01 -2.911356e+01  2.000000e+00
     vertex -5.140461e+01 -2.904236e+01  2.000000e+00
   endloop
 endfacet
 facet normal  0.000000e+00  0.000000e+00  1.000000e+00
   outer loop
     vertex -5.085000e+01  2.852776e+01  2.000000e+00
     vertex -5.092233e+01  2.857196e+01  2.000000e+00
     vertex -5.085000e+01 -2.852776e+01  2.000000e+00
   endloop
 endfacet
 facet normal  0.000000e+00  0.000000e+00  1.000000e+00
   outer loop
     vertex -5.077556e+01  2.848722e+01  2.000000e+00
     vertex -5.085000e+01  2.852776e+01  2.000000e+00
     vertex -5.085000e+01 -2.852776e+01  2.000000e+00
   endloop
 endfacet
 facet normal  0.000000e+00  0.000000e+00  1.000000e+00
   outer loop
     vertex -5.077556e+01  2.848722e+01  2.000000e+00
     vertex -5.085000e+01 -2.852776e+01  2.000000e+00
     vertex -5.077556e+01 -2.848722e+01  2.000000e+00
   endloop
 endfacet
 facet normal  0.000000e+00  0.000000e+00  1.000000e+00
   outer loop
     vertex -5.069919e+01  2.845044e+01  2.000000e+00
     vertex -5.077556e+01  2.848722e+01  2.000000e+00
     vertex -5.077556e+01 -2.848722e+01  2.000000e+00
   endloop
 endfacet
 facet normal  0.000000e+00  0.000000e+00  1.000000e+00
   outer loop
     vertex -5.069919e+01  2.845044e+01  2.000000e+00
     vertex -5.077556e+01 -2.848722e+01  2.000000e+00
     vertex -5.069919e+01 -2.845044e+01  2.000000e+00
   endloop
 endfacet
 facet normal  0.000000e+00  0.000000e+00  1.000000e+00
   outer loop
     vertex -5.062108e+01  2.841751e+01  2.000000e+00
     vertex -5.069919e+01  2.845044e+01  2.000000e+00
     vertex -5.069919e+01 -2.845044e+01  2.000000e+00
   endloop
 endfacet
 facet normal  0.000000e+00  0.000000e+00  1.000000e+00
   outer loop
     vertex -5.062108e+01  2.841751e+01  2.000000e+00
     vertex -5.069919e+01 -2.845044e+01  2.000000e+00
     vertex -5.062108e+01 -2.841751e+01  2.000000e+00
   endloop
 endfacet
 facet normal  0.000000e+00  0.000000e+00  1.000000e+00
   outer loop
     vertex -5.054143e+01  2.838852e+01  2.000000e+00
     vertex -5.062108e+01  2.841751e+01  2.000000e+00
     vertex -5.062108e+01 -2.841751e+01  2.000000e+00
   endloop
 endfacet
 facet normal  0.000000e+00  0.000000e+00  1.000000e+00
   outer loop
     vertex -5.054143e+01  2.838852e+01  2.000000e+00
     vertex -5.062108e+01 -2.841751e+01  2.000000e+00
     vertex -5.054143e+01 -2.838852e+01  2.000000e+00
   endloop
 endfacet
 facet normal  0.000000e+00  0.000000e+00  1.000000e+00
   outer loop
     vertex -5.054143e+01  2.838852e+01  2.000000e+00
     vertex -5.054143e+01 -2.838852e+01  2.000000e+00
     vertex -5.046043e+01 -2.836354e+01  2.000000e+00
   endloop
 endfacet
 facet normal  0.000000e+00  0.000000e+00  1.000000e+00
   outer loop
     vertex -5.046043e+01  2.836354e+01  2.000000e+00
     vertex -5.054143e+01  2.838852e+01  2.000000e+00
     vertex -5.046043e+01 -2.836354e+01  2.000000e+00
   endloop
 endfacet
 facet normal  0.000000e+00  0.000000e+00  1.000000e+00
   outer loop
     vertex -5.037829e+01  2.834262e+01  2.000000e+00
     vertex -5.046043e+01 -2.836354e+01  2.000000e+00
     vertex -5.037829e+01 -2.834262e+01  2.000000e+00
   endloop
 endfacet
 facet normal  0.000000e+00  0.000000e+00  1.000000e+00
   outer loop
     vertex -5.037829e+01  2.834262e+01  2.000000e+00
     vertex -5.037829e+01 -2.834262e+01  2.000000e+00
     vertex -5.029520e+01 -2.832583e+01  2.000000e+00
   endloop
 endfacet
 facet normal  0.000000e+00  0.000000e+00  1.000000e+00
   outer loop
     vertex -5.037829e+01  2.834262e+01  2.000000e+00
     vertex -5.046043e+01  2.836354e+01  2.000000e+00
     vertex -5.046043e+01 -2.836354e+01  2.000000e+00
   endloop
 endfacet
 facet normal  0.000000e+00  0.000000e+00  1.000000e+00
   outer loop
     vertex -5.029520e+01  2.832583e+01  2.000000e+00
     vertex -5.037829e+01  2.834262e+01  2.000000e+00
     vertex -5.029520e+01 -2.832583e+01  2.000000e+00
   endloop
 endfacet
 facet normal  0.000000e+00  0.000000e+00  1.000000e+00
   outer loop
     vertex -5.021138e+01  2.831319e+01  2.000000e+00
     vertex -5.029520e+01  2.832583e+01  2.000000e+00
     vertex -5.029520e+01 -2.832583e+01  2.000000e+00
   endloop
 endfacet
 facet normal  0.000000e+00  0.000000e+00  1.000000e+00
   outer loop
     vertex -5.021138e+01  2.831319e+01  2.000000e+00
     vertex -5.029520e+01 -2.832583e+01  2.000000e+00
     vertex -5.021138e+01 -2.831319e+01  2.000000e+00
   endloop
 endfacet
 facet normal  0.000000e+00  0.000000e+00  1.000000e+00
   outer loop
     vertex -5.012704e+01  2.830475e+01  2.000000e+00
     vertex -5.021138e+01  2.831319e+01  2.000000e+00
     vertex -5.021138e+01 -2.831319e+01  2.000000e+00
   endloop
 endfacet
 facet normal  0.000000e+00  0.000000e+00  1.000000e+00
   outer loop
     vertex -5.012704e+01  2.830475e+01  2.000000e+00
     vertex -5.021138e+01 -2.831319e+01  2.000000e+00
     vertex -5.012704e+01 -2.830475e+01  2.000000e+00
   endloop
 endfacet
 facet normal  0.000000e+00  0.000000e+00  1.000000e+00
   outer loop
     vertex -5.012704e+01  2.830475e+01  2.000000e+00
     vertex -5.012704e+01 -2.830475e+01  2.000000e+00
     vertex -5.004238e+01 -2.830053e+01  2.000000e+00
   endloop
 endfacet
 facet normal  0.000000e+00  0.000000e+00  1.000000e+00
   outer loop
     vertex -5.004238e+01  2.830053e+01  2.000000e+00
     vertex -5.012704e+01  2.830475e+01  2.000000e+00
     vertex -5.004238e+01 -2.830053e+01  2.000000e+00
   endloop
 endfacet
 facet normal  0.000000e+00  0.000000e+00  1.000000e+00
   outer loop
     vertex -4.995762e+01  2.830053e+01  2.000000e+00
     vertex -5.004238e+01  2.830053e+01  2.000000e+00
     vertex -5.004238e+01 -2.830053e+01  2.000000e+00
   endloop
 endfacet
 facet normal  0.000000e+00  0.000000e+00  1.000000e+00
   outer loop
     vertex -4.995762e+01  2.830053e+01  2.000000e+00
     vertex -5.004238e+01 -2.830053e+01  2.000000e+00
     vertex -4.995762e+01 -2.830053e+01  2.000000e+00
   endloop
 endfacet
 facet normal  0.000000e+00  0.000000e+00  1.000000e+00
   outer loop
     vertex -4.987296e+01  2.830475e+01  2.000000e+00
     vertex -4.995762e+01  2.830053e+01  2.000000e+00
     vertex -4.995762e+01 -2.830053e+01  2.000000e+00
   endloop
 endfacet
 facet normal  0.000000e+00  0.000000e+00  1.000000e+00
   outer loop
     vertex -4.987296e+01  2.830475e+01  2.000000e+00
     vertex -4.995762e+01 -2.830053e+01  2.000000e+00
     vertex -4.987296e+01 -2.830475e+01  2.000000e+00
   endloop
 endfacet
 facet normal  0.000000e+00  0.000000e+00  1.000000e+00
   outer loop
     vertex -4.978862e+01  2.831319e+01  2.000000e+00
     vertex -4.987296e+01 -2.830475e+01  2.000000e+00
     vertex -4.978862e+01 -2.831319e+01  2.000000e+00
   endloop
 endfacet
 facet normal  0.000000e+00  0.000000e+00  1.000000e+00
   outer loop
     vertex -4.978862e+01  2.831319e+01  2.000000e+00
     vertex -4.987296e+01  2.830475e+01  2.000000e+00
     vertex -4.987296e+01 -2.830475e+01  2.000000e+00
   endloop
 endfacet
 facet normal  0.000000e+00  0.000000e+00  1.000000e+00
   outer loop
     vertex -4.970480e+01  2.832583e+01  2.000000e+00
     vertex -4.978862e+01 -2.831319e+01  2.000000e+00
     vertex -4.970480e+01 -2.832583e+01  2.000000e+00
   endloop
 endfacet
 facet normal  0.000000e+00  0.000000e+00  1.000000e+00
   outer loop
     vertex -4.970480e+01  2.832583e+01  2.000000e+00
     vertex -4.978862e+01  2.831319e+01  2.000000e+00
     vertex -4.978862e+01 -2.831319e+01  2.000000e+00
   endloop
 endfacet
 facet normal  0.000000e+00  0.000000e+00  1.000000e+00
   outer loop
     vertex -4.962171e+01  2.834262e+01  2.000000e+00
     vertex -4.970480e+01 -2.832583e+01  2.000000e+00
     vertex -4.962171e+01 -2.834262e+01  2.000000e+00
   endloop
 endfacet
 facet normal  0.000000e+00  0.000000e+00  1.000000e+00
   outer loop
     vertex -4.962171e+01  2.834262e+01  2.000000e+00
     vertex -4.970480e+01  2.832583e+01  2.000000e+00
     vertex -4.970480e+01 -2.832583e+01  2.000000e+00
   endloop
 endfacet
 facet normal  0.000000e+00  0.000000e+00  1.000000e+00
   outer loop
     vertex -4.953957e+01  2.836354e+01  2.000000e+00
     vertex -4.962171e+01 -2.834262e+01  2.000000e+00
     vertex -4.953957e+01 -2.836354e+01  2.000000e+00
   endloop
 endfacet
 facet normal  0.000000e+00  0.000000e+00  1.000000e+00
   outer loop
     vertex -4.953957e+01  2.836354e+01  2.000000e+00
     vertex -4.962171e+01  2.834262e+01  2.000000e+00
     vertex -4.962171e+01 -2.834262e+01  2.000000e+00
   endloop
 endfacet
 facet normal  0.000000e+00  0.000000e+00  1.000000e+00
   outer loop
     vertex -4.945857e+01  2.838852e+01  2.000000e+00
     vertex -4.953957e+01 -2.836354e+01  2.000000e+00
     vertex -4.945857e+01 -2.838852e+01  2.000000e+00
   endloop
 endfacet
 facet normal  0.000000e+00  0.000000e+00  1.000000e+00
   outer loop
     vertex -4.945857e+01  2.838852e+01  2.000000e+00
     vertex -4.953957e+01  2.836354e+01  2.000000e+00
     vertex -4.953957e+01 -2.836354e+01  2.000000e+00
   endloop
 endfacet
 facet normal  0.000000e+00  0.000000e+00  1.000000e+00
   outer loop
     vertex -4.937892e+01  2.841751e+01  2.000000e+00
     vertex -4.945857e+01 -2.838852e+01  2.000000e+00
     vertex -4.937892e+01 -2.841751e+01  2.000000e+00
   endloop
 endfacet
 facet normal  0.000000e+00  0.000000e+00  1.000000e+00
   outer loop
     vertex -4.937892e+01  2.841751e+01  2.000000e+00
     vertex -4.945857e+01  2.838852e+01  2.000000e+00
     vertex -4.945857e+01 -2.838852e+01  2.000000e+00
   endloop
 endfacet
 facet normal  0.000000e+00  0.000000e+00  1.000000e+00
   outer loop
     vertex -4.930081e+01  2.845044e+01  2.000000e+00
     vertex -4.937892e+01 -2.841751e+01  2.000000e+00
     vertex -4.930081e+01 -2.845044e+01  2.000000e+00
   endloop
 endfacet
 facet normal  0.000000e+00  0.000000e+00  1.000000e+00
   outer loop
     vertex -4.930081e+01  2.845044e+01  2.000000e+00
     vertex -4.937892e+01  2.841751e+01  2.000000e+00
     vertex -4.937892e+01 -2.841751e+01  2.000000e+00
   endloop
 endfacet
 facet normal  0.000000e+00  0.000000e+00  1.000000e+00
   outer loop
     vertex -4.922444e+01  2.848722e+01  2.000000e+00
     vertex -4.930081e+01 -2.845044e+01  2.000000e+00
     vertex -4.922444e+01 -2.848722e+01  2.000000e+00
   endloop
 endfacet
 facet normal  0.000000e+00  0.000000e+00  1.000000e+00
   outer loop
     vertex -4.922444e+01  2.848722e+01  2.000000e+00
     vertex -4.930081e+01  2.845044e+01  2.000000e+00
     vertex -4.930081e+01 -2.845044e+01  2.000000e+00
   endloop
 endfacet
 facet normal  0.000000e+00  0.000000e+00  1.000000e+00
   outer loop
     vertex -4.915000e+01  2.852776e+01  2.000000e+00
     vertex -4.922444e+01 -2.848722e+01  2.000000e+00
     vertex -4.915000e+01 -2.852776e+01  2.000000e+00
   endloop
 endfacet
 facet normal  0.000000e+00  0.000000e+00  1.000000e+00
   outer loop
     vertex -4.915000e+01  2.852776e+01  2.000000e+00
     vertex -4.922444e+01  2.848722e+01  2.000000e+00
     vertex -4.922444e+01 -2.848722e+01  2.000000e+00
   endloop
 endfacet
 facet normal  0.000000e+00  0.000000e+00  1.000000e+00
   outer loop
     vertex -4.907767e+01  2.857196e+01  2.000000e+00
     vertex -4.915000e+01 -2.852776e+01  2.000000e+00
     vertex -4.907767e+01 -2.857196e+01  2.000000e+00
   endloop
 endfacet
 facet normal  0.000000e+00  0.000000e+00  1.000000e+00
   outer loop
     vertex -4.907767e+01  2.857196e+01  2.000000e+00
     vertex -4.907767e+01 -2.857196e+01  2.000000e+00
     vertex -4.900764e+01 -2.861971e+01  2.000000e+00
   endloop
 endfacet
 facet normal  0.000000e+00  0.000000e+00  1.000000e+00
   outer loop
     vertex -4.907767e+01  2.857196e+01  2.000000e+00
     vertex -4.915000e+01  2.852776e+01  2.000000e+00
     vertex -4.915000e+01 -2.852776e+01  2.000000e+00
   endloop
 endfacet
 facet normal  0.000000e+00  0.000000e+00  1.000000e+00
   outer loop
     vertex -4.900764e+01  2.861971e+01  2.000000e+00
     vertex -4.900764e+01 -2.861971e+01  2.000000e+00
     vertex -4.894007e+01 -2.867089e+01  2.000000e+00
   endloop
 endfacet
 facet normal  0.000000e+00  0.000000e+00  1.000000e+00
   outer loop
     vertex -4.900764e+01  2.861971e+01  2.000000e+00
     vertex -4.907767e+01  2.857196e+01  2.000000e+00
     vertex -4.900764e+01 -2.861971e+01  2.000000e+00
   endloop
 endfacet
 facet normal  0.000000e+00  0.000000e+00  1.000000e+00
   outer loop
     vertex -4.894007e+01  2.867089e+01  2.000000e+00
     vertex -4.900764e+01  2.861971e+01  2.000000e+00
     vertex -4.894007e+01 -2.867089e+01  2.000000e+00
   endloop
 endfacet
 facet normal  0.000000e+00  0.000000e+00  1.000000e+00
   outer loop
     vertex -4.887513e+01  2.872537e+01  2.000000e+00
     vertex -4.894007e+01 -2.867089e+01  2.000000e+00
     vertex -4.887513e+01 -2.872537e+01  2.000000e+00
   endloop
 endfacet
 facet normal  0.000000e+00  0.000000e+00  1.000000e+00
   outer loop
     vertex -4.887513e+01  2.872537e+01  2.000000e+00
     vertex -4.894007e+01  2.867089e+01  2.000000e+00
     vertex -4.894007e+01 -2.867089e+01  2.000000e+00
   endloop
 endfacet
 facet normal  0.000000e+00  0.000000e+00  1.000000e+00
   outer loop
     vertex -4.881300e+01  2.878303e+01  2.000000e+00
     vertex -4.887513e+01 -2.872537e+01  2.000000e+00
     vertex -4.881300e+01 -2.878303e+01  2.000000e+00
   endloop
 endfacet
 facet normal  0.000000e+00  0.000000e+00  1.000000e+00
   outer loop
     vertex -4.881300e+01  2.878303e+01  2.000000e+00
     vertex -4.881300e+01 -2.878303e+01  2.000000e+00
     vertex -4.875381e+01 -2.884371e+01  2.000000e+00
   endloop
 endfacet
 facet normal  0.000000e+00  0.000000e+00  1.000000e+00
   outer loop
     vertex -4.881300e+01  2.878303e+01  2.000000e+00
     vertex -4.887513e+01  2.872537e+01  2.000000e+00
     vertex -4.887513e+01 -2.872537e+01  2.000000e+00
   endloop
 endfacet
 facet normal  0.000000e+00  0.000000e+00  1.000000e+00
   outer loop
     vertex -5.800000e+01  3.800000e+01  2.000000e+00
     vertex -5.145059e+01  2.911356e+01  2.000000e+00
     vertex -5.149298e+01  2.918697e+01  2.000000e+00
   endloop
 endfacet
 facet normal  0.000000e+00  0.000000e+00  1.000000e+00
   outer loop
     vertex -5.800000e+01  3.800000e+01  2.000000e+00
     vertex -5.149298e+01  2.918697e+01  2.000000e+00
     vertex -5.153165e+01  2.926240e+01  2.000000e+00
   endloop
 endfacet
 facet normal  0.000000e+00  0.000000e+00  1.000000e+00
   outer loop
     vertex -5.800000e+01  3.800000e+01  2.000000e+00
     vertex -5.153165e+01  2.926240e+01  2.000000e+00
     vertex -5.156651e+01  2.933966e+01  2.000000e+00
   endloop
 endfacet
 facet normal  0.000000e+00  0.000000e+00  1.000000e+00
   outer loop
     vertex -5.800000e+01  3.800000e+01  2.000000e+00
     vertex -5.156651e+01  2.933966e+01  2.000000e+00
     vertex -5.159748e+01  2.941857e+01  2.000000e+00
   endloop
 endfacet
 facet normal  0.000000e+00  0.000000e+00  1.000000e+00
   outer loop
     vertex -5.800000e+01  3.800000e+01  2.000000e+00
     vertex -5.159748e+01  2.941857e+01  2.000000e+00
     vertex -5.162447e+01  2.949892e+01  2.000000e+00
   endloop
 endfacet
 facet normal  0.000000e+00  0.000000e+00  1.000000e+00
   outer loop
     vertex -5.800000e+01  3.800000e+01  2.000000e+00
     vertex -5.162447e+01  2.949892e+01  2.000000e+00
     vertex -5.164743e+01  2.958051e+01  2.000000e+00
   endloop
 endfacet
 facet normal  0.000000e+00  0.000000e+00  1.000000e+00
   outer loop
     vertex -5.800000e+01  3.800000e+01  2.000000e+00
     vertex -5.164743e+01  2.958051e+01  2.000000e+00
     vertex -5.166629e+01  2.966315e+01  2.000000e+00
   endloop
 endfacet
 facet normal  0.000000e+00  0.000000e+00  1.000000e+00
   outer loop
     vertex -5.800000e+01  3.800000e+01  2.000000e+00
     vertex -5.166629e+01  2.966315e+01  2.000000e+00
     vertex -5.168101e+01  2.974663e+01  2.000000e+00
   endloop
 endfacet
 facet normal  0.000000e+00  0.000000e+00  1.000000e+00
   outer loop
     vertex -5.800000e+01  3.800000e+01  2.000000e+00
     vertex -5.168101e+01  2.974663e+01  2.000000e+00
     vertex -5.169155e+01  2.983073e+01  2.000000e+00
   endloop
 endfacet
 facet normal  0.000000e+00  0.000000e+00  1.000000e+00
   outer loop
     vertex -5.800000e+01  3.800000e+01  2.000000e+00
     vertex -5.169155e+01  2.983073e+01  2.000000e+00
     vertex -5.169789e+01  2.991526e+01  2.000000e+00
   endloop
 endfacet
 facet normal  0.000000e+00  0.000000e+00  1.000000e+00
   outer loop
     vertex -5.800000e+01  3.800000e+01  2.000000e+00
     vertex -5.169789e+01  2.991526e+01  2.000000e+00
     vertex -5.170000e+01  3.000000e+01  2.000000e+00
   endloop
 endfacet
 facet normal  0.000000e+00  0.000000e+00  1.000000e+00
   outer loop
     vertex -5.800000e+01  3.800000e+01  2.000000e+00
     vertex -5.170000e+01  3.000000e+01  2.000000e+00
     vertex -5.169789e+01  3.008474e+01  2.000000e+00
   endloop
 endfacet
 facet normal  0.000000e+00  0.000000e+00  1.000000e+00
   outer loop
     vertex -5.800000e+01  3.800000e+01  2.000000e+00
     vertex -5.169789e+01  3.008474e+01  2.000000e+00
     vertex -5.169155e+01  3.016927e+01  2.000000e+00
   endloop
 endfacet
 facet normal  0.000000e+00  0.000000e+00  1.000000e+00
   outer loop
     vertex -5.800000e+01  3.800000e+01  2.000000e+00
     vertex -5.169155e+01  3.016927e+01  2.000000e+00
     vertex -5.168101e+01  3.025337e+01  2.000000e+00
   endloop
 endfacet
 facet normal  0.000000e+00  0.000000e+00  1.000000e+00
   outer loop
     vertex -5.800000e+01  3.800000e+01  2.000000e+00
     vertex -5.168101e+01  3.025337e+01  2.000000e+00
     vertex -5.166629e+01  3.033685e+01  2.000000e+00
   endloop
 endfacet
 facet normal  0.000000e+00  0.000000e+00  1.000000e+00
   outer loop
     vertex -5.800000e+01  3.800000e+01  2.000000e+00
     vertex -5.166629e+01  3.033685e+01  2.000000e+00
     vertex -5.164743e+01  3.041949e+01  2.000000e+00
   endloop
 endfacet
 facet normal  0.000000e+00  0.000000e+00  1.000000e+00
   outer loop
     vertex -5.800000e+01  3.800000e+01  2.000000e+00
     vertex -5.164743e+01  3.041949e+01  2.000000e+00
     vertex -5.162447e+01  3.050108e+01  2.000000e+00
   endloop
 endfacet
 facet normal  0.000000e+00  0.000000e+00  1.000000e+00
   outer loop
     vertex -5.800000e+01  3.800000e+01  2.000000e+00
     vertex -5.162447e+01  3.050108e+01  2.000000e+00
     vertex -5.159748e+01  3.058143e+01  2.000000e+00
   endloop
 endfacet
 facet normal  0.000000e+00  0.000000e+00  1.000000e+00
   outer loop
     vertex -5.800000e+01  3.800000e+01  2.000000e+00
     vertex -5.159748e+01  3.058143e+01  2.000000e+00
     vertex -5.156651e+01  3.066034e+01  2.000000e+00
   endloop
 endfacet
 facet normal  0.000000e+00  0.000000e+00  1.000000e+00
   outer loop
     vertex -5.800000e+01  3.800000e+01  2.000000e+00
     vertex -5.156651e+01  3.066034e+01  2.000000e+00
     vertex -5.153165e+01  3.073760e+01  2.000000e+00
   endloop
 endfacet
 facet normal  0.000000e+00  0.000000e+00  1.000000e+00
   outer loop
     vertex -5.800000e+01  3.800000e+01  2.000000e+00
     vertex -5.153165e+01  3.073760e+01  2.000000e+00
     vertex -5.149298e+01  3.081303e+01  2.000000e+00
   endloop
 endfacet
 facet normal  0.000000e+00  0.000000e+00  1.000000e+00
   outer loop
     vertex -5.800000e+01  3.800000e+01  2.000000e+00
     vertex -5.149298e+01  3.081303e+01  2.000000e+00
     vertex -5.145059e+01  3.088644e+01  2.000000e+00
   endloop
 endfacet
 facet normal  0.000000e+00  0.000000e+00  1.000000e+00
   outer loop
     vertex -5.800000e+01  3.800000e+01  2.000000e+00
     vertex -5.145059e+01  3.088644e+01  2.000000e+00
     vertex -5.140461e+01  3.095764e+01  2.000000e+00
   endloop
 endfacet
 facet normal  0.000000e+00  0.000000e+00  1.000000e+00
   outer loop
     vertex -5.800000e+01  3.800000e+01  2.000000e+00
     vertex -5.140461e+01  3.095764e+01  2.000000e+00
     vertex -5.135513e+01  3.102647e+01  2.000000e+00
   endloop
 endfacet
 facet normal  0.000000e+00  0.000000e+00  1.000000e+00
   outer loop
     vertex -5.800000e+01  3.800000e+01  2.000000e+00
     vertex -5.135513e+01  3.102647e+01  2.000000e+00
     vertex -5.130228e+01  3.109274e+01  2.000000e+00
   endloop
 endfacet
 facet normal  0.000000e+00  0.000000e+00  1.000000e+00
   outer loop
     vertex -5.800000e+01  3.800000e+01  2.000000e+00
     vertex -5.130228e+01  3.109274e+01  2.000000e+00
     vertex -5.124619e+01  3.115629e+01  2.000000e+00
   endloop
 endfacet
 facet normal  0.000000e+00  0.000000e+00  1.000000e+00
   outer loop
     vertex -5.800000e+01  3.800000e+01  2.000000e+00
     vertex -5.145059e+01 -2.911356e+01  2.000000e+00
     vertex -5.145059e+01  2.911356e+01  2.000000e+00
   endloop
 endfacet
 facet normal  0.000000e+00  0.000000e+00  1.000000e+00
   outer loop
     vertex -5.800000e+01  3.800000e+01  2.000000e+00
     vertex -5.800000e+01 -3.800000e+01  2.000000e+00
     vertex -5.145059e+01 -2.911356e+01  2.000000e+00
   endloop
 endfacet
 facet normal  0.000000e+00  0.000000e+00  1.000000e+00
   outer loop
     vertex -5.118700e+01  3.121697e+01  2.000000e+00
     vertex -5.800000e+01  3.800000e+01  2.000000e+00
     vertex -5.124619e+01  3.115629e+01  2.000000e+00
   endloop
 endfacet
 facet normal  0.000000e+00  0.000000e+00  1.000000e+00
   outer loop
     vertex -4.875381e+01  2.884371e+01  2.000000e+00
     vertex -4.881300e+01  2.878303e+01  2.000000e+00
     vertex -4.875381e+01 -2.884371e+01  2.000000e+00
   endloop
 endfacet
 facet normal  0.000000e+00  0.000000e+00  1.000000e+00
   outer loop
     vertex -5.112487e+01  3.127463e+01  2.000000e+00
     vertex -5.800000e+01  3.800000e+01  2.000000e+00
     vertex -5.118700e+01  3.121697e+01  2.000000e+00
   endloop
 endfacet
 facet normal  0.000000e+00  0.000000e+00  1.000000e+00
   outer loop
     vertex -4.869772e+01  2.890726e+01  2.000000e+00
     vertex -4.875381e+01 -2.884371e+01  2.000000e+00
     vertex -4.869772e+01 -2.890726e+01  2.000000e+00
   endloop
 endfacet
 facet normal  0.000000e+00  0.000000e+00  1.000000e+00
   outer loop
     vertex -4.869772e+01  2.890726e+01  2.000000e+00
     vertex -4.875381e+01  2.884371e+01  2.000000e+00
     vertex -4.875381e+01 -2.884371e+01  2.000000e+00
   endloop
 endfacet
 facet normal  0.000000e+00  0.000000e+00  1.000000e+00
   outer loop
     vertex -5.105993e+01  3.132911e+01  2.000000e+00
     vertex -5.800000e+01  3.800000e+01  2.000000e+00
     vertex -5.112487e+01  3.127463e+01  2.000000e+00
   endloop
 endfacet
 facet normal  0.000000e+00  0.000000e+00  1.000000e+00
   outer loop
     vertex -4.864487e+01  2.897353e+01  2.000000e+00
     vertex -4.869772e+01 -2.890726e+01  2.000000e+00
     vertex -4.864487e+01 -2.897353e+01  2.000000e+00
   endloop
 endfacet
 facet normal  0.000000e+00  0.000000e+00  1.000000e+00
   outer loop
     vertex -4.864487e+01  2.897353e+01  2.000000e+00
     vertex -4.869772e+01  2.890726e+01  2.000000e+00
     vertex -4.869772e+01 -2.890726e+01  2.000000e+00
   endloop
 endfacet
 facet normal  0.000000e+00  0.000000e+00  1.000000e+00
   outer loop
     vertex -5.099236e+01  3.138029e+01  2.000000e+00
     vertex -5.800000e+01  3.800000e+01  2.000000e+00
     vertex -5.105993e+01  3.132911e+01  2.000000e+00
   endloop
 endfacet
 facet normal  0.000000e+00  0.000000e+00  1.000000e+00
   outer loop
     vertex -4.859539e+01  2.904236e+01  2.000000e+00
     vertex -4.864487e+01 -2.897353e+01  2.000000e+00
     vertex -4.859539e+01 -2.904236e+01  2.000000e+00
   endloop
 endfacet
 facet normal  0.000000e+00  0.000000e+00  1.000000e+00
   outer loop
     vertex -4.859539e+01  2.904236e+01  2.000000e+00
     vertex -4.864487e+01  2.897353e+01  2.000000e+00
     vertex -4.864487e+01 -2.897353e+01  2.000000e+00
   endloop
 endfacet
 facet normal  0.000000e+00  0.000000e+00  1.000000e+00
   outer loop
     vertex -5.092233e+01  3.142804e+01  2.000000e+00
     vertex -5.800000e+01  3.800000e+01  2.000000e+00
     vertex -5.099236e+01  3.138029e+01  2.000000e+00
   endloop
 endfacet
 facet normal  0.000000e+00  0.000000e+00  1.000000e+00
   outer loop
     vertex -4.854941e+01  2.911356e+01  2.000000e+00
     vertex -4.859539e+01 -2.904236e+01  2.000000e+00
     vertex -4.854941e+01 -2.911356e+01  2.000000e+00
   endloop
 endfacet
 facet normal  0.000000e+00  0.000000e+00  1.000000e+00
   outer loop
     vertex -4.854941e+01  2.911356e+01  2.000000e+00
     vertex -4.859539e+01  2.904236e+01  2.000000e+00
     vertex -4.859539e+01 -2.904236e+01  2.000000e+00
   endloop
 endfacet
 facet normal  0.000000e+00  0.000000e+00  1.000000e+00
   outer loop
     vertex -5.085000e+01  3.147224e+01  2.000000e+00
     vertex -5.800000e+01  3.800000e+01  2.000000e+00
     vertex -5.092233e+01  3.142804e+01  2.000000e+00
   endloop
 endfacet
 facet normal  0.000000e+00  0.000000e+00  1.000000e+00
   outer loop
     vertex -5.077556e+01  3.151278e+01  2.000000e+00
     vertex -5.800000e+01  3.800000e+01  2.000000e+00
     vertex -5.085000e+01  3.147224e+01  2.000000e+00
   endloop
 endfacet
 facet normal  0.000000e+00  0.000000e+00  1.000000e+00
   outer loop
     vertex -5.069919e+01  3.154956e+01  2.000000e+00
     vertex -5.800000e+01  3.800000e+01  2.000000e+00
     vertex -5.077556e+01  3.151278e+01  2.000000e+00
   endloop
 endfacet
 facet normal  0.000000e+00  0.000000e+00  1.000000e+00
   outer loop
     vertex -5.062108e+01  3.158249e+01  2.000000e+00
     vertex -5.800000e+01  3.800000e+01  2.000000e+00
     vertex -5.069919e+01  3.154956e+01  2.000000e+00
   endloop
 endfacet
 facet normal  0.000000e+00  0.000000e+00  1.000000e+00
   outer loop
     vertex -5.054143e+01  3.161148e+01  2.000000e+00
     vertex -5.800000e+01  3.800000e+01  2.000000e+00
     vertex -5.062108e+01  3.158249e+01  2.000000e+00
   endloop
 endfacet
 facet normal  0.000000e+00  0.000000e+00  1.000000e+00
   outer loop
     vertex -5.046043e+01  3.163646e+01  2.000000e+00
     vertex -5.800000e+01  3.800000e+01  2.000000e+00
     vertex -5.054143e+01  3.161148e+01  2.000000e+00
   endloop
 endfacet
 facet normal  0.000000e+00  0.000000e+00  1.000000e+00
   outer loop
     vertex -5.037829e+01  3.165738e+01  2.000000e+00
     vertex -5.800000e+01  3.800000e+01  2.000000e+00
     vertex -5.046043e+01  3.163646e+01  2.000000e+00
   endloop
 endfacet
 facet normal  0.000000e+00  0.000000e+00  1.000000e+00
   outer loop
     vertex -5.029520e+01  3.167417e+01  2.000000e+00
     vertex -5.800000e+01  3.800000e+01  2.000000e+00
     vertex -5.037829e+01  3.165738e+01  2.000000e+00
   endloop
 endfacet
 facet normal  0.000000e+00  0.000000e+00  1.000000e+00
   outer loop
     vertex -5.021138e+01  3.168681e+01  2.000000e+00
     vertex -5.800000e+01  3.800000e+01  2.000000e+00
     vertex -5.029520e+01  3.167417e+01  2.000000e+00
   endloop
 endfacet
 facet normal  0.000000e+00  0.000000e+00  1.000000e+00
   outer loop
     vertex -5.012704e+01  3.169525e+01  2.000000e+00
     vertex -5.800000e+01  3.800000e+01  2.000000e+00
     vertex -5.021138e+01  3.168681e+01  2.000000e+00
   endloop
 endfacet
 facet normal  0.000000e+00  0.000000e+00  1.000000e+00
   outer loop
     vertex -5.004238e+01  3.169947e+01  2.000000e+00
     vertex -5.800000e+01  3.800000e+01  2.000000e+00
     vertex -5.012704e+01  3.169525e+01  2.000000e+00
   endloop
 endfacet
 facet normal  0.000000e+00  0.000000e+00  1.000000e+00
   outer loop
     vertex -4.995762e+01  3.169947e+01  2.000000e+00
     vertex -5.800000e+01  3.800000e+01  2.000000e+00
     vertex -5.004238e+01  3.169947e+01  2.000000e+00
   endloop
 endfacet
 facet normal  0.000000e+00  0.000000e+00  1.000000e+00
   outer loop
     vertex -4.987296e+01  3.169525e+01  2.000000e+00
     vertex -5.800000e+01  3.800000e+01  2.000000e+00
     vertex -4.995762e+01  3.169947e+01  2.000000e+00
   endloop
 endfacet
 facet normal  0.000000e+00  0.000000e+00  1.000000e+00
   outer loop
     vertex -4.978862e+01  3.168681e+01  2.000000e+00
     vertex -5.800000e+01  3.800000e+01  2.000000e+00
     vertex -4.987296e+01  3.169525e+01  2.000000e+00
   endloop
 endfacet
 facet normal  0.000000e+00  0.000000e+00  1.000000e+00
   outer loop
     vertex -4.970480e+01  3.167417e+01  2.000000e+00
     vertex -5.800000e+01  3.800000e+01  2.000000e+00
     vertex -4.978862e+01  3.168681e+01  2.000000e+00
   endloop
 endfacet
 facet normal  0.000000e+00  0.000000e+00  1.000000e+00
   outer loop
     vertex -4.962171e+01  3.165738e+01  2.000000e+00
     vertex -5.800000e+01  3.800000e+01  2.000000e+00
     vertex -4.970480e+01  3.167417e+01  2.000000e+00
   endloop
 endfacet
 facet normal  0.000000e+00  0.000000e+00  1.000000e+00
   outer loop
     vertex -4.953957e+01  3.163646e+01  2.000000e+00
     vertex -5.800000e+01  3.800000e+01  2.000000e+00
     vertex -4.962171e+01  3.165738e+01  2.000000e+00
   endloop
 endfacet
 facet normal  0.000000e+00  0.000000e+00  1.000000e+00
   outer loop
     vertex -4.945857e+01  3.161148e+01  2.000000e+00
     vertex -5.800000e+01  3.800000e+01  2.000000e+00
     vertex -4.953957e+01  3.163646e+01  2.000000e+00
   endloop
 endfacet
 facet normal  0.000000e+00  0.000000e+00  1.000000e+00
   outer loop
     vertex -4.937892e+01  3.158249e+01  2.000000e+00
     vertex -5.800000e+01  3.800000e+01  2.000000e+00
     vertex -4.945857e+01  3.161148e+01  2.000000e+00
   endloop
 endfacet
 facet normal  0.000000e+00  0.000000e+00  1.000000e+00
   outer loop
     vertex -4.930081e+01  3.154956e+01  2.000000e+00
     vertex -5.800000e+01  3.800000e+01  2.000000e+00
     vertex -4.937892e+01  3.158249e+01  2.000000e+00
   endloop
 endfacet
 facet normal  0.000000e+00  0.000000e+00  1.000000e+00
   outer loop
     vertex -4.922444e+01  3.151278e+01  2.000000e+00
     vertex -5.800000e+01  3.800000e+01  2.000000e+00
     vertex -4.930081e+01  3.154956e+01  2.000000e+00
   endloop
 endfacet
 facet normal  0.000000e+00  0.000000e+00  1.000000e+00
   outer loop
     vertex -4.915000e+01  3.147224e+01  2.000000e+00
     vertex -5.800000e+01  3.800000e+01  2.000000e+00
     vertex -4.922444e+01  3.151278e+01  2.000000e+00
   endloop
 endfacet
 facet normal  0.000000e+00  0.000000e+00  1.000000e+00
   outer loop
     vertex -4.907767e+01  3.142804e+01  2.000000e+00
     vertex -5.800000e+01  3.800000e+01  2.000000e+00
     vertex -4.915000e+01  3.147224e+01  2.000000e+00
   endloop
 endfacet
 facet normal  0.000000e+00  0.000000e+00  1.000000e+00
   outer loop
     vertex  4.881300e+01 -3.121697e+01  2.000000e+00
     vertex -4.881300e+01 -3.121697e+01  2.000000e+00
     vertex -4.887513e+01 -3.127463e+01  2.000000e+00
   endloop
 endfacet
 facet normal  0.000000e+00  0.000000e+00  1.000000e+00
   outer loop
     vertex  4.875381e+01 -3.115629e+01  2.000000e+00
     vertex -4.875381e+01 -3.115629e+01  2.000000e+00
     vertex -4.881300e+01 -3.121697e+01  2.000000e+00
   endloop
 endfacet
 facet normal  0.000000e+00  0.000000e+00  1.000000e+00
   outer loop
     vertex  4.875381e+01 -3.115629e+01  2.000000e+00
     vertex -4.881300e+01 -3.121697e+01  2.000000e+00
     vertex  4.881300e+01 -3.121697e+01  2.000000e+00
   endloop
 endfacet
 facet normal  0.000000e+00  0.000000e+00  1.000000e+00
   outer loop
     vertex  4.887513e+01 -3.127463e+01  2.000000e+00
     vertex  4.881300e+01 -3.121697e+01  2.000000e+00
     vertex -4.887513e+01 -3.127463e+01  2.000000e+00
   endloop
 endfacet
 facet normal  0.000000e+00  0.000000e+00  1.000000e+00
   outer loop
     vertex  4.869772e+01 -3.109274e+01  2.000000e+00
     vertex -4.869772e+01 -3.109274e+01  2.000000e+00
     vertex -4.875381e+01 -3.115629e+01  2.000000e+00
   endloop
 endfacet
 facet normal  0.000000e+00  0.000000e+00  1.000000e+00
   outer loop
     vertex  4.869772e+01 -3.109274e+01  2.000000e+00
     vertex -4.875381e+01 -3.115629e+01  2.000000e+00
     vertex  4.875381e+01 -3.115629e+01  2.000000e+00
   endloop
 endfacet
 facet normal  0.000000e+00  0.000000e+00  1.000000e+00
   outer loop
     vertex  4.894007e+01 -3.132911e+01  2.000000e+00
     vertex -4.887513e+01 -3.127463e+01  2.000000e+00
     vertex -4.894007e+01 -3.132911e+01  2.000000e+00
   endloop
 endfacet
 facet normal  0.000000e+00  0.000000e+00  1.000000e+00
   outer loop
     vertex  4.894007e+01 -3.132911e+01  2.000000e+00
     vertex  4.887513e+01 -3.127463e+01  2.000000e+00
     vertex -4.887513e+01 -3.127463e+01  2.000000e+00
   endloop
 endfacet
 facet normal  0.000000e+00  0.000000e+00  1.000000e+00
   outer loop
     vertex  4.864487e+01 -3.102647e+01  2.000000e+00
     vertex -4.859539e+01 -3.095764e+01  2.000000e+00
     vertex -4.864487e+01 -3.102647e+01  2.000000e+00
   endloop
 endfacet
 facet normal  0.000000e+00  0.000000e+00  1.000000e+00
   outer loop
     vertex  4.864487e+01 -3.102647e+01  2.000000e+00
     vertex -4.864487e+01 -3.102647e+01  2.000000e+00
     vertex -4.869772e+01 -3.109274e+01  2.000000e+00
   endloop
 endfacet
 facet normal  0.000000e+00  0.000000e+00  1.000000e+00
   outer loop
     vertex  4.864487e+01 -3.102647e+01  2.000000e+00
     vertex -4.869772e+01 -3.109274e+01  2.000000e+00
     vertex  4.869772e+01 -3.109274e+01  2.000000e+00
   endloop
 endfacet
 facet normal  0.000000e+00  0.000000e+00  1.000000e+00
   outer loop
     vertex  4.900764e+01 -3.138029e+01  2.000000e+00
     vertex  4.894007e+01 -3.132911e+01  2.000000e+00
     vertex -4.894007e+01 -3.132911e+01  2.000000e+00
   endloop
 endfacet
 facet normal  0.000000e+00  0.000000e+00  1.000000e+00
   outer loop
     vertex  4.900764e+01 -3.138029e+01  2.000000e+00
     vertex -4.894007e+01 -3.132911e+01  2.000000e+00
     vertex -4.900764e+01 -3.138029e+01  2.000000e+00
   endloop
 endfacet
 facet normal  0.000000e+00  0.000000e+00  1.000000e+00
   outer loop
     vertex  4.859539e+01 -3.095764e+01  2.000000e+00
     vertex -4.859539e+01 -3.095764e+01  2.000000e+00
     vertex  4.864487e+01 -3.102647e+01  2.000000e+00
   endloop
 endfacet
 facet normal  0.000000e+00  0.000000e+00  1.000000e+00
   outer loop
     vertex  4.907767e+01 -3.142804e+01  2.000000e+00
     vertex -4.907767e+01 -3.142804e+01  2.000000e+00
     vertex -5.800000e+01 -3.800000e+01  2.000000e+00
   endloop
 endfacet
 facet normal  0.000000e+00  0.000000e+00  1.000000e+00
   outer loop
     vertex  4.907767e+01 -3.142804e+01  2.000000e+00
     vertex -4.900764e+01 -3.138029e+01  2.000000e+00
     vertex -4.907767e+01 -3.142804e+01  2.000000e+00
   endloop
 endfacet
 facet normal  0.000000e+00  0.000000e+00  1.000000e+00
   outer loop
     vertex  4.907767e+01 -3.142804e+01  2.000000e+00
     vertex  4.900764e+01 -3.138029e+01  2.000000e+00
     vertex -4.900764e+01 -3.138029e+01  2.000000e+00
   endloop
 endfacet
 facet normal  0.000000e+00  0.000000e+00  1.000000e+00
   outer loop
     vertex  4.854941e+01 -3.088644e+01  2.000000e+00
     vertex -4.854941e+01 -3.088644e+01  2.000000e+00
     vertex -4.859539e+01 -3.095764e+01  2.000000e+00
   endloop
 endfacet
 facet normal  0.000000e+00  0.000000e+00  1.000000e+00
   outer loop
     vertex  4.854941e+01 -3.088644e+01  2.000000e+00
     vertex -4.859539e+01 -3.095764e+01  2.000000e+00
     vertex  4.859539e+01 -3.095764e+01  2.000000e+00
   endloop
 endfacet
 facet normal  0.000000e+00  0.000000e+00  1.000000e+00
   outer loop
     vertex  4.850702e+01 -3.081303e+01  2.000000e+00
     vertex -4.850702e+01 -3.081303e+01  2.000000e+00
     vertex -4.854941e+01 -3.088644e+01  2.000000e+00
   endloop
 endfacet
 facet normal  0.000000e+00  0.000000e+00  1.000000e+00
   outer loop
     vertex  4.850702e+01 -3.081303e+01  2.000000e+00
     vertex -4.854941e+01 -3.088644e+01  2.000000e+00
     vertex  4.854941e+01 -3.088644e+01  2.000000e+00
   endloop
 endfacet
 facet normal  0.000000e+00  0.000000e+00  1.000000e+00
   outer loop
     vertex  4.846835e+01 -3.073760e+01  2.000000e+00
     vertex -4.850702e+01 -3.081303e+01  2.000000e+00
     vertex  4.850702e+01 -3.081303e+01  2.000000e+00
   endloop
 endfacet
 facet normal  0.000000e+00  0.000000e+00  1.000000e+00
   outer loop
     vertex  4.846835e+01 -3.073760e+01  2.000000e+00
     vertex -4.846835e+01 -3.073760e+01  2.000000e+00
     vertex -4.850702e+01 -3.081303e+01  2.000000e+00
   endloop
 endfacet
 facet normal  0.000000e+00  0.000000e+00  1.000000e+00
   outer loop
     vertex  4.843349e+01 -3.066034e+01  2.000000e+00
     vertex -4.840252e+01 -3.058143e+01  2.000000e+00
     vertex -4.843349e+01 -3.066034e+01  2.000000e+00
   endloop
 endfacet
 facet normal  0.000000e+00  0.000000e+00  1.000000e+00
   outer loop
     vertex  4.843349e+01 -3.066034e+01  2.000000e+00
     vertex -4.843349e+01 -3.066034e+01  2.000000e+00
     vertex -4.846835e+01 -3.073760e+01  2.000000e+00
   endloop
 endfacet
 facet normal  0.000000e+00  0.000000e+00  1.000000e+00
   outer loop
     vertex  4.843349e+01 -3.066034e+01  2.000000e+00
     vertex -4.846835e+01 -3.073760e+01  2.000000e+00
     vertex  4.846835e+01 -3.073760e+01  2.000000e+00
   endloop
 endfacet
 facet normal  0.000000e+00  0.000000e+00  1.000000e+00
   outer loop
     vertex  4.840252e+01 -3.058143e+01  2.000000e+00
     vertex -4.840252e+01 -3.058143e+01  2.000000e+00
     vertex  4.843349e+01 -3.066034e+01  2.000000e+00
   endloop
 endfacet
 facet normal  0.000000e+00  0.000000e+00  1.000000e+00
   outer loop
     vertex  4.837553e+01 -3.050108e+01  2.000000e+00
     vertex -4.835257e+01 -3.041949e+01  2.000000e+00
     vertex -4.837553e+01 -3.050108e+01  2.000000e+00
   endloop
 endfacet
 facet normal  0.000000e+00  0.000000e+00  1.000000e+00
   outer loop
     vertex  4.837553e+01 -3.050108e+01  2.000000e+00
     vertex -4.837553e+01 -3.050108e+01  2.000000e+00
     vertex -4.840252e+01 -3.058143e+01  2.000000e+00
   endloop
 endfacet
 facet normal  0.000000e+00  0.000000e+00  1.000000e+00
   outer loop
     vertex  4.837553e+01 -3.050108e+01  2.000000e+00
     vertex -4.840252e+01 -3.058143e+01  2.000000e+00
     vertex  4.840252e+01 -3.058143e+01  2.000000e+00
   endloop
 endfacet
 facet normal  0.000000e+00  0.000000e+00  1.000000e+00
   outer loop
     vertex  4.835257e+01 -3.041949e+01  2.000000e+00
     vertex -4.835257e+01 -3.041949e+01  2.000000e+00
     vertex  4.837553e+01 -3.050108e+01  2.000000e+00
   endloop
 endfacet
 facet normal  0.000000e+00  0.000000e+00  1.000000e+00
   outer loop
     vertex  4.833371e+01 -3.033685e+01  2.000000e+00
     vertex -4.835257e+01 -3.041949e+01  2.000000e+00
     vertex  4.835257e+01 -3.041949e+01  2.000000e+00
   endloop
 endfacet
 facet normal  0.000000e+00  0.000000e+00  1.000000e+00
   outer loop
     vertex  4.833371e+01 -3.033685e+01  2.000000e+00
     vertex -4.833371e+01 -3.033685e+01  2.000000e+00
     vertex -4.835257e+01 -3.041949e+01  2.000000e+00
   endloop
 endfacet
 facet normal  0.000000e+00  0.000000e+00  1.000000e+00
   outer loop
     vertex  4.831899e+01 -3.025337e+01  2.000000e+00
     vertex -4.831899e+01 -3.025337e+01  2.000000e+00
     vertex -4.833371e+01 -3.033685e+01  2.000000e+00
   endloop
 endfacet
 facet normal  0.000000e+00  0.000000e+00  1.000000e+00
   outer loop
     vertex  4.831899e+01 -3.025337e+01  2.000000e+00
     vertex -4.833371e+01 -3.033685e+01  2.000000e+00
     vertex  4.833371e+01 -3.033685e+01  2.000000e+00
   endloop
 endfacet
 facet normal  0.000000e+00  0.000000e+00  1.000000e+00
   outer loop
     vertex  4.830845e+01 -3.016927e+01  2.000000e+00
     vertex -4.830845e+01 -3.016927e+01  2.000000e+00
     vertex -4.831899e+01 -3.025337e+01  2.000000e+00
   endloop
 endfacet
 facet normal  0.000000e+00  0.000000e+00  1.000000e+00
   outer loop
     vertex  4.830845e+01 -3.016927e+01  2.000000e+00
     vertex -4.831899e+01 -3.025337e+01  2.000000e+00
     vertex  4.831899e+01 -3.025337e+01  2.000000e+00
   endloop
 endfacet
 facet normal  0.000000e+00  0.000000e+00  1.000000e+00
   outer loop
     vertex  4.830211e+01 -3.008474e+01  2.000000e+00
     vertex -4.830211e+01 -3.008474e+01  2.000000e+00
     vertex -4.830845e+01 -3.016927e+01  2.000000e+00
   endloop
 endfacet
 facet normal  0.000000e+00  0.000000e+00  1.000000e+00
   outer loop
     vertex  4.830211e+01 -3.008474e+01  2.000000e+00
     vertex -4.830845e+01 -3.016927e+01  2.000000e+00
     vertex  4.830845e+01 -3.016927e+01  2.000000e+00
   endloop
 endfacet
 facet normal  0.000000e+00  0.000000e+00  1.000000e+00
   outer loop
     vertex  4.830000e+01 -3.000000e+01  2.000000e+00
     vertex -4.830000e+01 -3.000000e+01  2.000000e+00
     vertex -4.830211e+01 -3.008474e+01  2.000000e+00
   endloop
 endfacet
 facet normal  0.000000e+00  0.000000e+00  1.000000e+00
   outer loop
     vertex  4.830000e+01 -3.000000e+01  2.000000e+00
     vertex -4.830211e+01 -3.008474e+01  2.000000e+00
     vertex  4.830211e+01 -3.008474e+01  2.000000e+00
   endloop
 endfacet
 facet normal  0.000000e+00  0.000000e+00  1.000000e+00
   outer loop
     vertex  4.830211e+01 -2.991526e+01  2.000000e+00
     vertex -4.830845e+01 -2.983073e+01  2.000000e+00
     vertex -4.830211e+01 -2.991526e+01  2.000000e+00
   endloop
 endfacet
 facet normal  0.000000e+00  0.000000e+00  1.000000e+00
   outer loop
     vertex  4.830211e+01 -2.991526e+01  2.000000e+00
     vertex -4.830211e+01 -2.991526e+01  2.000000e+00
     vertex -4.830000e+01 -3.000000e+01  2.000000e+00
   endloop
 endfacet
 facet normal  0.000000e+00  0.000000e+00  1.000000e+00
   outer loop
     vertex  4.830211e+01 -2.991526e+01  2.000000e+00
     vertex -4.830000e+01 -3.000000e+01  2.000000e+00
     vertex  4.830000e+01 -3.000000e+01  2.000000e+00
   endloop
 endfacet
 facet normal  0.000000e+00  0.000000e+00  1.000000e+00
   outer loop
     vertex  4.830845e+01 -2.983073e+01  2.000000e+00
     vertex -4.831899e+01 -2.974663e+01  2.000000e+00
     vertex -4.830845e+01 -2.983073e+01  2.000000e+00
   endloop
 endfacet
 facet normal  0.000000e+00  0.000000e+00  1.000000e+00
   outer loop
     vertex  4.830845e+01 -2.983073e+01  2.000000e+00
     vertex -4.830845e+01 -2.983073e+01  2.000000e+00
     vertex  4.830211e+01 -2.991526e+01  2.000000e+00
   endloop
 endfacet
 facet normal  0.000000e+00  0.000000e+00  1.000000e+00
   outer loop
     vertex  4.831899e+01 -2.974663e+01  2.000000e+00
     vertex -4.831899e+01 -2.974663e+01  2.000000e+00
     vertex  4.830845e+01 -2.983073e+01  2.000000e+00
   endloop
 endfacet
 facet normal  0.000000e+00  0.000000e+00  1.000000e+00
   outer loop
     vertex  4.833371e+01 -2.966315e+01  2.000000e+00
     vertex -4.833371e+01 -2.966315e+01  2.000000e+00
     vertex -4.831899e+01 -2.974663e+01  2.000000e+00
   endloop
 endfacet
 facet normal  0.000000e+00  0.000000e+00  1.000000e+00
   outer loop
     vertex  4.833371e+01 -2.966315e+01  2.000000e+00
     vertex -4.831899e+01 -2.974663e+01  2.000000e+00
     vertex  4.831899e+01 -2.974663e+01  2.000000e+00
   endloop
 endfacet
 facet normal  0.000000e+00  0.000000e+00  1.000000e+00
   outer loop
     vertex  4.835257e+01 -2.958051e+01  2.000000e+00
     vertex -4.835257e+01 -2.958051e+01  2.000000e+00
     vertex -4.833371e+01 -2.966315e+01  2.000000e+00
   endloop
 endfacet
 facet normal  0.000000e+00  0.000000e+00  1.000000e+00
   outer loop
     vertex  4.835257e+01 -2.958051e+01  2.000000e+00
     vertex -4.833371e+01 -2.966315e+01  2.000000e+00
     vertex  4.833371e+01 -2.966315e+01  2.000000e+00
   endloop
 endfacet
 facet normal  0.000000e+00  0.000000e+00  1.000000e+00
   outer loop
     vertex  4.837553e+01 -2.949892e+01  2.000000e+00
     vertex -4.835257e+01 -2.958051e+01  2.000000e+00
     vertex  4.835257e+01 -2.958051e+01  2.000000e+00
   endloop
 endfacet
 facet normal  0.000000e+00  0.000000e+00  1.000000e+00
   outer loop
     vertex  4.837553e+01 -2.949892e+01  2.000000e+00
     vertex -4.837553e+01 -2.949892e+01  2.000000e+00
     vertex -4.835257e+01 -2.958051e+01  2.000000e+00
   endloop
 endfacet
 facet normal  0.000000e+00  0.000000e+00  1.000000e+00
   outer loop
     vertex  4.840252e+01 -2.941857e+01  2.000000e+00
     vertex -4.840252e+01 -2.941857e+01  2.000000e+00
     vertex -4.837553e+01 -2.949892e+01  2.000000e+00
   endloop
 endfacet
 facet normal  0.000000e+00  0.000000e+00  1.000000e+00
   outer loop
     vertex  4.840252e+01 -2.941857e+01  2.000000e+00
     vertex -4.837553e+01 -2.949892e+01  2.000000e+00
     vertex  4.837553e+01 -2.949892e+01  2.000000e+00
   endloop
 endfacet
 facet normal  0.000000e+00  0.000000e+00  1.000000e+00
   outer loop
     vertex  4.843349e+01 -2.933966e+01  2.000000e+00
     vertex -4.846835e+01 -2.926240e+01  2.000000e+00
     vertex -4.843349e+01 -2.933966e+01  2.000000e+00
   endloop
 endfacet
 facet normal  0.000000e+00  0.000000e+00  1.000000e+00
   outer loop
     vertex  4.843349e+01 -2.933966e+01  2.000000e+00
     vertex -4.843349e+01 -2.933966e+01  2.000000e+00
     vertex -4.840252e+01 -2.941857e+01  2.000000e+00
   endloop
 endfacet
 facet normal  0.000000e+00  0.000000e+00  1.000000e+00
   outer loop
     vertex  4.843349e+01 -2.933966e+01  2.000000e+00
     vertex -4.840252e+01 -2.941857e+01  2.000000e+00
     vertex  4.840252e+01 -2.941857e+01  2.000000e+00
   endloop
 endfacet
 facet normal  0.000000e+00  0.000000e+00  1.000000e+00
   outer loop
     vertex  4.846835e+01 -2.926240e+01  2.000000e+00
     vertex -4.846835e+01 -2.926240e+01  2.000000e+00
     vertex  4.843349e+01 -2.933966e+01  2.000000e+00
   endloop
 endfacet
 facet normal  0.000000e+00  0.000000e+00  1.000000e+00
   outer loop
     vertex  4.850702e+01 -2.918697e+01  2.000000e+00
     vertex -4.846835e+01 -2.926240e+01  2.000000e+00
     vertex  4.846835e+01 -2.926240e+01  2.000000e+00
   endloop
 endfacet
 facet normal  0.000000e+00  0.000000e+00  1.000000e+00
   outer loop
     vertex  4.850702e+01 -2.918697e+01  2.000000e+00
     vertex -4.850702e+01 -2.918697e+01  2.000000e+00
     vertex -4.846835e+01 -2.926240e+01  2.000000e+00
   endloop
 endfacet
 facet normal  0.000000e+00  0.000000e+00  1.000000e+00
   outer loop
     vertex  4.854941e+01 -2.911356e+01  2.000000e+00
     vertex -4.854941e+01 -2.911356e+01  2.000000e+00
     vertex -4.850702e+01 -2.918697e+01  2.000000e+00
   endloop
 endfacet
 facet normal  0.000000e+00  0.000000e+00  1.000000e+00
   outer loop
     vertex  4.854941e+01 -2.911356e+01  2.000000e+00
     vertex -4.850702e+01 -2.918697e+01  2.000000e+00
     vertex  4.850702e+01 -2.918697e+01  2.000000e+00
   endloop
 endfacet
 facet normal  0.000000e+00  0.000000e+00  1.000000e+00
   outer loop
     vertex  5.800000e+01 -3.800000e+01  2.000000e+00
     vertex  4.907767e+01 -3.142804e+01  2.000000e+00
     vertex -5.800000e+01 -3.800000e+01  2.000000e+00
   endloop
 endfacet
 facet normal  0.000000e+00  0.000000e+00  1.000000e+00
   outer loop
     vertex  5.800000e+01 -3.800000e+01  2.000000e+00
     vertex  5.118700e+01 -3.121697e+01  2.000000e+00
     vertex  5.112487e+01 -3.127463e+01  2.000000e+00
   endloop
 endfacet
 facet normal  0.000000e+00  0.000000e+00  1.000000e+00
   outer loop
     vertex  5.800000e+01 -3.800000e+01  2.000000e+00
     vertex  5.112487e+01 -3.127463e+01  2.000000e+00
     vertex  5.105993e+01 -3.132911e+01  2.000000e+00
   endloop
 endfacet
 facet normal  0.000000e+00  0.000000e+00  1.000000e+00
   outer loop
     vertex  5.800000e+01 -3.800000e+01  2.000000e+00
     vertex  5.105993e+01 -3.132911e+01  2.000000e+00
     vertex  5.099236e+01 -3.138029e+01  2.000000e+00
   endloop
 endfacet
 facet normal  0.000000e+00  0.000000e+00  1.000000e+00
   outer loop
     vertex  5.800000e+01 -3.800000e+01  2.000000e+00
     vertex  5.099236e+01 -3.138029e+01  2.000000e+00
     vertex  5.092233e+01 -3.142804e+01  2.000000e+00
   endloop
 endfacet
 facet normal  0.000000e+00  0.000000e+00  1.000000e+00
   outer loop
     vertex  5.800000e+01 -3.800000e+01  2.000000e+00
     vertex  5.092233e+01 -3.142804e+01  2.000000e+00
     vertex  5.085000e+01 -3.147224e+01  2.000000e+00
   endloop
 endfacet
 facet normal  0.000000e+00  0.000000e+00  1.000000e+00
   outer loop
     vertex  5.800000e+01 -3.800000e+01  2.000000e+00
     vertex  5.085000e+01 -3.147224e+01  2.000000e+00
     vertex  5.077556e+01 -3.151278e+01  2.000000e+00
   endloop
 endfacet
 facet normal  0.000000e+00  0.000000e+00  1.000000e+00
   outer loop
     vertex  5.800000e+01 -3.800000e+01  2.000000e+00
     vertex  5.077556e+01 -3.151278e+01  2.000000e+00
     vertex  5.069919e+01 -3.154956e+01  2.000000e+00
   endloop
 endfacet
 facet normal  0.000000e+00  0.000000e+00  1.000000e+00
   outer loop
     vertex  5.800000e+01 -3.800000e+01  2.000000e+00
     vertex  5.069919e+01 -3.154956e+01  2.000000e+00
     vertex  5.062108e+01 -3.158249e+01  2.000000e+00
   endloop
 endfacet
 facet normal  0.000000e+00  0.000000e+00  1.000000e+00
   outer loop
     vertex  5.800000e+01 -3.800000e+01  2.000000e+00
     vertex  5.062108e+01 -3.158249e+01  2.000000e+00
     vertex  5.054143e+01 -3.161148e+01  2.000000e+00
   endloop
 endfacet
 facet normal  0.000000e+00  0.000000e+00  1.000000e+00
   outer loop
     vertex  5.800000e+01 -3.800000e+01  2.000000e+00
     vertex  5.054143e+01 -3.161148e+01  2.000000e+00
     vertex  5.046043e+01 -3.163646e+01  2.000000e+00
   endloop
 endfacet
 facet normal  0.000000e+00  0.000000e+00  1.000000e+00
   outer loop
     vertex  5.800000e+01 -3.800000e+01  2.000000e+00
     vertex  5.046043e+01 -3.163646e+01  2.000000e+00
     vertex  5.037829e+01 -3.165738e+01  2.000000e+00
   endloop
 endfacet
 facet normal  0.000000e+00  0.000000e+00  1.000000e+00
   outer loop
     vertex  5.800000e+01 -3.800000e+01  2.000000e+00
     vertex  5.037829e+01 -3.165738e+01  2.000000e+00
     vertex  5.029520e+01 -3.167417e+01  2.000000e+00
   endloop
 endfacet
 facet normal  0.000000e+00  0.000000e+00  1.000000e+00
   outer loop
     vertex  5.800000e+01 -3.800000e+01  2.000000e+00
     vertex  5.029520e+01 -3.167417e+01  2.000000e+00
     vertex  5.021138e+01 -3.168681e+01  2.000000e+00
   endloop
 endfacet
 facet normal  0.000000e+00  0.000000e+00  1.000000e+00
   outer loop
     vertex  5.800000e+01 -3.800000e+01  2.000000e+00
     vertex  5.021138e+01 -3.168681e+01  2.000000e+00
     vertex  5.012704e+01 -3.169525e+01  2.000000e+00
   endloop
 endfacet
 facet normal  0.000000e+00  0.000000e+00  1.000000e+00
   outer loop
     vertex  5.800000e+01 -3.800000e+01  2.000000e+00
     vertex  5.012704e+01 -3.169525e+01  2.000000e+00
     vertex  5.004238e+01 -3.169947e+01  2.000000e+00
   endloop
 endfacet
 facet normal  0.000000e+00  0.000000e+00  1.000000e+00
   outer loop
     vertex  5.800000e+01 -3.800000e+01  2.000000e+00
     vertex  5.004238e+01 -3.169947e+01  2.000000e+00
     vertex  4.995762e+01 -3.169947e+01  2.000000e+00
   endloop
 endfacet
 facet normal  0.000000e+00  0.000000e+00  1.000000e+00
   outer loop
     vertex  5.800000e+01 -3.800000e+01  2.000000e+00
     vertex  4.995762e+01 -3.169947e+01  2.000000e+00
     vertex  4.987296e+01 -3.169525e+01  2.000000e+00
   endloop
 endfacet
 facet normal  0.000000e+00  0.000000e+00  1.000000e+00
   outer loop
     vertex  5.800000e+01 -3.800000e+01  2.000000e+00
     vertex  4.987296e+01 -3.169525e+01  2.000000e+00
     vertex  4.978862e+01 -3.168681e+01  2.000000e+00
   endloop
 endfacet
 facet normal  0.000000e+00  0.000000e+00  1.000000e+00
   outer loop
     vertex  5.800000e+01 -3.800000e+01  2.000000e+00
     vertex  4.978862e+01 -3.168681e+01  2.000000e+00
     vertex  4.970480e+01 -3.167417e+01  2.000000e+00
   endloop
 endfacet
 facet normal  0.000000e+00  0.000000e+00  1.000000e+00
   outer loop
     vertex  5.800000e+01 -3.800000e+01  2.000000e+00
     vertex  4.970480e+01 -3.167417e+01  2.000000e+00
     vertex  4.962171e+01 -3.165738e+01  2.000000e+00
   endloop
 endfacet
 facet normal  0.000000e+00  0.000000e+00  1.000000e+00
   outer loop
     vertex  5.800000e+01 -3.800000e+01  2.000000e+00
     vertex  4.962171e+01 -3.165738e+01  2.000000e+00
     vertex  4.953957e+01 -3.163646e+01  2.000000e+00
   endloop
 endfacet
 facet normal  0.000000e+00  0.000000e+00  1.000000e+00
   outer loop
     vertex  5.800000e+01 -3.800000e+01  2.000000e+00
     vertex  4.953957e+01 -3.163646e+01  2.000000e+00
     vertex  4.945857e+01 -3.161148e+01  2.000000e+00
   endloop
 endfacet
 facet normal  0.000000e+00  0.000000e+00  1.000000e+00
   outer loop
     vertex  5.800000e+01 -3.800000e+01  2.000000e+00
     vertex  4.945857e+01 -3.161148e+01  2.000000e+00
     vertex  4.937892e+01 -3.158249e+01  2.000000e+00
   endloop
 endfacet
 facet normal  0.000000e+00  0.000000e+00  1.000000e+00
   outer loop
     vertex  5.800000e+01 -3.800000e+01  2.000000e+00
     vertex  4.937892e+01 -3.158249e+01  2.000000e+00
     vertex  4.930081e+01 -3.154956e+01  2.000000e+00
   endloop
 endfacet
 facet normal  0.000000e+00  0.000000e+00  1.000000e+00
   outer loop
     vertex  5.800000e+01 -3.800000e+01  2.000000e+00
     vertex  4.930081e+01 -3.154956e+01  2.000000e+00
     vertex  4.922444e+01 -3.151278e+01  2.000000e+00
   endloop
 endfacet
 facet normal  0.000000e+00  0.000000e+00  1.000000e+00
   outer loop
     vertex  5.800000e+01 -3.800000e+01  2.000000e+00
     vertex  4.922444e+01 -3.151278e+01  2.000000e+00
     vertex  4.915000e+01 -3.147224e+01  2.000000e+00
   endloop
 endfacet
 facet normal  0.000000e+00  0.000000e+00  1.000000e+00
   outer loop
     vertex  5.800000e+01 -3.800000e+01  2.000000e+00
     vertex  4.915000e+01 -3.147224e+01  2.000000e+00
     vertex  4.907767e+01 -3.142804e+01  2.000000e+00
   endloop
 endfacet
 facet normal  0.000000e+00  0.000000e+00  1.000000e+00
   outer loop
     vertex  5.124619e+01 -3.115629e+01  2.000000e+00
     vertex  5.118700e+01 -3.121697e+01  2.000000e+00
     vertex  5.800000e+01 -3.800000e+01  2.000000e+00
   endloop
 endfacet
 facet normal  0.000000e+00  0.000000e+00  1.000000e+00
   outer loop
     vertex  5.130228e+01 -3.109274e+01  2.000000e+00
     vertex  5.124619e+01 -3.115629e+01  2.000000e+00
     vertex  5.800000e+01 -3.800000e+01  2.000000e+00
   endloop
 endfacet
 facet normal  0.000000e+00  0.000000e+00  1.000000e+00
   outer loop
     vertex  5.135513e+01 -3.102647e+01  2.000000e+00
     vertex  5.130228e+01 -3.109274e+01  2.000000e+00
     vertex  5.800000e+01 -3.800000e+01  2.000000e+00
   endloop
 endfacet
 facet normal  0.000000e+00  0.000000e+00  1.000000e+00
   outer loop
     vertex  5.140461e+01 -3.095764e+01  2.000000e+00
     vertex  5.135513e+01 -3.102647e+01  2.000000e+00
     vertex  5.800000e+01 -3.800000e+01  2.000000e+00
   endloop
 endfacet
 facet normal  0.000000e+00  0.000000e+00  1.000000e+00
   outer loop
     vertex  5.145059e+01 -3.088644e+01  2.000000e+00
     vertex  5.140461e+01 -3.095764e+01  2.000000e+00
     vertex  5.800000e+01 -3.800000e+01  2.000000e+00
   endloop
 endfacet
 facet normal  0.000000e+00  0.000000e+00  1.000000e+00
   outer loop
     vertex  5.149298e+01 -3.081303e+01  2.000000e+00
     vertex  5.145059e+01 -3.088644e+01  2.000000e+00
     vertex  5.800000e+01 -3.800000e+01  2.000000e+00
   endloop
 endfacet
 facet normal  0.000000e+00  0.000000e+00  1.000000e+00
   outer loop
     vertex  5.153165e+01 -3.073760e+01  2.000000e+00
     vertex  5.149298e+01 -3.081303e+01  2.000000e+00
     vertex  5.800000e+01 -3.800000e+01  2.000000e+00
   endloop
 endfacet
 facet normal  0.000000e+00  0.000000e+00  1.000000e+00
   outer loop
     vertex  5.156651e+01 -3.066034e+01  2.000000e+00
     vertex  5.153165e+01 -3.073760e+01  2.000000e+00
     vertex  5.800000e+01 -3.800000e+01  2.000000e+00
   endloop
 endfacet
 facet normal  0.000000e+00  0.000000e+00  1.000000e+00
   outer loop
     vertex  5.159748e+01 -3.058143e+01  2.000000e+00
     vertex  5.156651e+01 -3.066034e+01  2.000000e+00
     vertex  5.800000e+01 -3.800000e+01  2.000000e+00
   endloop
 endfacet
 facet normal  0.000000e+00  0.000000e+00  1.000000e+00
   outer loop
     vertex  5.162447e+01 -3.050108e+01  2.000000e+00
     vertex  5.159748e+01 -3.058143e+01  2.000000e+00
     vertex  5.800000e+01 -3.800000e+01  2.000000e+00
   endloop
 endfacet
 facet normal  0.000000e+00  0.000000e+00  1.000000e+00
   outer loop
     vertex  5.164743e+01 -3.041949e+01  2.000000e+00
     vertex  5.162447e+01 -3.050108e+01  2.000000e+00
     vertex  5.800000e+01 -3.800000e+01  2.000000e+00
   endloop
 endfacet
 facet normal  0.000000e+00  0.000000e+00  1.000000e+00
   outer loop
     vertex  5.166629e+01 -3.033685e+01  2.000000e+00
     vertex  5.164743e+01 -3.041949e+01  2.000000e+00
     vertex  5.800000e+01 -3.800000e+01  2.000000e+00
   endloop
 endfacet
 facet normal  0.000000e+00  0.000000e+00  1.000000e+00
   outer loop
     vertex  5.168101e+01 -3.025337e+01  2.000000e+00
     vertex  5.166629e+01 -3.033685e+01  2.000000e+00
     vertex  5.800000e+01 -3.800000e+01  2.000000e+00
   endloop
 endfacet
 facet normal  0.000000e+00  0.000000e+00  1.000000e+00
   outer loop
     vertex  5.169155e+01 -3.016927e+01  2.000000e+00
     vertex  5.168101e+01 -3.025337e+01  2.000000e+00
     vertex  5.800000e+01 -3.800000e+01  2.000000e+00
   endloop
 endfacet
 facet normal  0.000000e+00  0.000000e+00  1.000000e+00
   outer loop
     vertex  5.169789e+01 -3.008474e+01  2.000000e+00
     vertex  5.169155e+01 -3.016927e+01  2.000000e+00
     vertex  5.800000e+01 -3.800000e+01  2.000000e+00
   endloop
 endfacet
 facet normal  0.000000e+00  0.000000e+00  1.000000e+00
   outer loop
     vertex  5.170000e+01 -3.000000e+01  2.000000e+00
     vertex  5.169789e+01 -3.008474e+01  2.000000e+00
     vertex  5.800000e+01 -3.800000e+01  2.000000e+00
   endloop
 endfacet
 facet normal  0.000000e+00  0.000000e+00  1.000000e+00
   outer loop
     vertex  5.169789e+01 -2.991526e+01  2.000000e+00
     vertex  5.170000e+01 -3.000000e+01  2.000000e+00
     vertex  5.800000e+01 -3.800000e+01  2.000000e+00
   endloop
 endfacet
 facet normal  0.000000e+00  0.000000e+00  1.000000e+00
   outer loop
     vertex  5.169155e+01 -2.983073e+01  2.000000e+00
     vertex  5.169789e+01 -2.991526e+01  2.000000e+00
     vertex  5.800000e+01 -3.800000e+01  2.000000e+00
   endloop
 endfacet
 facet normal  0.000000e+00  0.000000e+00  1.000000e+00
   outer loop
     vertex  5.168101e+01 -2.974663e+01  2.000000e+00
     vertex  5.169155e+01 -2.983073e+01  2.000000e+00
     vertex  5.800000e+01 -3.800000e+01  2.000000e+00
   endloop
 endfacet
 facet normal  0.000000e+00  0.000000e+00  1.000000e+00
   outer loop
     vertex  5.166629e+01 -2.966315e+01  2.000000e+00
     vertex  5.168101e+01 -2.974663e+01  2.000000e+00
     vertex  5.800000e+01 -3.800000e+01  2.000000e+00
   endloop
 endfacet
 facet normal  0.000000e+00  0.000000e+00  1.000000e+00
   outer loop
     vertex  5.164743e+01 -2.958051e+01  2.000000e+00
     vertex  5.166629e+01 -2.966315e+01  2.000000e+00
     vertex  5.800000e+01 -3.800000e+01  2.000000e+00
   endloop
 endfacet
 facet normal  0.000000e+00  0.000000e+00  1.000000e+00
   outer loop
     vertex  5.162447e+01 -2.949892e+01  2.000000e+00
     vertex  5.164743e+01 -2.958051e+01  2.000000e+00
     vertex  5.800000e+01 -3.800000e+01  2.000000e+00
   endloop
 endfacet
 facet normal  0.000000e+00  0.000000e+00  1.000000e+00
   outer loop
     vertex  5.159748e+01 -2.941857e+01  2.000000e+00
     vertex  5.162447e+01 -2.949892e+01  2.000000e+00
     vertex  5.800000e+01 -3.800000e+01  2.000000e+00
   endloop
 endfacet
 facet normal  0.000000e+00  0.000000e+00  1.000000e+00
   outer loop
     vertex  5.156651e+01 -2.933966e+01  2.000000e+00
     vertex  5.159748e+01 -2.941857e+01  2.000000e+00
     vertex  5.800000e+01 -3.800000e+01  2.000000e+00
   endloop
 endfacet
 facet normal  0.000000e+00  0.000000e+00  1.000000e+00
   outer loop
     vertex  5.153165e+01 -2.926240e+01  2.000000e+00
     vertex  5.156651e+01 -2.933966e+01  2.000000e+00
     vertex  5.800000e+01 -3.800000e+01  2.000000e+00
   endloop
 endfacet
 facet normal  0.000000e+00  0.000000e+00  1.000000e+00
   outer loop
     vertex  5.149298e+01 -2.918697e+01  2.000000e+00
     vertex  5.153165e+01 -2.926240e+01  2.000000e+00
     vertex  5.800000e+01 -3.800000e+01  2.000000e+00
   endloop
 endfacet
 facet normal  0.000000e+00  0.000000e+00  1.000000e+00
   outer loop
     vertex  5.145059e+01 -2.911356e+01  2.000000e+00
     vertex  5.149298e+01 -2.918697e+01  2.000000e+00
     vertex  5.800000e+01 -3.800000e+01  2.000000e+00
   endloop
 endfacet
 facet normal  0.000000e+00  0.000000e+00  1.000000e+00
   outer loop
     vertex  4.875381e+01  2.884371e+01  2.000000e+00
     vertex  4.875381e+01 -2.884371e+01  2.000000e+00
     vertex  4.881300e+01 -2.878303e+01  2.000000e+00
   endloop
 endfacet
 facet normal  0.000000e+00  0.000000e+00  1.000000e+00
   outer loop
     vertex  4.875381e+01  2.884371e+01  2.000000e+00
     vertex  4.881300e+01 -2.878303e+01  2.000000e+00
     vertex  4.881300e+01  2.878303e+01  2.000000e+00
   endloop
 endfacet
 facet normal  0.000000e+00  0.000000e+00  1.000000e+00
   outer loop
     vertex  4.887513e+01  2.872537e+01  2.000000e+00
     vertex  4.881300e+01 -2.878303e+01  2.000000e+00
     vertex  4.887513e+01 -2.872537e+01  2.000000e+00
   endloop
 endfacet
 facet normal  0.000000e+00  0.000000e+00  1.000000e+00
   outer loop
     vertex  4.887513e+01  2.872537e+01  2.000000e+00
     vertex  4.887513e+01 -2.872537e+01  2.000000e+00
     vertex  4.894007e+01 -2.867089e+01  2.000000e+00
   endloop
 endfacet
 facet normal  0.000000e+00  0.000000e+00  1.000000e+00
   outer loop
     vertex  4.887513e+01  2.872537e+01  2.000000e+00
     vertex  4.881300e+01  2.878303e+01  2.000000e+00
     vertex  4.881300e+01 -2.878303e+01  2.000000e+00
   endloop
 endfacet
 facet normal  0.000000e+00  0.000000e+00  1.000000e+00
   outer loop
     vertex  4.869772e+01  2.890726e+01  2.000000e+00
     vertex  4.864487e+01 -2.897353e+01  2.000000e+00
     vertex  4.869772e+01 -2.890726e+01  2.000000e+00
   endloop
 endfacet
 facet normal  0.000000e+00  0.000000e+00  1.000000e+00
   outer loop
     vertex  4.869772e+01  2.890726e+01  2.000000e+00
     vertex  4.869772e+01 -2.890726e+01  2.000000e+00
     vertex  4.875381e+01 -2.884371e+01  2.000000e+00
   endloop
 endfacet
 facet normal  0.000000e+00  0.000000e+00  1.000000e+00
   outer loop
     vertex  4.869772e+01  2.890726e+01  2.000000e+00
     vertex  4.875381e+01 -2.884371e+01  2.000000e+00
     vertex  4.875381e+01  2.884371e+01  2.000000e+00
   endloop
 endfacet
 facet normal  0.000000e+00  0.000000e+00  1.000000e+00
   outer loop
     vertex  4.894007e+01  2.867089e+01  2.000000e+00
     vertex  4.887513e+01  2.872537e+01  2.000000e+00
     vertex  4.894007e+01 -2.867089e+01  2.000000e+00
   endloop
 endfacet
 facet normal  0.000000e+00  0.000000e+00  1.000000e+00
   outer loop
     vertex  4.864487e+01  2.897353e+01  2.000000e+00
     vertex  4.864487e+01 -2.897353e+01  2.000000e+00
     vertex  4.869772e+01  2.890726e+01  2.000000e+00
   endloop
 endfacet
 facet normal  0.000000e+00  0.000000e+00  1.000000e+00
   outer loop
     vertex  4.900764e+01  2.861971e+01  2.000000e+00
     vertex  4.894007e+01 -2.867089e+01  2.000000e+00
     vertex  4.900764e+01 -2.861971e+01  2.000000e+00
   endloop
 endfacet
 facet normal  0.000000e+00  0.000000e+00  1.000000e+00
   outer loop
     vertex  4.900764e+01  2.861971e+01  2.000000e+00
     vertex  4.894007e+01  2.867089e+01  2.000000e+00
     vertex  4.894007e+01 -2.867089e+01  2.000000e+00
   endloop
 endfacet
 facet normal  0.000000e+00  0.000000e+00  1.000000e+00
   outer loop
     vertex  4.859539e+01  2.904236e+01  2.000000e+00
     vertex  4.859539e+01 -2.904236e+01  2.000000e+00
     vertex  4.864487e+01 -2.897353e+01  2.000000e+00
   endloop
 endfacet
 facet normal  0.000000e+00  0.000000e+00  1.000000e+00
   outer loop
     vertex  4.859539e+01  2.904236e+01  2.000000e+00
     vertex  4.864487e+01 -2.897353e+01  2.000000e+00
     vertex  4.864487e+01  2.897353e+01  2.000000e+00
   endloop
 endfacet
 facet normal  0.000000e+00  0.000000e+00  1.000000e+00
   outer loop
     vertex  4.907767e+01  2.857196e+01  2.000000e+00
     vertex  4.900764e+01 -2.861971e+01  2.000000e+00
     vertex  4.907767e+01 -2.857196e+01  2.000000e+00
   endloop
 endfacet
 facet normal  0.000000e+00  0.000000e+00  1.000000e+00
   outer loop
     vertex  4.907767e+01  2.857196e+01  2.000000e+00
     vertex  4.900764e+01  2.861971e+01  2.000000e+00
     vertex  4.900764e+01 -2.861971e+01  2.000000e+00
   endloop
 endfacet
 facet normal  0.000000e+00  0.000000e+00  1.000000e+00
   outer loop
     vertex  4.854941e+01  2.911356e+01  2.000000e+00
     vertex  4.859539e+01 -2.904236e+01  2.000000e+00
     vertex  4.859539e+01  2.904236e+01  2.000000e+00
   endloop
 endfacet
 facet normal  0.000000e+00  0.000000e+00  1.000000e+00
   outer loop
     vertex  4.854941e+01  2.911356e+01  2.000000e+00
     vertex  4.854941e+01 -2.911356e+01  2.000000e+00
     vertex  4.859539e+01 -2.904236e+01  2.000000e+00
   endloop
 endfacet
 facet normal  0.000000e+00  0.000000e+00  1.000000e+00
   outer loop
     vertex  4.854941e+01  2.911356e+01  2.000000e+00
     vertex -4.854941e+01 -2.911356e+01  2.000000e+00
     vertex  4.854941e+01 -2.911356e+01  2.000000e+00
   endloop
 endfacet
 facet normal  0.000000e+00  0.000000e+00  1.000000e+00
   outer loop
     vertex  4.854941e+01  2.911356e+01  2.000000e+00
     vertex -4.854941e+01  2.911356e+01  2.000000e+00
     vertex -4.854941e+01 -2.911356e+01  2.000000e+00
   endloop
 endfacet
 facet normal  0.000000e+00  0.000000e+00  1.000000e+00
   outer loop
     vertex  4.915000e+01  2.852776e+01  2.000000e+00
     vertex  4.907767e+01 -2.857196e+01  2.000000e+00
     vertex  4.915000e+01 -2.852776e+01  2.000000e+00
   endloop
 endfacet
 facet normal  0.000000e+00  0.000000e+00  1.000000e+00
   outer loop
     vertex  4.915000e+01  2.852776e+01  2.000000e+00
     vertex  4.907767e+01  2.857196e+01  2.000000e+00
     vertex  4.907767e+01 -2.857196e+01  2.000000e+00
   endloop
 endfacet
 facet normal  0.000000e+00  0.000000e+00  1.000000e+00
   outer loop
     vertex  4.850702e+01  2.918697e+01  2.000000e+00
     vertex -4.854941e+01  2.911356e+01  2.000000e+00
     vertex  4.854941e+01  2.911356e+01  2.000000e+00
   endloop
 endfacet
 facet normal  0.000000e+00  0.000000e+00  1.000000e+00
   outer loop
     vertex  4.850702e+01  2.918697e+01  2.000000e+00
     vertex -4.850702e+01  2.918697e+01  2.000000e+00
     vertex -4.854941e+01  2.911356e+01  2.000000e+00
   endloop
 endfacet
 facet normal  0.000000e+00  0.000000e+00  1.000000e+00
   outer loop
     vertex  4.922444e+01  2.848722e+01  2.000000e+00
     vertex  4.915000e+01 -2.852776e+01  2.000000e+00
     vertex  4.922444e+01 -2.848722e+01  2.000000e+00
   endloop
 endfacet
 facet normal  0.000000e+00  0.000000e+00  1.000000e+00
   outer loop
     vertex  4.922444e+01  2.848722e+01  2.000000e+00
     vertex  4.915000e+01  2.852776e+01  2.000000e+00
     vertex  4.915000e+01 -2.852776e+01  2.000000e+00
   endloop
 endfacet
 facet normal  0.000000e+00  0.000000e+00  1.000000e+00
   outer loop
     vertex  4.846835e+01  2.926240e+01  2.000000e+00
     vertex -4.850702e+01  2.918697e+01  2.000000e+00
     vertex  4.850702e+01  2.918697e+01  2.000000e+00
   endloop
 endfacet
 facet normal  0.000000e+00  0.000000e+00  1.000000e+00
   outer loop
     vertex  4.846835e+01  2.926240e+01  2.000000e+00
     vertex -4.846835e+01  2.926240e+01  2.000000e+00
     vertex -4.850702e+01  2.918697e+01  2.000000e+00
   endloop
 endfacet
 facet normal  0.000000e+00  0.000000e+00  1.000000e+00
   outer loop
     vertex  4.930081e+01  2.845044e+01  2.000000e+00
     vertex  4.922444e+01 -2.848722e+01  2.000000e+00
     vertex  4.930081e+01 -2.845044e+01  2.000000e+00
   endloop
 endfacet
 facet normal  0.000000e+00  0.000000e+00  1.000000e+00
   outer loop
     vertex  4.930081e+01  2.845044e+01  2.000000e+00
     vertex  4.922444e+01  2.848722e+01  2.000000e+00
     vertex  4.922444e+01 -2.848722e+01  2.000000e+00
   endloop
 endfacet
 facet normal  0.000000e+00  0.000000e+00  1.000000e+00
   outer loop
     vertex  4.843349e+01  2.933966e+01  2.000000e+00
     vertex -4.843349e+01  2.933966e+01  2.000000e+00
     vertex -4.846835e+01  2.926240e+01  2.000000e+00
   endloop
 endfacet
 facet normal  0.000000e+00  0.000000e+00  1.000000e+00
   outer loop
     vertex  4.843349e+01  2.933966e+01  2.000000e+00
     vertex -4.846835e+01  2.926240e+01  2.000000e+00
     vertex  4.846835e+01  2.926240e+01  2.000000e+00
   endloop
 endfacet
 facet normal  0.000000e+00  0.000000e+00  1.000000e+00
   outer loop
     vertex  4.937892e+01  2.841751e+01  2.000000e+00
     vertex  4.930081e+01 -2.845044e+01  2.000000e+00
     vertex  4.937892e+01 -2.841751e+01  2.000000e+00
   endloop
 endfacet
 facet normal  0.000000e+00  0.000000e+00  1.000000e+00
   outer loop
     vertex  4.937892e+01  2.841751e+01  2.000000e+00
     vertex  4.930081e+01  2.845044e+01  2.000000e+00
     vertex  4.930081e+01 -2.845044e+01  2.000000e+00
   endloop
 endfacet
 facet normal  0.000000e+00  0.000000e+00  1.000000e+00
   outer loop
     vertex  4.840252e+01  2.941857e+01  2.000000e+00
     vertex -4.843349e+01  2.933966e+01  2.000000e+00
     vertex  4.843349e+01  2.933966e+01  2.000000e+00
   endloop
 endfacet
 facet normal  0.000000e+00  0.000000e+00  1.000000e+00
   outer loop
     vertex  4.840252e+01  2.941857e+01  2.000000e+00
     vertex -4.840252e+01  2.941857e+01  2.000000e+00
     vertex -4.843349e+01  2.933966e+01  2.000000e+00
   endloop
 endfacet
 facet normal  0.000000e+00  0.000000e+00  1.000000e+00
   outer loop
     vertex  4.945857e+01  2.838852e+01  2.000000e+00
     vertex  4.937892e+01 -2.841751e+01  2.000000e+00
     vertex  4.945857e+01 -2.838852e+01  2.000000e+00
   endloop
 endfacet
 facet normal  0.000000e+00  0.000000e+00  1.000000e+00
   outer loop
     vertex  4.945857e+01  2.838852e+01  2.000000e+00
     vertex  4.937892e+01  2.841751e+01  2.000000e+00
     vertex  4.937892e+01 -2.841751e+01  2.000000e+00
   endloop
 endfacet
 facet normal  0.000000e+00  0.000000e+00  1.000000e+00
   outer loop
     vertex  4.837553e+01  2.949892e+01  2.000000e+00
     vertex -4.840252e+01  2.941857e+01  2.000000e+00
     vertex  4.840252e+01  2.941857e+01  2.000000e+00
   endloop
 endfacet
 facet normal  0.000000e+00  0.000000e+00  1.000000e+00
   outer loop
     vertex  4.837553e+01  2.949892e+01  2.000000e+00
     vertex -4.837553e+01  2.949892e+01  2.000000e+00
     vertex -4.840252e+01  2.941857e+01  2.000000e+00
   endloop
 endfacet
 facet normal  0.000000e+00  0.000000e+00  1.000000e+00
   outer loop
     vertex  4.953957e+01  2.836354e+01  2.000000e+00
     vertex  4.945857e+01 -2.838852e+01  2.000000e+00
     vertex  4.953957e+01 -2.836354e+01  2.000000e+00
   endloop
 endfacet
 facet normal  0.000000e+00  0.000000e+00  1.000000e+00
   outer loop
     vertex  4.953957e+01  2.836354e+01  2.000000e+00
     vertex  4.953957e+01 -2.836354e+01  2.000000e+00
     vertex  4.962171e+01 -2.834262e+01  2.000000e+00
   endloop
 endfacet
 facet normal  0.000000e+00  0.000000e+00  1.000000e+00
   outer loop
     vertex  4.953957e+01  2.836354e+01  2.000000e+00
     vertex  4.945857e+01  2.838852e+01  2.000000e+00
     vertex  4.945857e+01 -2.838852e+01  2.000000e+00
   endloop
 endfacet
 facet normal  0.000000e+00  0.000000e+00  1.000000e+00
   outer loop
     vertex  4.835257e+01  2.958051e+01  2.000000e+00
     vertex -4.837553e+01  2.949892e+01  2.000000e+00
     vertex  4.837553e+01  2.949892e+01  2.000000e+00
   endloop
 endfacet
 facet normal  0.000000e+00  0.000000e+00  1.000000e+00
   outer loop
     vertex  4.835257e+01  2.958051e+01  2.000000e+00
     vertex -4.835257e+01  2.958051e+01  2.000000e+00
     vertex -4.837553e+01  2.949892e+01  2.000000e+00
   endloop
 endfacet
 facet normal  0.000000e+00  0.000000e+00  1.000000e+00
   outer loop
     vertex  4.962171e+01  2.834262e+01  2.000000e+00
     vertex  4.962171e+01 -2.834262e+01  2.000000e+00
     vertex  4.970480e+01 -2.832583e+01  2.000000e+00
   endloop
 endfacet
 facet normal  0.000000e+00  0.000000e+00  1.000000e+00
   outer loop
     vertex  4.962171e+01  2.834262e+01  2.000000e+00
     vertex  4.953957e+01  2.836354e+01  2.000000e+00
     vertex  4.962171e+01 -2.834262e+01  2.000000e+00
   endloop
 endfacet
 facet normal  0.000000e+00  0.000000e+00  1.000000e+00
   outer loop
     vertex  4.833371e+01  2.966315e+01  2.000000e+00
     vertex -4.833371e+01  2.966315e+01  2.000000e+00
     vertex -4.835257e+01  2.958051e+01  2.000000e+00
   endloop
 endfacet
 facet normal  0.000000e+00  0.000000e+00  1.000000e+00
   outer loop
     vertex  4.833371e+01  2.966315e+01  2.000000e+00
     vertex -4.835257e+01  2.958051e+01  2.000000e+00
     vertex  4.835257e+01  2.958051e+01  2.000000e+00
   endloop
 endfacet
 facet normal  0.000000e+00  0.000000e+00  1.000000e+00
   outer loop
     vertex  4.970480e+01  2.832583e+01  2.000000e+00
     vertex  4.970480e+01 -2.832583e+01  2.000000e+00
     vertex  4.978862e+01 -2.831319e+01  2.000000e+00
   endloop
 endfacet
 facet normal  0.000000e+00  0.000000e+00  1.000000e+00
   outer loop
     vertex  4.970480e+01  2.832583e+01  2.000000e+00
     vertex  4.962171e+01  2.834262e+01  2.000000e+00
     vertex  4.970480e+01 -2.832583e+01  2.000000e+00
   endloop
 endfacet
 facet normal  0.000000e+00  0.000000e+00  1.000000e+00
   outer loop
     vertex  4.831899e+01  2.974663e+01  2.000000e+00
     vertex -4.833371e+01  2.966315e+01  2.000000e+00
     vertex  4.833371e+01  2.966315e+01  2.000000e+00
   endloop
 endfacet
 facet normal  0.000000e+00  0.000000e+00  1.000000e+00
   outer loop
     vertex  4.831899e+01  2.974663e+01  2.000000e+00
     vertex -4.831899e+01  2.974663e+01  2.000000e+00
     vertex -4.833371e+01  2.966315e+01  2.000000e+00
   endloop
 endfacet
 facet normal  0.000000e+00  0.000000e+00  1.000000e+00
   outer loop
     vertex  4.978862e+01  2.831319e+01  2.000000e+00
     vertex  4.970480e+01  2.832583e+01  2.000000e+00
     vertex  4.978862e+01 -2.831319e+01  2.000000e+00
   endloop
 endfacet
 facet normal  0.000000e+00  0.000000e+00  1.000000e+00
   outer loop
     vertex  4.978862e+01  2.831319e+01  2.000000e+00
     vertex  4.978862e+01 -2.831319e+01  2.000000e+00
     vertex  4.987296e+01 -2.830475e+01  2.000000e+00
   endloop
 endfacet
 facet normal  0.000000e+00  0.000000e+00  1.000000e+00
   outer loop
     vertex  4.830845e+01  2.983073e+01  2.000000e+00
     vertex -4.831899e+01  2.974663e+01  2.000000e+00
     vertex  4.831899e+01  2.974663e+01  2.000000e+00
   endloop
 endfacet
 facet normal  0.000000e+00  0.000000e+00  1.000000e+00
   outer loop
     vertex  4.830845e+01  2.983073e+01  2.000000e+00
     vertex -4.830211e+01  2.991526e+01  2.000000e+00
     vertex -4.830845e+01  2.983073e+01  2.000000e+00
   endloop
 endfacet
 facet normal  0.000000e+00  0.000000e+00  1.000000e+00
   outer loop
     vertex  4.830845e+01  2.983073e+01  2.000000e+00
     vertex -4.830845e+01  2.983073e+01  2.000000e+00
     vertex -4.831899e+01  2.974663e+01  2.000000e+00
   endloop
 endfacet
 facet normal  0.000000e+00  0.000000e+00  1.000000e+00
   outer loop
     vertex  4.987296e+01  2.830475e+01  2.000000e+00
     vertex  4.978862e+01  2.831319e+01  2.000000e+00
     vertex  4.987296e+01 -2.830475e+01  2.000000e+00
   endloop
 endfacet
 facet normal  0.000000e+00  0.000000e+00  1.000000e+00
   outer loop
     vertex  4.830211e+01  2.991526e+01  2.000000e+00
     vertex -4.830211e+01  2.991526e+01  2.000000e+00
     vertex  4.830845e+01  2.983073e+01  2.000000e+00
   endloop
 endfacet
 facet normal  0.000000e+00  0.000000e+00  1.000000e+00
   outer loop
     vertex  4.995762e+01  2.830053e+01  2.000000e+00
     vertex  4.987296e+01  2.830475e+01  2.000000e+00
     vertex  4.987296e+01 -2.830475e+01  2.000000e+00
   endloop
 endfacet
 facet normal  0.000000e+00  0.000000e+00  1.000000e+00
   outer loop
     vertex  4.995762e+01  2.830053e+01  2.000000e+00
     vertex  4.987296e+01 -2.830475e+01  2.000000e+00
     vertex  4.995762e+01 -2.830053e+01  2.000000e+00
   endloop
 endfacet
 facet normal  0.000000e+00  0.000000e+00  1.000000e+00
   outer loop
     vertex  4.830000e+01  3.000000e+01  2.000000e+00
     vertex -4.830000e+01  3.000000e+01  2.000000e+00
     vertex -4.830211e+01  2.991526e+01  2.000000e+00
   endloop
 endfacet
 facet normal  0.000000e+00  0.000000e+00  1.000000e+00
   outer loop
     vertex  4.830000e+01  3.000000e+01  2.000000e+00
     vertex -4.830211e+01  2.991526e+01  2.000000e+00
     vertex  4.830211e+01  2.991526e+01  2.000000e+00
   endloop
 endfacet
 facet normal  0.000000e+00  0.000000e+00  1.000000e+00
   outer loop
     vertex  5.004238e+01  2.830053e+01  2.000000e+00
     vertex  4.995762e+01  2.830053e+01  2.000000e+00
     vertex  4.995762e+01 -2.830053e+01  2.000000e+00
   endloop
 endfacet
 facet normal  0.000000e+00  0.000000e+00  1.000000e+00
   outer loop
     vertex  5.004238e+01  2.830053e+01  2.000000e+00
     vertex  4.995762e+01 -2.830053e+01  2.000000e+00
     vertex  5.004238e+01 -2.830053e+01  2.000000e+00
   endloop
 endfacet
 facet normal  0.000000e+00  0.000000e+00  1.000000e+00
   outer loop
     vertex  5.004238e+01  2.830053e+01  2.000000e+00
     vertex  5.004238e+01 -2.830053e+01  2.000000e+00
     vertex  5.012704e+01 -2.830475e+01  2.000000e+00
   endloop
 endfacet
 facet normal  0.000000e+00  0.000000e+00  1.000000e+00
   outer loop
     vertex  4.830211e+01  3.008474e+01  2.000000e+00
     vertex -4.830211e+01  3.008474e+01  2.000000e+00
     vertex -4.830000e+01  3.000000e+01  2.000000e+00
   endloop
 endfacet
 facet normal  0.000000e+00  0.000000e+00  1.000000e+00
   outer loop
     vertex  4.830211e+01  3.008474e+01  2.000000e+00
     vertex -4.830000e+01  3.000000e+01  2.000000e+00
     vertex  4.830000e+01  3.000000e+01  2.000000e+00
   endloop
 endfacet
 facet normal  0.000000e+00  0.000000e+00  1.000000e+00
   outer loop
     vertex  5.012704e+01  2.830475e+01  2.000000e+00
     vertex  5.012704e+01 -2.830475e+01  2.000000e+00
     vertex  5.021138e+01 -2.831319e+01  2.000000e+00
   endloop
 endfacet
 facet normal  0.000000e+00  0.000000e+00  1.000000e+00
   outer loop
     vertex  5.012704e+01  2.830475e+01  2.000000e+00
     vertex  5.004238e+01  2.830053e+01  2.000000e+00
     vertex  5.012704e+01 -2.830475e+01  2.000000e+00
   endloop
 endfacet
 facet normal  0.000000e+00  0.000000e+00  1.000000e+00
   outer loop
     vertex  4.830845e+01  3.016927e+01  2.000000e+00
     vertex -4.830211e+01  3.008474e+01  2.000000e+00
     vertex  4.830211e+01  3.008474e+01  2.000000e+00
   endloop
 endfacet
 facet normal  0.000000e+00  0.000000e+00  1.000000e+00
   outer loop
     vertex  4.830845e+01  3.016927e+01  2.000000e+00
     vertex -4.831899e+01  3.025337e+01  2.000000e+00
     vertex -4.830845e+01  3.016927e+01  2.000000e+00
   endloop
 endfacet
 facet normal  0.000000e+00  0.000000e+00  1.000000e+00
   outer loop
     vertex  4.830845e+01  3.016927e+01  2.000000e+00
     vertex -4.830845e+01  3.016927e+01  2.000000e+00
     vertex -4.830211e+01  3.008474e+01  2.000000e+00
   endloop
 endfacet
 facet normal  0.000000e+00  0.000000e+00  1.000000e+00
   outer loop
     vertex  5.021138e+01  2.831319e+01  2.000000e+00
     vertex  5.012704e+01  2.830475e+01  2.000000e+00
     vertex  5.021138e+01 -2.831319e+01  2.000000e+00
   endloop
 endfacet
 facet normal  0.000000e+00  0.000000e+00  1.000000e+00
   outer loop
     vertex  4.831899e+01  3.025337e+01  2.000000e+00
     vertex -4.831899e+01  3.025337e+01  2.000000e+00
     vertex  4.830845e+01  3.016927e+01  2.000000e+00
   endloop
 endfacet
 facet normal  0.000000e+00  0.000000e+00  1.000000e+00
   outer loop
     vertex  5.029520e+01  2.832583e+01  2.000000e+00
     vertex  5.021138e+01 -2.831319e+01  2.000000e+00
     vertex  5.029520e+01 -2.832583e+01  2.000000e+00
   endloop
 endfacet
 facet normal  0.000000e+00  0.000000e+00  1.000000e+00
   outer loop
     vertex  5.029520e+01  2.832583e+01  2.000000e+00
     vertex  5.021138e+01  2.831319e+01  2.000000e+00
     vertex  5.021138e+01 -2.831319e+01  2.000000e+00
   endloop
 endfacet
 facet normal  0.000000e+00  0.000000e+00  1.000000e+00
   outer loop
     vertex  4.833371e+01  3.033685e+01  2.000000e+00
     vertex -4.835257e+01  3.041949e+01  2.000000e+00
     vertex -4.833371e+01  3.033685e+01  2.000000e+00
   endloop
 endfacet
 facet normal  0.000000e+00  0.000000e+00  1.000000e+00
   outer loop
     vertex  4.833371e+01  3.033685e+01  2.000000e+00
     vertex -4.833371e+01  3.033685e+01  2.000000e+00
     vertex -4.831899e+01  3.025337e+01  2.000000e+00
   endloop
 endfacet
 facet normal  0.000000e+00  0.000000e+00  1.000000e+00
   outer loop
     vertex  4.833371e+01  3.033685e+01  2.000000e+00
     vertex -4.831899e+01  3.025337e+01  2.000000e+00
     vertex  4.831899e+01  3.025337e+01  2.000000e+00
   endloop
 endfacet
 facet normal  0.000000e+00  0.000000e+00  1.000000e+00
   outer loop
     vertex  5.037829e+01  2.834262e+01  2.000000e+00
     vertex  5.029520e+01 -2.832583e+01  2.000000e+00
     vertex  5.037829e+01 -2.834262e+01  2.000000e+00
   endloop
 endfacet
 facet normal  0.000000e+00  0.000000e+00  1.000000e+00
   outer loop
     vertex  5.037829e+01  2.834262e+01  2.000000e+00
     vertex  5.029520e+01  2.832583e+01  2.000000e+00
     vertex  5.029520e+01 -2.832583e+01  2.000000e+00
   endloop
 endfacet
 facet normal  0.000000e+00  0.000000e+00  1.000000e+00
   outer loop
     vertex  4.835257e+01  3.041949e+01  2.000000e+00
     vertex -4.835257e+01  3.041949e+01  2.000000e+00
     vertex  4.833371e+01  3.033685e+01  2.000000e+00
   endloop
 endfacet
 facet normal  0.000000e+00  0.000000e+00  1.000000e+00
   outer loop
     vertex  5.046043e+01  2.836354e+01  2.000000e+00
     vertex  5.037829e+01  2.834262e+01  2.000000e+00
     vertex  5.037829e+01 -2.834262e+01  2.000000e+00
   endloop
 endfacet
 facet normal  0.000000e+00  0.000000e+00  1.000000e+00
   outer loop
     vertex  5.046043e+01  2.836354e+01  2.000000e+00
     vertex  5.037829e+01 -2.834262e+01  2.000000e+00
     vertex  5.046043e+01 -2.836354e+01  2.000000e+00
   endloop
 endfacet
 facet normal  0.000000e+00  0.000000e+00  1.000000e+00
   outer loop
     vertex  4.837553e+01  3.050108e+01  2.000000e+00
     vertex -4.835257e+01  3.041949e+01  2.000000e+00
     vertex  4.835257e+01  3.041949e+01  2.000000e+00
   endloop
 endfacet
 facet normal  0.000000e+00  0.000000e+00  1.000000e+00
   outer loop
     vertex  4.837553e+01  3.050108e+01  2.000000e+00
     vertex -4.837553e+01  3.050108e+01  2.000000e+00
     vertex -4.835257e+01  3.041949e+01  2.000000e+00
   endloop
 endfacet
 facet normal  0.000000e+00  0.000000e+00  1.000000e+00
   outer loop
     vertex  5.054143e+01  2.838852e+01  2.000000e+00
     vertex  5.046043e+01 -2.836354e+01  2.000000e+00
     vertex  5.054143e+01 -2.838852e+01  2.000000e+00
   endloop
 endfacet
 facet normal  0.000000e+00  0.000000e+00  1.000000e+00
   outer loop
     vertex  5.054143e+01  2.838852e+01  2.000000e+00
     vertex  5.046043e+01  2.836354e+01  2.000000e+00
     vertex  5.046043e+01 -2.836354e+01  2.000000e+00
   endloop
 endfacet
 facet normal  0.000000e+00  0.000000e+00  1.000000e+00
   outer loop
     vertex  4.840252e+01  3.058143e+01  2.000000e+00
     vertex -4.837553e+01  3.050108e+01  2.000000e+00
     vertex  4.837553e+01  3.050108e+01  2.000000e+00
   endloop
 endfacet
 facet normal  0.000000e+00  0.000000e+00  1.000000e+00
   outer loop
     vertex  4.840252e+01  3.058143e+01  2.000000e+00
     vertex -4.840252e+01  3.058143e+01  2.000000e+00
     vertex -4.837553e+01  3.050108e+01  2.000000e+00
   endloop
 endfacet
 facet normal  0.000000e+00  0.000000e+00  1.000000e+00
   outer loop
     vertex  5.062108e+01  2.841751e+01  2.000000e+00
     vertex  5.054143e+01 -2.838852e+01  2.000000e+00
     vertex  5.062108e+01 -2.841751e+01  2.000000e+00
   endloop
 endfacet
 facet normal  0.000000e+00  0.000000e+00  1.000000e+00
   outer loop
     vertex  5.062108e+01  2.841751e+01  2.000000e+00
     vertex  5.062108e+01 -2.841751e+01  2.000000e+00
     vertex  5.069919e+01 -2.845044e+01  2.000000e+00
   endloop
 endfacet
 facet normal  0.000000e+00  0.000000e+00  1.000000e+00
   outer loop
     vertex  5.062108e+01  2.841751e+01  2.000000e+00
     vertex  5.054143e+01  2.838852e+01  2.000000e+00
     vertex  5.054143e+01 -2.838852e+01  2.000000e+00
   endloop
 endfacet
 facet normal  0.000000e+00  0.000000e+00  1.000000e+00
   outer loop
     vertex  4.843349e+01  3.066034e+01  2.000000e+00
     vertex -4.840252e+01  3.058143e+01  2.000000e+00
     vertex  4.840252e+01  3.058143e+01  2.000000e+00
   endloop
 endfacet
 facet normal  0.000000e+00  0.000000e+00  1.000000e+00
   outer loop
     vertex  4.843349e+01  3.066034e+01  2.000000e+00
     vertex -4.843349e+01  3.066034e+01  2.000000e+00
     vertex -4.840252e+01  3.058143e+01  2.000000e+00
   endloop
 endfacet
 facet normal  0.000000e+00  0.000000e+00  1.000000e+00
   outer loop
     vertex  5.069919e+01  2.845044e+01  2.000000e+00
     vertex  5.062108e+01  2.841751e+01  2.000000e+00
     vertex  5.069919e+01 -2.845044e+01  2.000000e+00
   endloop
 endfacet
 facet normal  0.000000e+00  0.000000e+00  1.000000e+00
   outer loop
     vertex  5.069919e+01  2.845044e+01  2.000000e+00
     vertex  5.069919e+01 -2.845044e+01  2.000000e+00
     vertex  5.077556e+01 -2.848722e+01  2.000000e+00
   endloop
 endfacet
 facet normal  0.000000e+00  0.000000e+00  1.000000e+00
   outer loop
     vertex  4.846835e+01  3.073760e+01  2.000000e+00
     vertex -4.843349e+01  3.066034e+01  2.000000e+00
     vertex  4.843349e+01  3.066034e+01  2.000000e+00
   endloop
 endfacet
 facet normal  0.000000e+00  0.000000e+00  1.000000e+00
   outer loop
     vertex  4.846835e+01  3.073760e+01  2.000000e+00
     vertex -4.846835e+01  3.073760e+01  2.000000e+00
     vertex -4.843349e+01  3.066034e+01  2.000000e+00
   endloop
 endfacet
 facet normal  0.000000e+00  0.000000e+00  1.000000e+00
   outer loop
     vertex  5.077556e+01  2.848722e+01  2.000000e+00
     vertex  5.069919e+01  2.845044e+01  2.000000e+00
     vertex  5.077556e+01 -2.848722e+01  2.000000e+00
   endloop
 endfacet
 facet normal  0.000000e+00  0.000000e+00  1.000000e+00
   outer loop
     vertex  4.850702e+01  3.081303e+01  2.000000e+00
     vertex -4.846835e+01  3.073760e+01  2.000000e+00
     vertex  4.846835e+01  3.073760e+01  2.000000e+00
   endloop
 endfacet
 facet normal  0.000000e+00  0.000000e+00  1.000000e+00
   outer loop
     vertex  4.850702e+01  3.081303e+01  2.000000e+00
     vertex -4.854941e+01  3.088644e+01  2.000000e+00
     vertex -4.850702e+01  3.081303e+01  2.000000e+00
   endloop
 endfacet
 facet normal  0.000000e+00  0.000000e+00  1.000000e+00
   outer loop
     vertex  4.850702e+01  3.081303e+01  2.000000e+00
     vertex -4.850702e+01  3.081303e+01  2.000000e+00
     vertex -4.846835e+01  3.073760e+01  2.000000e+00
   endloop
 endfacet
 facet normal  0.000000e+00  0.000000e+00  1.000000e+00
   outer loop
     vertex  5.085000e+01  2.852776e+01  2.000000e+00
     vertex  5.077556e+01 -2.848722e+01  2.000000e+00
     vertex  5.085000e+01 -2.852776e+01  2.000000e+00
   endloop
 endfacet
 facet normal  0.000000e+00  0.000000e+00  1.000000e+00
   outer loop
     vertex  5.085000e+01  2.852776e+01  2.000000e+00
     vertex  5.077556e+01  2.848722e+01  2.000000e+00
     vertex  5.077556e+01 -2.848722e+01  2.000000e+00
   endloop
 endfacet
 facet normal  0.000000e+00  0.000000e+00  1.000000e+00
   outer loop
     vertex  4.854941e+01  3.088644e+01  2.000000e+00
     vertex -4.854941e+01  3.088644e+01  2.000000e+00
     vertex  4.850702e+01  3.081303e+01  2.000000e+00
   endloop
 endfacet
 facet normal  0.000000e+00  0.000000e+00  1.000000e+00
   outer loop
     vertex  5.092233e+01  2.857196e+01  2.000000e+00
     vertex  5.085000e+01 -2.852776e+01  2.000000e+00
     vertex  5.092233e+01 -2.857196e+01  2.000000e+00
   endloop
 endfacet
 facet normal  0.000000e+00  0.000000e+00  1.000000e+00
   outer loop
     vertex  5.092233e+01  2.857196e+01  2.000000e+00
     vertex  5.092233e+01 -2.857196e+01  2.000000e+00
     vertex  5.099236e+01 -2.861971e+01  2.000000e+00
   endloop
 endfacet
 facet normal  0.000000e+00  0.000000e+00  1.000000e+00
   outer loop
     vertex  5.092233e+01  2.857196e+01  2.000000e+00
     vertex  5.085000e+01  2.852776e+01  2.000000e+00
     vertex  5.085000e+01 -2.852776e+01  2.000000e+00
   endloop
 endfacet
 facet normal  0.000000e+00  0.000000e+00  1.000000e+00
   outer loop
     vertex  4.859539e+01  3.095764e+01  2.000000e+00
     vertex -4.854941e+01  3.088644e+01  2.000000e+00
     vertex  4.854941e+01  3.088644e+01  2.000000e+00
   endloop
 endfacet
 facet normal  0.000000e+00  0.000000e+00  1.000000e+00
   outer loop
     vertex  4.859539e+01  3.095764e+01  2.000000e+00
     vertex -4.864487e+01  3.102647e+01  2.000000e+00
     vertex -4.859539e+01  3.095764e+01  2.000000e+00
   endloop
 endfacet
 facet normal  0.000000e+00  0.000000e+00  1.000000e+00
   outer loop
     vertex  4.859539e+01  3.095764e+01  2.000000e+00
     vertex -4.859539e+01  3.095764e+01  2.000000e+00
     vertex -4.854941e+01  3.088644e+01  2.000000e+00
   endloop
 endfacet
 facet normal  0.000000e+00  0.000000e+00  1.000000e+00
   outer loop
     vertex  5.099236e+01  2.861971e+01  2.000000e+00
     vertex  5.092233e+01  2.857196e+01  2.000000e+00
     vertex  5.099236e+01 -2.861971e+01  2.000000e+00
   endloop
 endfacet
 facet normal  0.000000e+00  0.000000e+00  1.000000e+00
   outer loop
     vertex  5.099236e+01  2.861971e+01  2.000000e+00
     vertex  5.099236e+01 -2.861971e+01  2.000000e+00
     vertex  5.105993e+01 -2.867089e+01  2.000000e+00
   endloop
 endfacet
 facet normal  0.000000e+00  0.000000e+00  1.000000e+00
   outer loop
     vertex  4.864487e+01  3.102647e+01  2.000000e+00
     vertex -4.864487e+01  3.102647e+01  2.000000e+00
     vertex  4.859539e+01  3.095764e+01  2.000000e+00
   endloop
 endfacet
 facet normal  0.000000e+00  0.000000e+00  1.000000e+00
   outer loop
     vertex  5.105993e+01  2.867089e+01  2.000000e+00
     vertex  5.099236e+01  2.861971e+01  2.000000e+00
     vertex  5.105993e+01 -2.867089e+01  2.000000e+00
   endloop
 endfacet
 facet normal  0.000000e+00  0.000000e+00  1.000000e+00
   outer loop
     vertex  4.869772e+01  3.109274e+01  2.000000e+00
     vertex -4.869772e+01  3.109274e+01  2.000000e+00
     vertex -4.864487e+01  3.102647e+01  2.000000e+00
   endloop
 endfacet
 facet normal  0.000000e+00  0.000000e+00  1.000000e+00
   outer loop
     vertex  4.869772e+01  3.109274e+01  2.000000e+00
     vertex -4.864487e+01  3.102647e+01  2.000000e+00
     vertex  4.864487e+01  3.102647e+01  2.000000e+00
   endloop
 endfacet
 facet normal  0.000000e+00  0.000000e+00  1.000000e+00
   outer loop
     vertex  5.112487e+01  2.872537e+01  2.000000e+00
     vertex  5.105993e+01 -2.867089e+01  2.000000e+00
     vertex  5.112487e+01 -2.872537e+01  2.000000e+00
   endloop
 endfacet
 facet normal  0.000000e+00  0.000000e+00  1.000000e+00
   outer loop
     vertex  5.112487e+01  2.872537e+01  2.000000e+00
     vertex  5.105993e+01  2.867089e+01  2.000000e+00
     vertex  5.105993e+01 -2.867089e+01  2.000000e+00
   endloop
 endfacet
 facet normal  0.000000e+00  0.000000e+00  1.000000e+00
   outer loop
     vertex  4.875381e+01  3.115629e+01  2.000000e+00
     vertex -4.881300e+01  3.121697e+01  2.000000e+00
     vertex -4.875381e+01  3.115629e+01  2.000000e+00
   endloop
 endfacet
 facet normal  0.000000e+00  0.000000e+00  1.000000e+00
   outer loop
     vertex  4.875381e+01  3.115629e+01  2.000000e+00
     vertex -4.875381e+01  3.115629e+01  2.000000e+00
     vertex -4.869772e+01  3.109274e+01  2.000000e+00
   endloop
 endfacet
 facet normal  0.000000e+00  0.000000e+00  1.000000e+00
   outer loop
     vertex  4.875381e+01  3.115629e+01  2.000000e+00
     vertex -4.869772e+01  3.109274e+01  2.000000e+00
     vertex  4.869772e+01  3.109274e+01  2.000000e+00
   endloop
 endfacet
 facet normal  0.000000e+00  0.000000e+00  1.000000e+00
   outer loop
     vertex  5.118700e+01  2.878303e+01  2.000000e+00
     vertex  5.112487e+01 -2.872537e+01  2.000000e+00
     vertex  5.118700e+01 -2.878303e+01  2.000000e+00
   endloop
 endfacet
 facet normal  0.000000e+00  0.000000e+00  1.000000e+00
   outer loop
     vertex  5.118700e+01  2.878303e+01  2.000000e+00
     vertex  5.112487e+01  2.872537e+01  2.000000e+00
     vertex  5.112487e+01 -2.872537e+01  2.000000e+00
   endloop
 endfacet
 facet normal  0.000000e+00  0.000000e+00  1.000000e+00
   outer loop
     vertex  4.881300e+01  3.121697e+01  2.000000e+00
     vertex -4.881300e+01  3.121697e+01  2.000000e+00
     vertex  4.875381e+01  3.115629e+01  2.000000e+00
   endloop
 endfacet
 facet normal  0.000000e+00  0.000000e+00  1.000000e+00
   outer loop
     vertex  5.124619e+01  2.884371e+01  2.000000e+00
     vertex  5.118700e+01 -2.878303e+01  2.000000e+00
     vertex  5.124619e+01 -2.884371e+01  2.000000e+00
   endloop
 endfacet
 facet normal  0.000000e+00  0.000000e+00  1.000000e+00
   outer loop
     vertex  5.124619e+01  2.884371e+01  2.000000e+00
     vertex  5.118700e+01  2.878303e+01  2.000000e+00
     vertex  5.118700e+01 -2.878303e+01  2.000000e+00
   endloop
 endfacet
 facet normal  0.000000e+00  0.000000e+00  1.000000e+00
   outer loop
     vertex  5.130228e+01  2.890726e+01  2.000000e+00
     vertex  5.124619e+01 -2.884371e+01  2.000000e+00
     vertex  5.130228e+01 -2.890726e+01  2.000000e+00
   endloop
 endfacet
 facet normal  0.000000e+00  0.000000e+00  1.000000e+00
   outer loop
     vertex  5.130228e+01  2.890726e+01  2.000000e+00
     vertex  5.124619e+01  2.884371e+01  2.000000e+00
     vertex  5.124619e+01 -2.884371e+01  2.000000e+00
   endloop
 endfacet
 facet normal  0.000000e+00  0.000000e+00  1.000000e+00
   outer loop
     vertex  5.135513e+01  2.897353e+01  2.000000e+00
     vertex  5.130228e+01 -2.890726e+01  2.000000e+00
     vertex  5.135513e+01 -2.897353e+01  2.000000e+00
   endloop
 endfacet
 facet normal  0.000000e+00  0.000000e+00  1.000000e+00
   outer loop
     vertex  5.135513e+01  2.897353e+01  2.000000e+00
     vertex  5.130228e+01  2.890726e+01  2.000000e+00
     vertex  5.130228e+01 -2.890726e+01  2.000000e+00
   endloop
 endfacet
 facet normal  0.000000e+00  0.000000e+00  1.000000e+00
   outer loop
     vertex  5.140461e+01  2.904236e+01  2.000000e+00
     vertex  5.135513e+01 -2.897353e+01  2.000000e+00
     vertex  5.140461e+01 -2.904236e+01  2.000000e+00
   endloop
 endfacet
 facet normal  0.000000e+00  0.000000e+00  1.000000e+00
   outer loop
     vertex  5.140461e+01  2.904236e+01  2.000000e+00
     vertex  5.135513e+01  2.897353e+01  2.000000e+00
     vertex  5.135513e+01 -2.897353e+01  2.000000e+00
   endloop
 endfacet
 facet normal  0.000000e+00  0.000000e+00  1.000000e+00
   outer loop
     vertex  5.145059e+01  2.911356e+01  2.000000e+00
     vertex  5.140461e+01 -2.904236e+01  2.000000e+00
     vertex  5.145059e+01 -2.911356e+01  2.000000e+00
   endloop
 endfacet
 facet normal  0.000000e+00  0.000000e+00  1.000000e+00
   outer loop
     vertex  5.145059e+01  2.911356e+01  2.000000e+00
     vertex  5.145059e+01 -2.911356e+01  2.000000e+00
     vertex  5.800000e+01 -3.800000e+01  2.000000e+00
   endloop
 endfacet
 facet normal  0.000000e+00  0.000000e+00  1.000000e+00
   outer loop
     vertex  5.145059e+01  2.911356e+01  2.000000e+00
     vertex  5.140461e+01  2.904236e+01  2.000000e+00
     vertex  5.140461e+01 -2.904236e+01  2.000000e+00
   endloop
 endfacet
 facet normal  0.000000e+00  0.000000e+00  1.000000e+00
   outer loop
     vertex  5.800000e+01  3.800000e+01  2.000000e+00
     vertex  5.166629e+01  3.033685e+01  2.000000e+00
     vertex  5.168101e+01  3.025337e+01  2.000000e+00
   endloop
 endfacet
 facet normal  0.000000e+00  0.000000e+00  1.000000e+00
   outer loop
     vertex  5.800000e+01  3.800000e+01  2.000000e+00
     vertex  5.168101e+01  3.025337e+01  2.000000e+00
     vertex  5.169155e+01  3.016927e+01  2.000000e+00
   endloop
 endfacet
 facet normal  0.000000e+00  0.000000e+00  1.000000e+00
   outer loop
     vertex  5.800000e+01  3.800000e+01  2.000000e+00
     vertex  5.169155e+01  3.016927e+01  2.000000e+00
     vertex  5.169789e+01  3.008474e+01  2.000000e+00
   endloop
 endfacet
 facet normal  0.000000e+00  0.000000e+00  1.000000e+00
   outer loop
     vertex  5.800000e+01  3.800000e+01  2.000000e+00
     vertex  5.169789e+01  3.008474e+01  2.000000e+00
     vertex  5.170000e+01  3.000000e+01  2.000000e+00
   endloop
 endfacet
 facet normal  0.000000e+00  0.000000e+00  1.000000e+00
   outer loop
     vertex  5.800000e+01  3.800000e+01  2.000000e+00
     vertex  4.907767e+01  3.142804e+01  2.000000e+00
     vertex  4.915000e+01  3.147224e+01  2.000000e+00
   endloop
 endfacet
 facet normal  0.000000e+00  0.000000e+00  1.000000e+00
   outer loop
     vertex  5.800000e+01  3.800000e+01  2.000000e+00
     vertex  4.915000e+01  3.147224e+01  2.000000e+00
     vertex  4.922444e+01  3.151278e+01  2.000000e+00
   endloop
 endfacet
 facet normal  0.000000e+00  0.000000e+00  1.000000e+00
   outer loop
     vertex  5.800000e+01  3.800000e+01  2.000000e+00
     vertex  4.922444e+01  3.151278e+01  2.000000e+00
     vertex  4.930081e+01  3.154956e+01  2.000000e+00
   endloop
 endfacet
 facet normal  0.000000e+00  0.000000e+00  1.000000e+00
   outer loop
     vertex  5.800000e+01  3.800000e+01  2.000000e+00
     vertex  4.930081e+01  3.154956e+01  2.000000e+00
     vertex  4.937892e+01  3.158249e+01  2.000000e+00
   endloop
 endfacet
 facet normal  0.000000e+00  0.000000e+00  1.000000e+00
   outer loop
     vertex  5.800000e+01  3.800000e+01  2.000000e+00
     vertex  4.937892e+01  3.158249e+01  2.000000e+00
     vertex  4.945857e+01  3.161148e+01  2.000000e+00
   endloop
 endfacet
 facet normal  0.000000e+00  0.000000e+00  1.000000e+00
   outer loop
     vertex  5.800000e+01  3.800000e+01  2.000000e+00
     vertex  4.945857e+01  3.161148e+01  2.000000e+00
     vertex  4.953957e+01  3.163646e+01  2.000000e+00
   endloop
 endfacet
 facet normal  0.000000e+00  0.000000e+00  1.000000e+00
   outer loop
     vertex  5.800000e+01  3.800000e+01  2.000000e+00
     vertex  4.953957e+01  3.163646e+01  2.000000e+00
     vertex  4.962171e+01  3.165738e+01  2.000000e+00
   endloop
 endfacet
 facet normal  0.000000e+00  0.000000e+00  1.000000e+00
   outer loop
     vertex  5.800000e+01  3.800000e+01  2.000000e+00
     vertex  4.962171e+01  3.165738e+01  2.000000e+00
     vertex  4.970480e+01  3.167417e+01  2.000000e+00
   endloop
 endfacet
 facet normal  0.000000e+00  0.000000e+00  1.000000e+00
   outer loop
     vertex  5.800000e+01  3.800000e+01  2.000000e+00
     vertex  4.970480e+01  3.167417e+01  2.000000e+00
     vertex  4.978862e+01  3.168681e+01  2.000000e+00
   endloop
 endfacet
 facet normal  0.000000e+00  0.000000e+00  1.000000e+00
   outer loop
     vertex  5.800000e+01  3.800000e+01  2.000000e+00
     vertex  4.978862e+01  3.168681e+01  2.000000e+00
     vertex  4.987296e+01  3.169525e+01  2.000000e+00
   endloop
 endfacet
 facet normal  0.000000e+00  0.000000e+00  1.000000e+00
   outer loop
     vertex  5.800000e+01  3.800000e+01  2.000000e+00
     vertex  4.987296e+01  3.169525e+01  2.000000e+00
     vertex  4.995762e+01  3.169947e+01  2.000000e+00
   endloop
 endfacet
 facet normal  0.000000e+00  0.000000e+00  1.000000e+00
   outer loop
     vertex  5.800000e+01  3.800000e+01  2.000000e+00
     vertex  4.995762e+01  3.169947e+01  2.000000e+00
     vertex  5.004238e+01  3.169947e+01  2.000000e+00
   endloop
 endfacet
 facet normal  0.000000e+00  0.000000e+00  1.000000e+00
   outer loop
     vertex  5.800000e+01  3.800000e+01  2.000000e+00
     vertex  5.004238e+01  3.169947e+01  2.000000e+00
     vertex  5.012704e+01  3.169525e+01  2.000000e+00
   endloop
 endfacet
 facet normal  0.000000e+00  0.000000e+00  1.000000e+00
   outer loop
     vertex  5.800000e+01  3.800000e+01  2.000000e+00
     vertex  5.012704e+01  3.169525e+01  2.000000e+00
     vertex  5.021138e+01  3.168681e+01  2.000000e+00
   endloop
 endfacet
 facet normal  0.000000e+00  0.000000e+00  1.000000e+00
   outer loop
     vertex  5.800000e+01  3.800000e+01  2.000000e+00
     vertex  5.021138e+01  3.168681e+01  2.000000e+00
     vertex  5.029520e+01  3.167417e+01  2.000000e+00
   endloop
 endfacet
 facet normal  0.000000e+00  0.000000e+00  1.000000e+00
   outer loop
     vertex  5.800000e+01  3.800000e+01  2.000000e+00
     vertex  5.029520e+01  3.167417e+01  2.000000e+00
     vertex  5.037829e+01  3.165738e+01  2.000000e+00
   endloop
 endfacet
 facet normal  0.000000e+00  0.000000e+00  1.000000e+00
   outer loop
     vertex  5.800000e+01  3.800000e+01  2.000000e+00
     vertex  5.037829e+01  3.165738e+01  2.000000e+00
     vertex  5.046043e+01  3.163646e+01  2.000000e+00
   endloop
 endfacet
 facet normal  0.000000e+00  0.000000e+00  1.000000e+00
   outer loop
     vertex  5.800000e+01  3.800000e+01  2.000000e+00
     vertex  5.046043e+01  3.163646e+01  2.000000e+00
     vertex  5.054143e+01  3.161148e+01  2.000000e+00
   endloop
 endfacet
 facet normal  0.000000e+00  0.000000e+00  1.000000e+00
   outer loop
     vertex  5.800000e+01  3.800000e+01  2.000000e+00
     vertex  5.170000e+01  3.000000e+01  2.000000e+00
     vertex  5.169789e+01  2.991526e+01  2.000000e+00
   endloop
 endfacet
 facet normal  0.000000e+00  0.000000e+00  1.000000e+00
   outer loop
     vertex  5.800000e+01  3.800000e+01  2.000000e+00
     vertex  5.054143e+01  3.161148e+01  2.000000e+00
     vertex  5.062108e+01  3.158249e+01  2.000000e+00
   endloop
 endfacet
 facet normal  0.000000e+00  0.000000e+00  1.000000e+00
   outer loop
     vertex  5.800000e+01  3.800000e+01  2.000000e+00
     vertex  5.169789e+01  2.991526e+01  2.000000e+00
     vertex  5.169155e+01  2.983073e+01  2.000000e+00
   endloop
 endfacet
 facet normal  0.000000e+00  0.000000e+00  1.000000e+00
   outer loop
     vertex  5.800000e+01  3.800000e+01  2.000000e+00
     vertex  5.062108e+01  3.158249e+01  2.000000e+00
     vertex  5.069919e+01  3.154956e+01  2.000000e+00
   endloop
 endfacet
 facet normal  0.000000e+00  0.000000e+00  1.000000e+00
   outer loop
     vertex  5.800000e+01  3.800000e+01  2.000000e+00
     vertex  5.169155e+01  2.983073e+01  2.000000e+00
     vertex  5.168101e+01  2.974663e+01  2.000000e+00
   endloop
 endfacet
 facet normal  0.000000e+00  0.000000e+00  1.000000e+00
   outer loop
     vertex  5.800000e+01  3.800000e+01  2.000000e+00
     vertex  5.069919e+01  3.154956e+01  2.000000e+00
     vertex  5.077556e+01  3.151278e+01  2.000000e+00
   endloop
 endfacet
 facet normal  0.000000e+00  0.000000e+00  1.000000e+00
   outer loop
     vertex  5.800000e+01  3.800000e+01  2.000000e+00
     vertex  5.168101e+01  2.974663e+01  2.000000e+00
     vertex  5.166629e+01  2.966315e+01  2.000000e+00
   endloop
 endfacet
 facet normal  0.000000e+00  0.000000e+00  1.000000e+00
   outer loop
     vertex  5.800000e+01  3.800000e+01  2.000000e+00
     vertex  5.077556e+01  3.151278e+01  2.000000e+00
     vertex  5.085000e+01  3.147224e+01  2.000000e+00
   endloop
 endfacet
 facet normal  0.000000e+00  0.000000e+00  1.000000e+00
   outer loop
     vertex  5.800000e+01  3.800000e+01  2.000000e+00
     vertex  5.166629e+01  2.966315e+01  2.000000e+00
     vertex  5.164743e+01  2.958051e+01  2.000000e+00
   endloop
 endfacet
 facet normal  0.000000e+00  0.000000e+00  1.000000e+00
   outer loop
     vertex  5.800000e+01  3.800000e+01  2.000000e+00
     vertex  5.085000e+01  3.147224e+01  2.000000e+00
     vertex  5.092233e+01  3.142804e+01  2.000000e+00
   endloop
 endfacet
 facet normal  0.000000e+00  0.000000e+00  1.000000e+00
   outer loop
     vertex  5.800000e+01  3.800000e+01  2.000000e+00
     vertex  5.164743e+01  2.958051e+01  2.000000e+00
     vertex  5.162447e+01  2.949892e+01  2.000000e+00
   endloop
 endfacet
 facet normal  0.000000e+00  0.000000e+00  1.000000e+00
   outer loop
     vertex  5.800000e+01  3.800000e+01  2.000000e+00
     vertex  5.092233e+01  3.142804e+01  2.000000e+00
     vertex  5.099236e+01  3.138029e+01  2.000000e+00
   endloop
 endfacet
 facet normal  0.000000e+00  0.000000e+00  1.000000e+00
   outer loop
     vertex  5.800000e+01  3.800000e+01  2.000000e+00
     vertex  5.162447e+01  2.949892e+01  2.000000e+00
     vertex  5.159748e+01  2.941857e+01  2.000000e+00
   endloop
 endfacet
 facet normal  0.000000e+00  0.000000e+00  1.000000e+00
   outer loop
     vertex  5.800000e+01  3.800000e+01  2.000000e+00
     vertex  5.099236e+01  3.138029e+01  2.000000e+00
     vertex  5.105993e+01  3.132911e+01  2.000000e+00
   endloop
 endfacet
 facet normal  0.000000e+00  0.000000e+00  1.000000e+00
   outer loop
     vertex  5.800000e+01  3.800000e+01  2.000000e+00
     vertex  5.159748e+01  2.941857e+01  2.000000e+00
     vertex  5.156651e+01  2.933966e+01  2.000000e+00
   endloop
 endfacet
 facet normal  0.000000e+00  0.000000e+00  1.000000e+00
   outer loop
     vertex  5.800000e+01  3.800000e+01  2.000000e+00
     vertex  5.105993e+01  3.132911e+01  2.000000e+00
     vertex  5.112487e+01  3.127463e+01  2.000000e+00
   endloop
 endfacet
 facet normal  0.000000e+00  0.000000e+00  1.000000e+00
   outer loop
     vertex  5.800000e+01  3.800000e+01  2.000000e+00
     vertex  5.156651e+01  2.933966e+01  2.000000e+00
     vertex  5.153165e+01  2.926240e+01  2.000000e+00
   endloop
 endfacet
 facet normal  0.000000e+00  0.000000e+00  1.000000e+00
   outer loop
     vertex  5.800000e+01  3.800000e+01  2.000000e+00
     vertex  5.112487e+01  3.127463e+01  2.000000e+00
     vertex  5.118700e+01  3.121697e+01  2.000000e+00
   endloop
 endfacet
 facet normal  0.000000e+00  0.000000e+00  1.000000e+00
   outer loop
     vertex  5.800000e+01  3.800000e+01  2.000000e+00
     vertex  5.153165e+01  2.926240e+01  2.000000e+00
     vertex  5.149298e+01  2.918697e+01  2.000000e+00
   endloop
 endfacet
 facet normal  0.000000e+00  0.000000e+00  1.000000e+00
   outer loop
     vertex  5.800000e+01  3.800000e+01  2.000000e+00
     vertex  5.118700e+01  3.121697e+01  2.000000e+00
     vertex  5.124619e+01  3.115629e+01  2.000000e+00
   endloop
 endfacet
 facet normal  0.000000e+00  0.000000e+00  1.000000e+00
   outer loop
     vertex  5.800000e+01  3.800000e+01  2.000000e+00
     vertex  5.149298e+01  2.918697e+01  2.000000e+00
     vertex  5.145059e+01  2.911356e+01  2.000000e+00
   endloop
 endfacet
 facet normal  0.000000e+00  0.000000e+00  1.000000e+00
   outer loop
     vertex  5.800000e+01  3.800000e+01  2.000000e+00
     vertex  5.124619e+01  3.115629e+01  2.000000e+00
     vertex  5.130228e+01  3.109274e+01  2.000000e+00
   endloop
 endfacet
 facet normal  0.000000e+00  0.000000e+00  1.000000e+00
   outer loop
     vertex  5.800000e+01  3.800000e+01  2.000000e+00
     vertex  5.130228e+01  3.109274e+01  2.000000e+00
     vertex  5.135513e+01  3.102647e+01  2.000000e+00
   endloop
 endfacet
 facet normal  0.000000e+00  0.000000e+00  1.000000e+00
   outer loop
     vertex  5.800000e+01  3.800000e+01  2.000000e+00
     vertex  5.145059e+01  2.911356e+01  2.000000e+00
     vertex  5.800000e+01 -3.800000e+01  2.000000e+00
   endloop
 endfacet
 facet normal  0.000000e+00  0.000000e+00  1.000000e+00
   outer loop
     vertex  5.800000e+01  3.800000e+01  2.000000e+00
     vertex  5.135513e+01  3.102647e+01  2.000000e+00
     vertex  5.140461e+01  3.095764e+01  2.000000e+00
   endloop
 endfacet
 facet normal  0.000000e+00  0.000000e+00  1.000000e+00
   outer loop
     vertex  5.800000e+01  3.800000e+01  2.000000e+00
     vertex  5.140461e+01  3.095764e+01  2.000000e+00
     vertex  5.145059e+01  3.088644e+01  2.000000e+00
   endloop
 endfacet
 facet normal  0.000000e+00  0.000000e+00  1.000000e+00
   outer loop
     vertex  5.800000e+01  3.800000e+01  2.000000e+00
     vertex  5.145059e+01  3.088644e+01  2.000000e+00
     vertex  5.149298e+01  3.081303e+01  2.000000e+00
   endloop
 endfacet
 facet normal  0.000000e+00  0.000000e+00  1.000000e+00
   outer loop
     vertex  5.800000e+01  3.800000e+01  2.000000e+00
     vertex  5.149298e+01  3.081303e+01  2.000000e+00
     vertex  5.153165e+01  3.073760e+01  2.000000e+00
   endloop
 endfacet
 facet normal  0.000000e+00  0.000000e+00  1.000000e+00
   outer loop
     vertex  5.800000e+01  3.800000e+01  2.000000e+00
     vertex  5.153165e+01  3.073760e+01  2.000000e+00
     vertex  5.156651e+01  3.066034e+01  2.000000e+00
   endloop
 endfacet
 facet normal  0.000000e+00  0.000000e+00  1.000000e+00
   outer loop
     vertex  5.800000e+01  3.800000e+01  2.000000e+00
     vertex  5.156651e+01  3.066034e+01  2.000000e+00
     vertex  5.159748e+01  3.058143e+01  2.000000e+00
   endloop
 endfacet
 facet normal  0.000000e+00  0.000000e+00  1.000000e+00
   outer loop
     vertex  5.800000e+01  3.800000e+01  2.000000e+00
     vertex  5.159748e+01  3.058143e+01  2.000000e+00
     vertex  5.162447e+01  3.050108e+01  2.000000e+00
   endloop
 endfacet
 facet normal  0.000000e+00  0.000000e+00  1.000000e+00
   outer loop
     vertex  5.800000e+01  3.800000e+01  2.000000e+00
     vertex  5.162447e+01  3.050108e+01  2.000000e+00
     vertex  5.164743e+01  3.041949e+01  2.000000e+00
   endloop
 endfacet
 facet normal  0.000000e+00  0.000000e+00  1.000000e+00
   outer loop
     vertex  5.800000e+01  3.800000e+01  2.000000e+00
     vertex  5.164743e+01  3.041949e+01  2.000000e+00
     vertex  5.166629e+01  3.033685e+01  2.000000e+00
   endloop
 endfacet
 facet normal  0.000000e+00  0.000000e+00  1.000000e+00
   outer loop
     vertex  5.800000e+01  3.800000e+01  2.000000e+00
     vertex -5.800000e+01  3.800000e+01  2.000000e+00
     vertex  4.907767e+01  3.142804e+01  2.000000e+00
   endloop
 endfacet
 facet normal  0.000000e+00  0.000000e+00  1.000000e+00
   outer loop
     vertex  4.907767e+01  3.142804e+01  2.000000e+00
     vertex -5.800000e+01  3.800000e+01  2.000000e+00
     vertex  4.900764e+01  3.138029e+01  2.000000e+00
   endloop
 endfacet
 facet normal  0.000000e+00  0.000000e+00  1.000000e+00
   outer loop
     vertex  4.900764e+01  3.138029e+01  2.000000e+00
     vertex -5.800000e+01  3.800000e+01  2.000000e+00
     vertex  4.894007e+01  3.132911e+01  2.000000e+00
   endloop
 endfacet
 facet normal  0.000000e+00  0.000000e+00  1.000000e+00
   outer loop
     vertex  4.894007e+01  3.132911e+01  2.000000e+00
     vertex -5.800000e+01  3.800000e+01  2.000000e+00
     vertex  4.887513e+01  3.127463e+01  2.000000e+00
   endloop
 endfacet
 facet normal  0.000000e+00  0.000000e+00  1.000000e+00
   outer loop
     vertex  4.887513e+01  3.127463e+01  2.000000e+00
     vertex -5.800000e+01  3.800000e+01  2.000000e+00
     vertex  4.881300e+01  3.121697e+01  2.000000e+00
   endloop
 endfacet
 facet normal  0.000000e+00  0.000000e+00  1.000000e+00
   outer loop
     vertex  4.881300e+01  3.121697e+01  2.000000e+00
     vertex -5.800000e+01  3.800000e+01  2.000000e+00
     vertex -4.907767e+01  3.142804e+01  2.000000e+00
   endloop
 endfacet
 facet normal  0.000000e+00  0.000000e+00  1.000000e+00
   outer loop
     vertex  4.881300e+01  3.121697e+01  2.000000e+00
     vertex -4.907767e+01  3.142804e+01  2.000000e+00
     vertex -4.900764e+01  3.138029e+01  2.000000e+00
   endloop
 endfacet
 facet normal  0.000000e+00  0.000000e+00  1.000000e+00
   outer loop
     vertex  4.881300e+01  3.121697e+01  2.000000e+00
     vertex -4.900764e+01  3.138029e+01  2.000000e+00
     vertex -4.894007e+01  3.132911e+01  2.000000e+00
   endloop
 endfacet
 facet normal  0.000000e+00  0.000000e+00  1.000000e+00
   outer loop
     vertex  4.881300e+01  3.121697e+01  2.000000e+00
     vertex -4.894007e+01  3.132911e+01  2.000000e+00
     vertex -4.887513e+01  3.127463e+01  2.000000e+00
   endloop
 endfacet
 facet normal  0.000000e+00  0.000000e+00  1.000000e+00
   outer loop
     vertex  4.881300e+01  3.121697e+01  2.000000e+00
     vertex -4.887513e+01  3.127463e+01  2.000000e+00
     vertex -4.881300e+01  3.121697e+01  2.000000e+00
   endloop
 endfacet
endsolid
